ISO-10303-21;
HEADER;
/* Generated by software containing ST-Developer
 * from STEP Tools, Inc. (www.steptools.com) 
 */

FILE_DESCRIPTION(
/* description */ ('Unknown'),
/* implementation_level */ '2;1');

FILE_NAME(
/* name */ 'RM8S.step',
/* time_stamp */ '2026-09-23T21:10:13+10:00',
/* author */ (''),
/* organization */ (''),
/* preprocessor_version */ 'ST-DEVELOPER v20.2',
/* originating_system */ 'Autodesk Translation Framework v15.15.0.0',
/* authorisation */ '');

FILE_SCHEMA (('AUTOMOTIVE_DESIGN { 1 0 10303 214 3 1 1 }'));
ENDSEC;

DATA;
#10=MECHANICAL_DESIGN_GEOMETRIC_PRESENTATION_REPRESENTATION('',(#97,#98,
#99,#100),#6084);
#11=ITEM_DEFINED_TRANSFORMATION($,$,#3538,#3902);
#12=ITEM_DEFINED_TRANSFORMATION($,$,#3660,#3903);
#13=ITEM_DEFINED_TRANSFORMATION($,$,#3770,#3904);
#14=ITEM_DEFINED_TRANSFORMATION($,$,#3895,#3905);
#15=ITEM_DEFINED_TRANSFORMATION($,$,#3660,#3906);
#16=ITEM_DEFINED_TRANSFORMATION($,$,#3770,#3907);
#17=ITEM_DEFINED_TRANSFORMATION($,$,#3895,#3908);
#18=ITEM_DEFINED_TRANSFORMATION($,$,#3895,#3909);
#19=ITEM_DEFINED_TRANSFORMATION($,$,#3895,#3910);
#20=ITEM_DEFINED_TRANSFORMATION($,$,#3895,#3911);
#21=ITEM_DEFINED_TRANSFORMATION($,$,#3895,#3912);
#22=ITEM_DEFINED_TRANSFORMATION($,$,#3895,#3913);
#23=ITEM_DEFINED_TRANSFORMATION($,$,#3895,#3914);
#24=ITEM_DEFINED_TRANSFORMATION($,$,#3895,#3915);
#25=ITEM_DEFINED_TRANSFORMATION($,$,#3895,#3916);
#26=ITEM_DEFINED_TRANSFORMATION($,$,#3895,#3917);
#27=ITEM_DEFINED_TRANSFORMATION($,$,#3895,#3918);
#28=(
REPRESENTATION_RELATIONSHIP($,$,#6117,#6116)
REPRESENTATION_RELATIONSHIP_WITH_TRANSFORMATION(#11)
SHAPE_REPRESENTATION_RELATIONSHIP()
);
#29=(
REPRESENTATION_RELATIONSHIP($,$,#6118,#6116)
REPRESENTATION_RELATIONSHIP_WITH_TRANSFORMATION(#12)
SHAPE_REPRESENTATION_RELATIONSHIP()
);
#30=(
REPRESENTATION_RELATIONSHIP($,$,#6119,#6116)
REPRESENTATION_RELATIONSHIP_WITH_TRANSFORMATION(#13)
SHAPE_REPRESENTATION_RELATIONSHIP()
);
#31=(
REPRESENTATION_RELATIONSHIP($,$,#6120,#6116)
REPRESENTATION_RELATIONSHIP_WITH_TRANSFORMATION(#14)
SHAPE_REPRESENTATION_RELATIONSHIP()
);
#32=(
REPRESENTATION_RELATIONSHIP($,$,#6118,#6116)
REPRESENTATION_RELATIONSHIP_WITH_TRANSFORMATION(#15)
SHAPE_REPRESENTATION_RELATIONSHIP()
);
#33=(
REPRESENTATION_RELATIONSHIP($,$,#6119,#6116)
REPRESENTATION_RELATIONSHIP_WITH_TRANSFORMATION(#16)
SHAPE_REPRESENTATION_RELATIONSHIP()
);
#34=(
REPRESENTATION_RELATIONSHIP($,$,#6120,#6116)
REPRESENTATION_RELATIONSHIP_WITH_TRANSFORMATION(#17)
SHAPE_REPRESENTATION_RELATIONSHIP()
);
#35=(
REPRESENTATION_RELATIONSHIP($,$,#6120,#6116)
REPRESENTATION_RELATIONSHIP_WITH_TRANSFORMATION(#18)
SHAPE_REPRESENTATION_RELATIONSHIP()
);
#36=(
REPRESENTATION_RELATIONSHIP($,$,#6120,#6116)
REPRESENTATION_RELATIONSHIP_WITH_TRANSFORMATION(#19)
SHAPE_REPRESENTATION_RELATIONSHIP()
);
#37=(
REPRESENTATION_RELATIONSHIP($,$,#6120,#6116)
REPRESENTATION_RELATIONSHIP_WITH_TRANSFORMATION(#20)
SHAPE_REPRESENTATION_RELATIONSHIP()
);
#38=(
REPRESENTATION_RELATIONSHIP($,$,#6120,#6116)
REPRESENTATION_RELATIONSHIP_WITH_TRANSFORMATION(#21)
SHAPE_REPRESENTATION_RELATIONSHIP()
);
#39=(
REPRESENTATION_RELATIONSHIP($,$,#6120,#6116)
REPRESENTATION_RELATIONSHIP_WITH_TRANSFORMATION(#22)
SHAPE_REPRESENTATION_RELATIONSHIP()
);
#40=(
REPRESENTATION_RELATIONSHIP($,$,#6120,#6116)
REPRESENTATION_RELATIONSHIP_WITH_TRANSFORMATION(#23)
SHAPE_REPRESENTATION_RELATIONSHIP()
);
#41=(
REPRESENTATION_RELATIONSHIP($,$,#6120,#6116)
REPRESENTATION_RELATIONSHIP_WITH_TRANSFORMATION(#24)
SHAPE_REPRESENTATION_RELATIONSHIP()
);
#42=(
REPRESENTATION_RELATIONSHIP($,$,#6120,#6116)
REPRESENTATION_RELATIONSHIP_WITH_TRANSFORMATION(#25)
SHAPE_REPRESENTATION_RELATIONSHIP()
);
#43=(
REPRESENTATION_RELATIONSHIP($,$,#6120,#6116)
REPRESENTATION_RELATIONSHIP_WITH_TRANSFORMATION(#26)
SHAPE_REPRESENTATION_RELATIONSHIP()
);
#44=(
REPRESENTATION_RELATIONSHIP($,$,#6120,#6116)
REPRESENTATION_RELATIONSHIP_WITH_TRANSFORMATION(#27)
SHAPE_REPRESENTATION_RELATIONSHIP()
);
#45=CONTEXT_DEPENDENT_SHAPE_REPRESENTATION(#28,#6099);
#46=CONTEXT_DEPENDENT_SHAPE_REPRESENTATION(#29,#6100);
#47=CONTEXT_DEPENDENT_SHAPE_REPRESENTATION(#30,#6101);
#48=CONTEXT_DEPENDENT_SHAPE_REPRESENTATION(#31,#6102);
#49=CONTEXT_DEPENDENT_SHAPE_REPRESENTATION(#32,#6103);
#50=CONTEXT_DEPENDENT_SHAPE_REPRESENTATION(#33,#6104);
#51=CONTEXT_DEPENDENT_SHAPE_REPRESENTATION(#34,#6105);
#52=CONTEXT_DEPENDENT_SHAPE_REPRESENTATION(#35,#6106);
#53=CONTEXT_DEPENDENT_SHAPE_REPRESENTATION(#36,#6107);
#54=CONTEXT_DEPENDENT_SHAPE_REPRESENTATION(#37,#6108);
#55=CONTEXT_DEPENDENT_SHAPE_REPRESENTATION(#38,#6109);
#56=CONTEXT_DEPENDENT_SHAPE_REPRESENTATION(#39,#6110);
#57=CONTEXT_DEPENDENT_SHAPE_REPRESENTATION(#40,#6111);
#58=CONTEXT_DEPENDENT_SHAPE_REPRESENTATION(#41,#6112);
#59=CONTEXT_DEPENDENT_SHAPE_REPRESENTATION(#42,#6113);
#60=CONTEXT_DEPENDENT_SHAPE_REPRESENTATION(#43,#6114);
#61=CONTEXT_DEPENDENT_SHAPE_REPRESENTATION(#44,#6115);
#62=NEXT_ASSEMBLY_USAGE_OCCURRENCE('RM8_bobbin:1','RM8_bobbin:1',
'RM8_bobbin:1',#6122,#6123,'RM8_bobbin:1');
#63=NEXT_ASSEMBLY_USAGE_OCCURRENCE('RM8_ferrite_B:1','RM8_ferrite_B:1',
'RM8_ferrite_B:1',#6122,#6124,'RM8_ferrite_B:1');
#64=NEXT_ASSEMBLY_USAGE_OCCURRENCE('RM8_clip:1','RM8_clip:1',
'RM8_clip:1',#6122,#6125,'RM8_clip:1');
#65=NEXT_ASSEMBLY_USAGE_OCCURRENCE('RM8_pin:1','RM8_pin:1','RM8_pin:1',
#6122,#6126,'RM8_pin:1');
#66=NEXT_ASSEMBLY_USAGE_OCCURRENCE('RM8_ferrite_B:2','RM8_ferrite_B:2',
'RM8_ferrite_B:2',#6122,#6124,'RM8_ferrite_B:2');
#67=NEXT_ASSEMBLY_USAGE_OCCURRENCE('RM8_clip:2','RM8_clip:2',
'RM8_clip:2',#6122,#6125,'RM8_clip:2');
#68=NEXT_ASSEMBLY_USAGE_OCCURRENCE('RM8_pin:2','RM8_pin:2','RM8_pin:2',
#6122,#6126,'RM8_pin:2');
#69=NEXT_ASSEMBLY_USAGE_OCCURRENCE('RM8_pin:3','RM8_pin:3','RM8_pin:3',
#6122,#6126,'RM8_pin:3');
#70=NEXT_ASSEMBLY_USAGE_OCCURRENCE('RM8_pin:4','RM8_pin:4','RM8_pin:4',
#6122,#6126,'RM8_pin:4');
#71=NEXT_ASSEMBLY_USAGE_OCCURRENCE('RM8_pin:5','RM8_pin:5','RM8_pin:5',
#6122,#6126,'RM8_pin:5');
#72=NEXT_ASSEMBLY_USAGE_OCCURRENCE('RM8_pin:6','RM8_pin:6','RM8_pin:6',
#6122,#6126,'RM8_pin:6');
#73=NEXT_ASSEMBLY_USAGE_OCCURRENCE('RM8_pin:7','RM8_pin:7','RM8_pin:7',
#6122,#6126,'RM8_pin:7');
#74=NEXT_ASSEMBLY_USAGE_OCCURRENCE('RM8_pin:8','RM8_pin:8','RM8_pin:8',
#6122,#6126,'RM8_pin:8');
#75=NEXT_ASSEMBLY_USAGE_OCCURRENCE('RM8_pin:9','RM8_pin:9','RM8_pin:9',
#6122,#6126,'RM8_pin:9');
#76=NEXT_ASSEMBLY_USAGE_OCCURRENCE('RM8_pin:10','RM8_pin:10',
'RM8_pin:10',#6122,#6126,'RM8_pin:10');
#77=NEXT_ASSEMBLY_USAGE_OCCURRENCE('RM8_pin:11','RM8_pin:11',
'RM8_pin:11',#6122,#6126,'RM8_pin:11');
#78=NEXT_ASSEMBLY_USAGE_OCCURRENCE('RM8_pin:12','RM8_pin:12',
'RM8_pin:12',#6122,#6126,'RM8_pin:12');
#79=ELLIPSE('',#3677,2.00000799548638,2.);
#80=ELLIPSE('',#3689,1760.61164783143,0.4);
#81=ELLIPSE('',#3720,2.00000799548638,2.);
#82=ELLIPSE('',#3723,2.00000799548638,2.);
#83=ELLIPSE('',#3729,1760.61164783143,0.4);
#84=ELLIPSE('',#3737,2.00000393157306,2.);
#85=B_SPLINE_CURVE_WITH_KNOTS('',3,(#5373,#5374,#5375,#5376,#5377,#5378,
#5379,#5380),.UNSPECIFIED.,.F.,.F.,(4,2,2,4),(-0.308615182050116,-0.231216975462426,
-0.153818768874736,-0.125462836957579),.UNSPECIFIED.);
#86=B_SPLINE_CURVE_WITH_KNOTS('',3,(#5384,#5385,#5386,#5387,#5388,#5389,
#5390,#5391),.UNSPECIFIED.,.F.,.F.,(4,2,2,4),(-0.922380226727369,-0.844982020071161,
-0.767583813414954,-0.739227881517706),.UNSPECIFIED.);
#87=B_SPLINE_CURVE_WITH_KNOTS('',3,(#5590,#5591,#5592,#5593,#5594,#5595,
#5596,#5597,#5598,#5599),.UNSPECIFIED.,.F.,.F.,(4,2,2,2,4),(-0.326826679541645,
-0.30861518221463,-0.231216975558423,-0.153818768902215,-0.125462837004968),
 .UNSPECIFIED.);
#88=B_SPLINE_CURVE_WITH_KNOTS('',3,(#5631,#5632,#5633,#5634,#5635,#5636,
#5637,#5638),.UNSPECIFIED.,.F.,.F.,(4,2,2,4),(0.305149862392172,0.382548068979862,
0.459946275567552,0.488302207484708),.UNSPECIFIED.);
#89=SHAPE_REPRESENTATION_RELATIONSHIP('SRR','None',#6117,#93);
#90=SHAPE_REPRESENTATION_RELATIONSHIP('SRR','None',#6118,#94);
#91=SHAPE_REPRESENTATION_RELATIONSHIP('SRR','None',#6119,#95);
#92=SHAPE_REPRESENTATION_RELATIONSHIP('SRR','None',#6120,#96);
#93=ADVANCED_BREP_SHAPE_REPRESENTATION('',(#101),#6080);
#94=ADVANCED_BREP_SHAPE_REPRESENTATION('',(#102),#6081);
#95=ADVANCED_BREP_SHAPE_REPRESENTATION('',(#103),#6082);
#96=ADVANCED_BREP_SHAPE_REPRESENTATION('',(#104),#6083);
#97=STYLED_ITEM('',(#6146),#101);
#98=STYLED_ITEM('',(#6147),#102);
#99=STYLED_ITEM('',(#6148),#103);
#100=STYLED_ITEM('',(#6148),#104);
#101=MANIFOLD_SOLID_BREP('Body1',#3488);
#102=MANIFOLD_SOLID_BREP('Body1',#3489);
#103=MANIFOLD_SOLID_BREP('Body1',#3490);
#104=MANIFOLD_SOLID_BREP('Body1',#3491);
#105=FACE_BOUND('',#386,.T.);
#106=FACE_BOUND('',#400,.T.);
#107=FACE_BOUND('',#417,.T.);
#108=CYLINDRICAL_SURFACE('',#3567,8.45);
#109=CYLINDRICAL_SURFACE('',#3570,8.45);
#110=CYLINDRICAL_SURFACE('',#3573,4.35);
#111=CYLINDRICAL_SURFACE('',#3584,8.45);
#112=CYLINDRICAL_SURFACE('',#3593,0.675);
#113=CYLINDRICAL_SURFACE('',#3596,1.17710378542453);
#114=CYLINDRICAL_SURFACE('',#3599,1.17710378542453);
#115=CYLINDRICAL_SURFACE('',#3602,0.675);
#116=CYLINDRICAL_SURFACE('',#3605,1.17710378542453);
#117=CYLINDRICAL_SURFACE('',#3608,1.17710378542453);
#118=CYLINDRICAL_SURFACE('',#3622,2.);
#119=CYLINDRICAL_SURFACE('',#3623,1.17710378542453);
#120=CYLINDRICAL_SURFACE('',#3624,1.17710378542453);
#121=CYLINDRICAL_SURFACE('',#3625,2.);
#122=CYLINDRICAL_SURFACE('',#3626,2.);
#123=CYLINDRICAL_SURFACE('',#3627,1.17710378542453);
#124=CYLINDRICAL_SURFACE('',#3628,1.17710378542453);
#125=CYLINDRICAL_SURFACE('',#3629,2.);
#126=CYLINDRICAL_SURFACE('',#3630,4.975);
#127=CYLINDRICAL_SURFACE('',#3633,0.4);
#128=CYLINDRICAL_SURFACE('',#3634,0.4);
#129=CYLINDRICAL_SURFACE('',#3646,0.2);
#130=CYLINDRICAL_SURFACE('',#3647,0.2);
#131=CYLINDRICAL_SURFACE('',#3652,0.4);
#132=CYLINDRICAL_SURFACE('',#3653,0.4);
#133=CYLINDRICAL_SURFACE('',#3654,0.4);
#134=CYLINDRICAL_SURFACE('',#3655,0.4);
#135=CYLINDRICAL_SURFACE('',#3656,0.4);
#136=CYLINDRICAL_SURFACE('',#3657,0.4);
#137=CYLINDRICAL_SURFACE('',#3658,0.4);
#138=CYLINDRICAL_SURFACE('',#3659,0.4);
#139=CYLINDRICAL_SURFACE('',#3667,0.4);
#140=CYLINDRICAL_SURFACE('',#3671,4.275);
#141=CYLINDRICAL_SURFACE('',#3682,4.275);
#142=CYLINDRICAL_SURFACE('',#3690,8.5);
#143=CYLINDRICAL_SURFACE('',#3707,2.);
#144=CYLINDRICAL_SURFACE('',#3708,1.14758570058591);
#145=CYLINDRICAL_SURFACE('',#3719,2.);
#146=CYLINDRICAL_SURFACE('',#3721,0.4);
#147=CYLINDRICAL_SURFACE('',#3727,2.);
#148=CYLINDRICAL_SURFACE('',#3734,0.4);
#149=CYLINDRICAL_SURFACE('',#3736,2.);
#150=CYLINDRICAL_SURFACE('',#3752,1.14758570058591);
#151=CYLINDRICAL_SURFACE('',#3758,8.5);
#152=CYLINDRICAL_SURFACE('',#3760,4.275);
#153=CYLINDRICAL_SURFACE('',#3761,4.275);
#154=CYLINDRICAL_SURFACE('',#3762,0.4);
#155=CYLINDRICAL_SURFACE('',#3763,0.4);
#156=CYLINDRICAL_SURFACE('',#3764,0.4);
#157=CYLINDRICAL_SURFACE('',#3765,0.4);
#158=CYLINDRICAL_SURFACE('',#3766,0.4);
#159=CYLINDRICAL_SURFACE('',#3767,0.4);
#160=CYLINDRICAL_SURFACE('',#3768,0.4);
#161=CYLINDRICAL_SURFACE('',#3769,0.4);
#162=CYLINDRICAL_SURFACE('',#3784,1.);
#163=CYLINDRICAL_SURFACE('',#3808,10.5);
#164=CYLINDRICAL_SURFACE('',#3811,1.3737412151018);
#165=CYLINDRICAL_SURFACE('',#3816,1.3737412151018);
#166=CYLINDRICAL_SURFACE('',#3819,10.);
#167=CYLINDRICAL_SURFACE('',#3820,0.1);
#168=CYLINDRICAL_SURFACE('',#3821,0.1);
#169=CYLINDRICAL_SURFACE('',#3832,0.1);
#170=CYLINDRICAL_SURFACE('',#3833,10.);
#171=CYLINDRICAL_SURFACE('',#3846,0.1);
#172=CYLINDRICAL_SURFACE('',#3857,10.5);
#173=CYLINDRICAL_SURFACE('',#3858,1.);
#174=CYLINDRICAL_SURFACE('',#3860,1.);
#175=CYLINDRICAL_SURFACE('',#3861,0.1);
#176=CYLINDRICAL_SURFACE('',#3862,0.5);
#177=CYLINDRICAL_SURFACE('',#3863,0.314341560987577);
#178=CYLINDRICAL_SURFACE('',#3864,2.5);
#179=CYLINDRICAL_SURFACE('',#3867,0.5);
#180=CYLINDRICAL_SURFACE('',#3868,1.3737412151018);
#181=CYLINDRICAL_SURFACE('',#3869,0.5);
#182=CYLINDRICAL_SURFACE('',#3872,2.5);
#183=CYLINDRICAL_SURFACE('',#3874,0.314341560987577);
#184=CYLINDRICAL_SURFACE('',#3875,0.873741215101795);
#185=CYLINDRICAL_SURFACE('',#3877,0.873741215101795);
#186=CYLINDRICAL_SURFACE('',#3878,0.1);
#187=CYLINDRICAL_SURFACE('',#3879,0.873741215101795);
#188=CYLINDRICAL_SURFACE('',#3882,0.350756916971089);
#189=CYLINDRICAL_SURFACE('',#3886,0.5);
#190=CYLINDRICAL_SURFACE('',#3887,0.814341560987579);
#191=CYLINDRICAL_SURFACE('',#3888,0.5);
#192=CYLINDRICAL_SURFACE('',#3889,0.314341560987577);
#193=CYLINDRICAL_SURFACE('',#3890,0.5);
#194=CYLINDRICAL_SURFACE('',#3892,0.814341560987579);
#195=CYLINDRICAL_SURFACE('',#3894,0.814341560987579);
#196=FACE_OUTER_BOUND('',#374,.T.);
#197=FACE_OUTER_BOUND('',#375,.T.);
#198=FACE_OUTER_BOUND('',#376,.T.);
#199=FACE_OUTER_BOUND('',#377,.T.);
#200=FACE_OUTER_BOUND('',#378,.T.);
#201=FACE_OUTER_BOUND('',#379,.T.);
#202=FACE_OUTER_BOUND('',#380,.T.);
#203=FACE_OUTER_BOUND('',#381,.T.);
#204=FACE_OUTER_BOUND('',#382,.T.);
#205=FACE_OUTER_BOUND('',#383,.T.);
#206=FACE_OUTER_BOUND('',#384,.T.);
#207=FACE_OUTER_BOUND('',#385,.T.);
#208=FACE_OUTER_BOUND('',#387,.T.);
#209=FACE_OUTER_BOUND('',#388,.T.);
#210=FACE_OUTER_BOUND('',#389,.T.);
#211=FACE_OUTER_BOUND('',#390,.T.);
#212=FACE_OUTER_BOUND('',#391,.T.);
#213=FACE_OUTER_BOUND('',#392,.T.);
#214=FACE_OUTER_BOUND('',#393,.T.);
#215=FACE_OUTER_BOUND('',#394,.T.);
#216=FACE_OUTER_BOUND('',#395,.T.);
#217=FACE_OUTER_BOUND('',#396,.T.);
#218=FACE_OUTER_BOUND('',#397,.T.);
#219=FACE_OUTER_BOUND('',#398,.T.);
#220=FACE_OUTER_BOUND('',#399,.T.);
#221=FACE_OUTER_BOUND('',#401,.T.);
#222=FACE_OUTER_BOUND('',#402,.T.);
#223=FACE_OUTER_BOUND('',#403,.T.);
#224=FACE_OUTER_BOUND('',#404,.T.);
#225=FACE_OUTER_BOUND('',#405,.T.);
#226=FACE_OUTER_BOUND('',#406,.T.);
#227=FACE_OUTER_BOUND('',#407,.T.);
#228=FACE_OUTER_BOUND('',#408,.T.);
#229=FACE_OUTER_BOUND('',#409,.T.);
#230=FACE_OUTER_BOUND('',#410,.T.);
#231=FACE_OUTER_BOUND('',#411,.T.);
#232=FACE_OUTER_BOUND('',#412,.T.);
#233=FACE_OUTER_BOUND('',#413,.T.);
#234=FACE_OUTER_BOUND('',#414,.T.);
#235=FACE_OUTER_BOUND('',#415,.T.);
#236=FACE_OUTER_BOUND('',#416,.T.);
#237=FACE_OUTER_BOUND('',#418,.T.);
#238=FACE_OUTER_BOUND('',#419,.T.);
#239=FACE_OUTER_BOUND('',#420,.T.);
#240=FACE_OUTER_BOUND('',#421,.T.);
#241=FACE_OUTER_BOUND('',#422,.T.);
#242=FACE_OUTER_BOUND('',#423,.T.);
#243=FACE_OUTER_BOUND('',#424,.T.);
#244=FACE_OUTER_BOUND('',#425,.T.);
#245=FACE_OUTER_BOUND('',#426,.T.);
#246=FACE_OUTER_BOUND('',#427,.T.);
#247=FACE_OUTER_BOUND('',#428,.T.);
#248=FACE_OUTER_BOUND('',#429,.T.);
#249=FACE_OUTER_BOUND('',#430,.T.);
#250=FACE_OUTER_BOUND('',#431,.T.);
#251=FACE_OUTER_BOUND('',#432,.T.);
#252=FACE_OUTER_BOUND('',#433,.T.);
#253=FACE_OUTER_BOUND('',#434,.T.);
#254=FACE_OUTER_BOUND('',#435,.T.);
#255=FACE_OUTER_BOUND('',#436,.T.);
#256=FACE_OUTER_BOUND('',#437,.T.);
#257=FACE_OUTER_BOUND('',#438,.T.);
#258=FACE_OUTER_BOUND('',#439,.T.);
#259=FACE_OUTER_BOUND('',#440,.T.);
#260=FACE_OUTER_BOUND('',#441,.T.);
#261=FACE_OUTER_BOUND('',#442,.T.);
#262=FACE_OUTER_BOUND('',#443,.T.);
#263=FACE_OUTER_BOUND('',#444,.T.);
#264=FACE_OUTER_BOUND('',#445,.T.);
#265=FACE_OUTER_BOUND('',#446,.T.);
#266=FACE_OUTER_BOUND('',#447,.T.);
#267=FACE_OUTER_BOUND('',#448,.T.);
#268=FACE_OUTER_BOUND('',#449,.T.);
#269=FACE_OUTER_BOUND('',#450,.T.);
#270=FACE_OUTER_BOUND('',#451,.T.);
#271=FACE_OUTER_BOUND('',#452,.T.);
#272=FACE_OUTER_BOUND('',#453,.T.);
#273=FACE_OUTER_BOUND('',#454,.T.);
#274=FACE_OUTER_BOUND('',#455,.T.);
#275=FACE_OUTER_BOUND('',#456,.T.);
#276=FACE_OUTER_BOUND('',#457,.T.);
#277=FACE_OUTER_BOUND('',#458,.T.);
#278=FACE_OUTER_BOUND('',#459,.T.);
#279=FACE_OUTER_BOUND('',#460,.T.);
#280=FACE_OUTER_BOUND('',#461,.T.);
#281=FACE_OUTER_BOUND('',#462,.T.);
#282=FACE_OUTER_BOUND('',#463,.T.);
#283=FACE_OUTER_BOUND('',#464,.T.);
#284=FACE_OUTER_BOUND('',#465,.T.);
#285=FACE_OUTER_BOUND('',#466,.T.);
#286=FACE_OUTER_BOUND('',#467,.T.);
#287=FACE_OUTER_BOUND('',#468,.T.);
#288=FACE_OUTER_BOUND('',#469,.T.);
#289=FACE_OUTER_BOUND('',#470,.T.);
#290=FACE_OUTER_BOUND('',#471,.T.);
#291=FACE_OUTER_BOUND('',#472,.T.);
#292=FACE_OUTER_BOUND('',#473,.T.);
#293=FACE_OUTER_BOUND('',#474,.T.);
#294=FACE_OUTER_BOUND('',#475,.T.);
#295=FACE_OUTER_BOUND('',#476,.T.);
#296=FACE_OUTER_BOUND('',#477,.T.);
#297=FACE_OUTER_BOUND('',#478,.T.);
#298=FACE_OUTER_BOUND('',#479,.T.);
#299=FACE_OUTER_BOUND('',#480,.T.);
#300=FACE_OUTER_BOUND('',#481,.T.);
#301=FACE_OUTER_BOUND('',#482,.T.);
#302=FACE_OUTER_BOUND('',#483,.T.);
#303=FACE_OUTER_BOUND('',#484,.T.);
#304=FACE_OUTER_BOUND('',#485,.T.);
#305=FACE_OUTER_BOUND('',#486,.T.);
#306=FACE_OUTER_BOUND('',#487,.T.);
#307=FACE_OUTER_BOUND('',#488,.T.);
#308=FACE_OUTER_BOUND('',#489,.T.);
#309=FACE_OUTER_BOUND('',#490,.T.);
#310=FACE_OUTER_BOUND('',#491,.T.);
#311=FACE_OUTER_BOUND('',#492,.T.);
#312=FACE_OUTER_BOUND('',#493,.T.);
#313=FACE_OUTER_BOUND('',#494,.T.);
#314=FACE_OUTER_BOUND('',#495,.T.);
#315=FACE_OUTER_BOUND('',#496,.T.);
#316=FACE_OUTER_BOUND('',#497,.T.);
#317=FACE_OUTER_BOUND('',#498,.T.);
#318=FACE_OUTER_BOUND('',#499,.T.);
#319=FACE_OUTER_BOUND('',#500,.T.);
#320=FACE_OUTER_BOUND('',#501,.T.);
#321=FACE_OUTER_BOUND('',#502,.T.);
#322=FACE_OUTER_BOUND('',#503,.T.);
#323=FACE_OUTER_BOUND('',#504,.T.);
#324=FACE_OUTER_BOUND('',#505,.T.);
#325=FACE_OUTER_BOUND('',#506,.T.);
#326=FACE_OUTER_BOUND('',#507,.T.);
#327=FACE_OUTER_BOUND('',#508,.T.);
#328=FACE_OUTER_BOUND('',#509,.T.);
#329=FACE_OUTER_BOUND('',#510,.T.);
#330=FACE_OUTER_BOUND('',#511,.T.);
#331=FACE_OUTER_BOUND('',#512,.T.);
#332=FACE_OUTER_BOUND('',#513,.T.);
#333=FACE_OUTER_BOUND('',#514,.T.);
#334=FACE_OUTER_BOUND('',#515,.T.);
#335=FACE_OUTER_BOUND('',#516,.T.);
#336=FACE_OUTER_BOUND('',#517,.T.);
#337=FACE_OUTER_BOUND('',#518,.T.);
#338=FACE_OUTER_BOUND('',#519,.T.);
#339=FACE_OUTER_BOUND('',#520,.T.);
#340=FACE_OUTER_BOUND('',#521,.T.);
#341=FACE_OUTER_BOUND('',#522,.T.);
#342=FACE_OUTER_BOUND('',#523,.T.);
#343=FACE_OUTER_BOUND('',#524,.T.);
#344=FACE_OUTER_BOUND('',#525,.T.);
#345=FACE_OUTER_BOUND('',#526,.T.);
#346=FACE_OUTER_BOUND('',#527,.T.);
#347=FACE_OUTER_BOUND('',#528,.T.);
#348=FACE_OUTER_BOUND('',#529,.T.);
#349=FACE_OUTER_BOUND('',#530,.T.);
#350=FACE_OUTER_BOUND('',#531,.T.);
#351=FACE_OUTER_BOUND('',#532,.T.);
#352=FACE_OUTER_BOUND('',#533,.T.);
#353=FACE_OUTER_BOUND('',#534,.T.);
#354=FACE_OUTER_BOUND('',#535,.T.);
#355=FACE_OUTER_BOUND('',#536,.T.);
#356=FACE_OUTER_BOUND('',#537,.T.);
#357=FACE_OUTER_BOUND('',#538,.T.);
#358=FACE_OUTER_BOUND('',#539,.T.);
#359=FACE_OUTER_BOUND('',#540,.T.);
#360=FACE_OUTER_BOUND('',#541,.T.);
#361=FACE_OUTER_BOUND('',#542,.T.);
#362=FACE_OUTER_BOUND('',#543,.T.);
#363=FACE_OUTER_BOUND('',#544,.T.);
#364=FACE_OUTER_BOUND('',#545,.T.);
#365=FACE_OUTER_BOUND('',#546,.T.);
#366=FACE_OUTER_BOUND('',#547,.T.);
#367=FACE_OUTER_BOUND('',#548,.T.);
#368=FACE_OUTER_BOUND('',#549,.T.);
#369=FACE_OUTER_BOUND('',#550,.T.);
#370=FACE_OUTER_BOUND('',#551,.T.);
#371=FACE_OUTER_BOUND('',#552,.T.);
#372=FACE_OUTER_BOUND('',#553,.T.);
#373=FACE_OUTER_BOUND('',#554,.T.);
#374=EDGE_LOOP('',(#2210,#2211,#2212,#2213,#2214,#2215,#2216,#2217,#2218,
#2219,#2220,#2221,#2222,#2223,#2224,#2225,#2226,#2227,#2228));
#375=EDGE_LOOP('',(#2229,#2230,#2231,#2232,#2233,#2234));
#376=EDGE_LOOP('',(#2235,#2236,#2237,#2238));
#377=EDGE_LOOP('',(#2239,#2240,#2241,#2242));
#378=EDGE_LOOP('',(#2243,#2244,#2245,#2246));
#379=EDGE_LOOP('',(#2247,#2248,#2249,#2250,#2251,#2252,#2253,#2254,#2255,
#2256,#2257,#2258,#2259,#2260,#2261,#2262,#2263,#2264,#2265));
#380=EDGE_LOOP('',(#2266,#2267,#2268,#2269));
#381=EDGE_LOOP('',(#2270,#2271,#2272,#2273));
#382=EDGE_LOOP('',(#2274,#2275,#2276,#2277));
#383=EDGE_LOOP('',(#2278,#2279,#2280,#2281,#2282,#2283,#2284,#2285,#2286));
#384=EDGE_LOOP('',(#2287,#2288,#2289,#2290));
#385=EDGE_LOOP('',(#2291,#2292,#2293,#2294,#2295,#2296,#2297,#2298));
#386=EDGE_LOOP('',(#2299));
#387=EDGE_LOOP('',(#2300,#2301,#2302,#2303));
#388=EDGE_LOOP('',(#2304,#2305,#2306,#2307));
#389=EDGE_LOOP('',(#2308,#2309,#2310,#2311));
#390=EDGE_LOOP('',(#2312,#2313,#2314,#2315));
#391=EDGE_LOOP('',(#2316,#2317,#2318,#2319,#2320,#2321));
#392=EDGE_LOOP('',(#2322,#2323,#2324,#2325));
#393=EDGE_LOOP('',(#2326,#2327,#2328,#2329));
#394=EDGE_LOOP('',(#2330,#2331,#2332,#2333));
#395=EDGE_LOOP('',(#2334,#2335,#2336,#2337));
#396=EDGE_LOOP('',(#2338,#2339,#2340,#2341));
#397=EDGE_LOOP('',(#2342,#2343,#2344,#2345));
#398=EDGE_LOOP('',(#2346,#2347,#2348,#2349));
#399=EDGE_LOOP('',(#2350,#2351,#2352,#2353,#2354,#2355,#2356,#2357,#2358,
#2359,#2360,#2361,#2362,#2363,#2364,#2365,#2366,#2367,#2368,#2369,#2370,
#2371,#2372,#2373,#2374,#2375));
#400=EDGE_LOOP('',(#2376));
#401=EDGE_LOOP('',(#2377,#2378,#2379,#2380));
#402=EDGE_LOOP('',(#2381,#2382,#2383,#2384));
#403=EDGE_LOOP('',(#2385,#2386,#2387,#2388));
#404=EDGE_LOOP('',(#2389,#2390,#2391,#2392));
#405=EDGE_LOOP('',(#2393,#2394,#2395,#2396));
#406=EDGE_LOOP('',(#2397,#2398,#2399,#2400));
#407=EDGE_LOOP('',(#2401,#2402,#2403,#2404));
#408=EDGE_LOOP('',(#2405,#2406,#2407,#2408));
#409=EDGE_LOOP('',(#2409,#2410,#2411,#2412,#2413,#2414,#2415,#2416));
#410=EDGE_LOOP('',(#2417,#2418,#2419,#2420));
#411=EDGE_LOOP('',(#2421,#2422,#2423,#2424));
#412=EDGE_LOOP('',(#2425,#2426,#2427,#2428));
#413=EDGE_LOOP('',(#2429,#2430,#2431,#2432));
#414=EDGE_LOOP('',(#2433,#2434,#2435,#2436));
#415=EDGE_LOOP('',(#2437,#2438,#2439,#2440));
#416=EDGE_LOOP('',(#2441,#2442,#2443,#2444,#2445,#2446,#2447,#2448,#2449,
#2450,#2451,#2452,#2453,#2454,#2455,#2456,#2457,#2458,#2459,#2460));
#417=EDGE_LOOP('',(#2461));
#418=EDGE_LOOP('',(#2462,#2463,#2464,#2465));
#419=EDGE_LOOP('',(#2466,#2467,#2468,#2469));
#420=EDGE_LOOP('',(#2470,#2471,#2472,#2473));
#421=EDGE_LOOP('',(#2474,#2475,#2476,#2477));
#422=EDGE_LOOP('',(#2478,#2479,#2480,#2481));
#423=EDGE_LOOP('',(#2482,#2483,#2484,#2485));
#424=EDGE_LOOP('',(#2486,#2487,#2488,#2489));
#425=EDGE_LOOP('',(#2490,#2491,#2492,#2493));
#426=EDGE_LOOP('',(#2494,#2495,#2496,#2497));
#427=EDGE_LOOP('',(#2498,#2499,#2500,#2501));
#428=EDGE_LOOP('',(#2502,#2503,#2504,#2505,#2506,#2507));
#429=EDGE_LOOP('',(#2508,#2509,#2510,#2511,#2512,#2513));
#430=EDGE_LOOP('',(#2514,#2515,#2516,#2517));
#431=EDGE_LOOP('',(#2518,#2519,#2520,#2521));
#432=EDGE_LOOP('',(#2522,#2523,#2524,#2525,#2526,#2527,#2528,#2529,#2530));
#433=EDGE_LOOP('',(#2531,#2532,#2533,#2534,#2535,#2536));
#434=EDGE_LOOP('',(#2537,#2538,#2539,#2540));
#435=EDGE_LOOP('',(#2541,#2542,#2543,#2544));
#436=EDGE_LOOP('',(#2545,#2546,#2547,#2548,#2549,#2550,#2551,#2552,#2553));
#437=EDGE_LOOP('',(#2554,#2555,#2556,#2557,#2558,#2559));
#438=EDGE_LOOP('',(#2560,#2561,#2562,#2563));
#439=EDGE_LOOP('',(#2564,#2565,#2566,#2567));
#440=EDGE_LOOP('',(#2568,#2569,#2570,#2571));
#441=EDGE_LOOP('',(#2572,#2573,#2574,#2575));
#442=EDGE_LOOP('',(#2576,#2577,#2578,#2579,#2580,#2581,#2582,#2583));
#443=EDGE_LOOP('',(#2584,#2585,#2586,#2587,#2588,#2589));
#444=EDGE_LOOP('',(#2590,#2591,#2592,#2593));
#445=EDGE_LOOP('',(#2594,#2595,#2596,#2597,#2598,#2599,#2600,#2601,#2602,
#2603));
#446=EDGE_LOOP('',(#2604,#2605,#2606,#2607,#2608,#2609,#2610,#2611,#2612,
#2613));
#447=EDGE_LOOP('',(#2614,#2615,#2616,#2617,#2618,#2619,#2620,#2621,#2622,
#2623,#2624,#2625,#2626,#2627,#2628,#2629,#2630,#2631,#2632,#2633,#2634,
#2635,#2636,#2637,#2638,#2639));
#448=EDGE_LOOP('',(#2640,#2641,#2642,#2643,#2644,#2645));
#449=EDGE_LOOP('',(#2646,#2647,#2648,#2649));
#450=EDGE_LOOP('',(#2650,#2651,#2652,#2653));
#451=EDGE_LOOP('',(#2654,#2655,#2656,#2657,#2658));
#452=EDGE_LOOP('',(#2659,#2660,#2661,#2662,#2663,#2664));
#453=EDGE_LOOP('',(#2665,#2666,#2667,#2668,#2669,#2670));
#454=EDGE_LOOP('',(#2671,#2672,#2673,#2674,#2675,#2676,#2677,#2678));
#455=EDGE_LOOP('',(#2679,#2680,#2681,#2682));
#456=EDGE_LOOP('',(#2683,#2684,#2685,#2686));
#457=EDGE_LOOP('',(#2687,#2688,#2689,#2690,#2691,#2692));
#458=EDGE_LOOP('',(#2693,#2694,#2695,#2696));
#459=EDGE_LOOP('',(#2697,#2698,#2699,#2700));
#460=EDGE_LOOP('',(#2701,#2702,#2703,#2704,#2705));
#461=EDGE_LOOP('',(#2706,#2707,#2708,#2709,#2710,#2711,#2712,#2713));
#462=EDGE_LOOP('',(#2714,#2715,#2716,#2717));
#463=EDGE_LOOP('',(#2718,#2719,#2720,#2721,#2722));
#464=EDGE_LOOP('',(#2723,#2724,#2725,#2726,#2727,#2728));
#465=EDGE_LOOP('',(#2729,#2730,#2731,#2732,#2733));
#466=EDGE_LOOP('',(#2734,#2735,#2736,#2737,#2738,#2739));
#467=EDGE_LOOP('',(#2740,#2741,#2742,#2743,#2744,#2745,#2746));
#468=EDGE_LOOP('',(#2747,#2748,#2749,#2750,#2751,#2752));
#469=EDGE_LOOP('',(#2753,#2754,#2755,#2756,#2757));
#470=EDGE_LOOP('',(#2758,#2759,#2760,#2761));
#471=EDGE_LOOP('',(#2762,#2763,#2764,#2765,#2766,#2767));
#472=EDGE_LOOP('',(#2768,#2769,#2770,#2771));
#473=EDGE_LOOP('',(#2772,#2773,#2774,#2775));
#474=EDGE_LOOP('',(#2776,#2777,#2778,#2779));
#475=EDGE_LOOP('',(#2780,#2781,#2782,#2783,#2784,#2785,#2786));
#476=EDGE_LOOP('',(#2787,#2788,#2789,#2790,#2791,#2792));
#477=EDGE_LOOP('',(#2793,#2794,#2795,#2796,#2797,#2798));
#478=EDGE_LOOP('',(#2799,#2800,#2801,#2802,#2803,#2804,#2805,#2806,#2807,
#2808));
#479=EDGE_LOOP('',(#2809,#2810,#2811,#2812));
#480=EDGE_LOOP('',(#2813,#2814,#2815,#2816,#2817,#2818,#2819,#2820,#2821,
#2822));
#481=EDGE_LOOP('',(#2823,#2824,#2825,#2826));
#482=EDGE_LOOP('',(#2827,#2828,#2829,#2830,#2831,#2832));
#483=EDGE_LOOP('',(#2833,#2834,#2835,#2836,#2837,#2838,#2839));
#484=EDGE_LOOP('',(#2840,#2841,#2842,#2843));
#485=EDGE_LOOP('',(#2844,#2845,#2846,#2847));
#486=EDGE_LOOP('',(#2848,#2849,#2850,#2851));
#487=EDGE_LOOP('',(#2852,#2853,#2854,#2855));
#488=EDGE_LOOP('',(#2856,#2857,#2858,#2859));
#489=EDGE_LOOP('',(#2860,#2861,#2862,#2863));
#490=EDGE_LOOP('',(#2864,#2865,#2866,#2867));
#491=EDGE_LOOP('',(#2868,#2869,#2870,#2871));
#492=EDGE_LOOP('',(#2872,#2873,#2874,#2875));
#493=EDGE_LOOP('',(#2876,#2877,#2878,#2879));
#494=EDGE_LOOP('',(#2880,#2881,#2882,#2883,#2884,#2885,#2886,#2887,#2888,
#2889,#2890,#2891,#2892,#2893,#2894,#2895,#2896));
#495=EDGE_LOOP('',(#2897,#2898,#2899,#2900));
#496=EDGE_LOOP('',(#2901,#2902,#2903,#2904,#2905,#2906,#2907,#2908,#2909,
#2910,#2911,#2912,#2913,#2914,#2915,#2916,#2917,#2918,#2919,#2920,#2921,
#2922,#2923,#2924,#2925,#2926,#2927,#2928,#2929,#2930));
#497=EDGE_LOOP('',(#2931,#2932,#2933,#2934));
#498=EDGE_LOOP('',(#2935,#2936,#2937,#2938));
#499=EDGE_LOOP('',(#2939,#2940,#2941,#2942));
#500=EDGE_LOOP('',(#2943,#2944,#2945,#2946));
#501=EDGE_LOOP('',(#2947,#2948,#2949,#2950,#2951,#2952,#2953,#2954));
#502=EDGE_LOOP('',(#2955,#2956,#2957,#2958,#2959,#2960,#2961));
#503=EDGE_LOOP('',(#2962,#2963,#2964,#2965,#2966,#2967,#2968));
#504=EDGE_LOOP('',(#2969,#2970,#2971,#2972,#2973,#2974,#2975,#2976,#2977,
#2978));
#505=EDGE_LOOP('',(#2979,#2980,#2981,#2982));
#506=EDGE_LOOP('',(#2983,#2984,#2985,#2986));
#507=EDGE_LOOP('',(#2987,#2988,#2989,#2990));
#508=EDGE_LOOP('',(#2991,#2992,#2993,#2994));
#509=EDGE_LOOP('',(#2995,#2996,#2997,#2998));
#510=EDGE_LOOP('',(#2999,#3000,#3001,#3002,#3003,#3004));
#511=EDGE_LOOP('',(#3005,#3006,#3007,#3008,#3009,#3010,#3011,#3012,#3013,
#3014,#3015,#3016,#3017));
#512=EDGE_LOOP('',(#3018,#3019,#3020,#3021));
#513=EDGE_LOOP('',(#3022,#3023,#3024,#3025));
#514=EDGE_LOOP('',(#3026,#3027,#3028,#3029,#3030,#3031,#3032,#3033,#3034,
#3035,#3036,#3037,#3038,#3039,#3040,#3041,#3042));
#515=EDGE_LOOP('',(#3043,#3044,#3045,#3046));
#516=EDGE_LOOP('',(#3047,#3048,#3049,#3050,#3051,#3052,#3053,#3054,#3055,
#3056,#3057,#3058,#3059));
#517=EDGE_LOOP('',(#3060,#3061,#3062,#3063));
#518=EDGE_LOOP('',(#3064,#3065,#3066,#3067));
#519=EDGE_LOOP('',(#3068,#3069,#3070,#3071));
#520=EDGE_LOOP('',(#3072,#3073,#3074,#3075));
#521=EDGE_LOOP('',(#3076,#3077,#3078,#3079));
#522=EDGE_LOOP('',(#3080,#3081,#3082,#3083));
#523=EDGE_LOOP('',(#3084,#3085,#3086,#3087));
#524=EDGE_LOOP('',(#3088,#3089,#3090,#3091));
#525=EDGE_LOOP('',(#3092,#3093,#3094,#3095));
#526=EDGE_LOOP('',(#3096,#3097,#3098,#3099));
#527=EDGE_LOOP('',(#3100,#3101,#3102,#3103));
#528=EDGE_LOOP('',(#3104,#3105,#3106,#3107,#3108,#3109,#3110,#3111));
#529=EDGE_LOOP('',(#3112,#3113,#3114,#3115));
#530=EDGE_LOOP('',(#3116,#3117,#3118,#3119));
#531=EDGE_LOOP('',(#3120,#3121,#3122,#3123));
#532=EDGE_LOOP('',(#3124,#3125,#3126,#3127));
#533=EDGE_LOOP('',(#3128,#3129,#3130,#3131));
#534=EDGE_LOOP('',(#3132,#3133,#3134,#3135));
#535=EDGE_LOOP('',(#3136,#3137,#3138,#3139));
#536=EDGE_LOOP('',(#3140,#3141,#3142,#3143));
#537=EDGE_LOOP('',(#3144,#3145,#3146,#3147));
#538=EDGE_LOOP('',(#3148,#3149,#3150,#3151));
#539=EDGE_LOOP('',(#3152,#3153,#3154,#3155));
#540=EDGE_LOOP('',(#3156,#3157,#3158,#3159));
#541=EDGE_LOOP('',(#3160,#3161,#3162,#3163));
#542=EDGE_LOOP('',(#3164,#3165,#3166,#3167));
#543=EDGE_LOOP('',(#3168,#3169,#3170,#3171));
#544=EDGE_LOOP('',(#3172,#3173,#3174,#3175));
#545=EDGE_LOOP('',(#3176,#3177,#3178,#3179,#3180,#3181,#3182,#3183));
#546=EDGE_LOOP('',(#3184,#3185,#3186,#3187));
#547=EDGE_LOOP('',(#3188,#3189,#3190,#3191));
#548=EDGE_LOOP('',(#3192,#3193,#3194,#3195));
#549=EDGE_LOOP('',(#3196,#3197,#3198,#3199));
#550=EDGE_LOOP('',(#3200,#3201,#3202,#3203));
#551=EDGE_LOOP('',(#3204,#3205,#3206,#3207));
#552=EDGE_LOOP('',(#3208,#3209,#3210,#3211));
#553=EDGE_LOOP('',(#3212,#3213,#3214,#3215));
#554=EDGE_LOOP('',(#3216,#3217,#3218,#3219));
#555=CIRCLE('',#3540,0.4);
#556=CIRCLE('',#3541,0.4);
#557=CIRCLE('',#3542,1.17710378542453);
#558=CIRCLE('',#3543,2.);
#559=CIRCLE('',#3544,1.17710378542453);
#560=CIRCLE('',#3545,0.675);
#561=CIRCLE('',#3546,1.17710378542453);
#562=CIRCLE('',#3547,2.);
#563=CIRCLE('',#3548,1.17710378542453);
#564=CIRCLE('',#3549,0.4);
#565=CIRCLE('',#3550,0.4);
#566=CIRCLE('',#3556,0.4);
#567=CIRCLE('',#3557,0.4);
#568=CIRCLE('',#3558,1.17710378542453);
#569=CIRCLE('',#3559,2.);
#570=CIRCLE('',#3560,1.17710378542453);
#571=CIRCLE('',#3561,0.675);
#572=CIRCLE('',#3562,1.17710378542453);
#573=CIRCLE('',#3563,2.);
#574=CIRCLE('',#3564,1.17710378542453);
#575=CIRCLE('',#3565,0.4);
#576=CIRCLE('',#3566,0.4);
#577=CIRCLE('',#3568,8.45);
#578=CIRCLE('',#3569,8.45);
#579=CIRCLE('',#3571,8.45);
#580=CIRCLE('',#3572,8.45);
#581=CIRCLE('',#3574,4.35);
#582=CIRCLE('',#3575,4.35);
#583=CIRCLE('',#3577,0.2);
#584=CIRCLE('',#3578,8.45);
#585=CIRCLE('',#3579,0.2);
#586=CIRCLE('',#3580,0.4);
#587=CIRCLE('',#3581,4.975);
#588=CIRCLE('',#3582,4.975);
#589=CIRCLE('',#3583,0.4);
#590=CIRCLE('',#3585,8.45);
#591=CIRCLE('',#3587,0.2);
#592=CIRCLE('',#3588,0.4);
#593=CIRCLE('',#3589,4.975);
#594=CIRCLE('',#3590,0.4);
#595=CIRCLE('',#3591,0.2);
#596=CIRCLE('',#3594,0.675);
#597=CIRCLE('',#3597,1.17710378542453);
#598=CIRCLE('',#3600,1.17710378542453);
#599=CIRCLE('',#3603,0.675);
#600=CIRCLE('',#3606,1.17710378542453);
#601=CIRCLE('',#3609,1.17710378542453);
#602=CIRCLE('',#3611,0.4);
#603=CIRCLE('',#3612,1.17710378542453);
#604=CIRCLE('',#3613,2.);
#605=CIRCLE('',#3614,2.);
#606=CIRCLE('',#3615,1.17710378542453);
#607=CIRCLE('',#3616,0.4);
#608=CIRCLE('',#3617,1.17710378542453);
#609=CIRCLE('',#3618,2.);
#610=CIRCLE('',#3619,2.);
#611=CIRCLE('',#3620,1.17710378542453);
#612=CIRCLE('',#3621,4.975);
#613=CIRCLE('',#3638,0.4);
#614=CIRCLE('',#3639,0.4);
#615=CIRCLE('',#3640,0.4);
#616=CIRCLE('',#3641,0.4);
#617=CIRCLE('',#3642,0.4);
#618=CIRCLE('',#3643,0.4);
#619=CIRCLE('',#3644,0.4);
#620=CIRCLE('',#3645,0.4);
#621=CIRCLE('',#3662,4.275);
#622=CIRCLE('',#3663,4.275);
#623=CIRCLE('',#3664,4.275);
#624=CIRCLE('',#3665,4.275);
#625=CIRCLE('',#3668,0.400000196578412);
#626=CIRCLE('',#3669,0.4);
#627=CIRCLE('',#3672,4.275);
#628=CIRCLE('',#3673,4.275);
#629=CIRCLE('',#3674,4.275);
#630=CIRCLE('',#3675,1.81244436641528);
#631=CIRCLE('',#3679,4.275);
#632=CIRCLE('',#3680,4.275);
#633=CIRCLE('',#3681,4.275);
#634=CIRCLE('',#3686,0.400000196578412);
#635=CIRCLE('',#3687,1.14758626456234);
#636=CIRCLE('',#3691,8.5);
#637=CIRCLE('',#3692,8.5);
#638=CIRCLE('',#3694,0.4);
#639=CIRCLE('',#3695,0.4);
#640=CIRCLE('',#3697,0.4);
#641=CIRCLE('',#3698,0.4);
#642=CIRCLE('',#3699,0.4);
#643=CIRCLE('',#3700,0.4);
#644=CIRCLE('',#3702,0.4);
#645=CIRCLE('',#3703,0.4);
#646=CIRCLE('',#3704,0.4);
#647=CIRCLE('',#3705,0.4);
#648=CIRCLE('',#3709,1.14758570058591);
#649=CIRCLE('',#3714,0.4);
#650=CIRCLE('',#3731,0.400000196578412);
#651=CIRCLE('',#3732,1.14758626456234);
#652=CIRCLE('',#3735,0.4);
#653=CIRCLE('',#3743,1.14758570058591);
#654=CIRCLE('',#3747,0.4);
#655=CIRCLE('',#3748,0.4);
#656=CIRCLE('',#3749,8.5);
#657=CIRCLE('',#3750,0.4);
#658=CIRCLE('',#3751,0.4);
#659=CIRCLE('',#3754,0.4);
#660=CIRCLE('',#3755,8.5);
#661=CIRCLE('',#3756,0.4);
#662=CIRCLE('',#3757,4.275);
#663=CIRCLE('',#3773,10.);
#664=CIRCLE('',#3774,0.1);
#665=CIRCLE('',#3775,0.5);
#666=CIRCLE('',#3776,0.873741215101795);
#667=CIRCLE('',#3777,0.5);
#668=CIRCLE('',#3778,0.814341560987579);
#669=CIRCLE('',#3779,0.314341560987577);
#670=CIRCLE('',#3780,0.1);
#671=CIRCLE('',#3781,1.3737412151018);
#672=CIRCLE('',#3782,1.);
#673=CIRCLE('',#3783,10.5);
#674=CIRCLE('',#3785,1.);
#675=CIRCLE('',#3787,0.314341560987577);
#676=CIRCLE('',#3788,0.1);
#677=CIRCLE('',#3789,1.3737412151018);
#678=CIRCLE('',#3790,1.);
#679=CIRCLE('',#3791,10.5);
#680=CIRCLE('',#3792,10.5);
#681=CIRCLE('',#3793,1.3737412151018);
#682=CIRCLE('',#3794,0.1);
#683=CIRCLE('',#3795,0.314341560987577);
#684=CIRCLE('',#3796,0.814341560987579);
#685=CIRCLE('',#3797,0.5);
#686=CIRCLE('',#3798,0.873741215101795);
#687=CIRCLE('',#3799,0.5);
#688=CIRCLE('',#3800,0.1);
#689=CIRCLE('',#3801,10.);
#690=CIRCLE('',#3802,10.);
#691=CIRCLE('',#3803,0.1);
#692=CIRCLE('',#3804,0.5);
#693=CIRCLE('',#3805,0.873741215101795);
#694=CIRCLE('',#3806,0.5);
#695=CIRCLE('',#3807,0.814341560987579);
#696=CIRCLE('',#3817,1.3737412151018);
#697=CIRCLE('',#3824,1.);
#698=CIRCLE('',#3825,0.1);
#699=CIRCLE('',#3826,0.314341560987577);
#700=CIRCLE('',#3827,0.814341560987579);
#701=CIRCLE('',#3828,0.5);
#702=CIRCLE('',#3829,0.873741215101795);
#703=CIRCLE('',#3830,0.5);
#704=CIRCLE('',#3831,0.1);
#705=CIRCLE('',#3834,10.);
#706=CIRCLE('',#3836,10.5);
#707=CIRCLE('',#3837,1.);
#708=CIRCLE('',#3838,1.3737412151018);
#709=CIRCLE('',#3839,0.1);
#710=CIRCLE('',#3840,0.314341560987577);
#711=CIRCLE('',#3841,0.814341560987579);
#712=CIRCLE('',#3842,0.5);
#713=CIRCLE('',#3843,0.873741215101795);
#714=CIRCLE('',#3844,0.5);
#715=CIRCLE('',#3845,0.1);
#716=CIRCLE('',#3847,0.1);
#717=CIRCLE('',#3849,0.5);
#718=CIRCLE('',#3850,0.873741215101795);
#719=CIRCLE('',#3851,0.5);
#720=CIRCLE('',#3852,0.814341560987579);
#721=CIRCLE('',#3853,0.314341560987577);
#722=CIRCLE('',#3854,0.1);
#723=CIRCLE('',#3855,1.3737412151018);
#724=CIRCLE('',#3856,1.);
#725=CIRCLE('',#3865,2.5);
#726=CIRCLE('',#3866,2.5);
#727=CIRCLE('',#3871,2.5);
#728=CIRCLE('',#3873,2.5);
#729=CIRCLE('',#3881,0.350756916971089);
#730=CIRCLE('',#3883,0.350756916971089);
#731=LINE('',#5007,#1050);
#732=LINE('',#5011,#1051);
#733=LINE('',#5015,#1052);
#734=LINE('',#5023,#1053);
#735=LINE('',#5027,#1054);
#736=LINE('',#5035,#1055);
#737=LINE('',#5039,#1056);
#738=LINE('',#5042,#1057);
#739=LINE('',#5046,#1058);
#740=LINE('',#5048,#1059);
#741=LINE('',#5050,#1060);
#742=LINE('',#5052,#1061);
#743=LINE('',#5054,#1062);
#744=LINE('',#5055,#1063);
#745=LINE('',#5059,#1064);
#746=LINE('',#5060,#1065);
#747=LINE('',#5061,#1066);
#748=LINE('',#5065,#1067);
#749=LINE('',#5066,#1068);
#750=LINE('',#5067,#1069);
#751=LINE('',#5071,#1070);
#752=LINE('',#5073,#1071);
#753=LINE('',#5075,#1072);
#754=LINE('',#5076,#1073);
#755=LINE('',#5081,#1074);
#756=LINE('',#5085,#1075);
#757=LINE('',#5093,#1076);
#758=LINE('',#5097,#1077);
#759=LINE('',#5106,#1078);
#760=LINE('',#5109,#1079);
#761=LINE('',#5114,#1080);
#762=LINE('',#5119,#1081);
#763=LINE('',#5123,#1082);
#764=LINE('',#5129,#1083);
#765=LINE('',#5134,#1084);
#766=LINE('',#5142,#1085);
#767=LINE('',#5152,#1086);
#768=LINE('',#5155,#1087);
#769=LINE('',#5160,#1088);
#770=LINE('',#5168,#1089);
#771=LINE('',#5173,#1090);
#772=LINE('',#5174,#1091);
#773=LINE('',#5175,#1092);
#774=LINE('',#5179,#1093);
#775=LINE('',#5182,#1094);
#776=LINE('',#5183,#1095);
#777=LINE('',#5187,#1096);
#778=LINE('',#5190,#1097);
#779=LINE('',#5191,#1098);
#780=LINE('',#5193,#1099);
#781=LINE('',#5194,#1100);
#782=LINE('',#5199,#1101);
#783=LINE('',#5200,#1102);
#784=LINE('',#5203,#1103);
#785=LINE('',#5204,#1104);
#786=LINE('',#5208,#1105);
#787=LINE('',#5211,#1106);
#788=LINE('',#5212,#1107);
#789=LINE('',#5216,#1108);
#790=LINE('',#5219,#1109);
#791=LINE('',#5221,#1110);
#792=LINE('',#5222,#1111);
#793=LINE('',#5226,#1112);
#794=LINE('',#5245,#1113);
#795=LINE('',#5248,#1114);
#796=LINE('',#5251,#1115);
#797=LINE('',#5254,#1116);
#798=LINE('',#5257,#1117);
#799=LINE('',#5258,#1118);
#800=LINE('',#5259,#1119);
#801=LINE('',#5261,#1120);
#802=LINE('',#5262,#1121);
#803=LINE('',#5264,#1122);
#804=LINE('',#5265,#1123);
#805=LINE('',#5270,#1124);
#806=LINE('',#5271,#1125);
#807=LINE('',#5274,#1126);
#808=LINE('',#5275,#1127);
#809=LINE('',#5280,#1128);
#810=LINE('',#5285,#1129);
#811=LINE('',#5290,#1130);
#812=LINE('',#5295,#1131);
#813=LINE('',#5300,#1132);
#814=LINE('',#5301,#1133);
#815=LINE('',#5303,#1134);
#816=LINE('',#5304,#1135);
#817=LINE('',#5306,#1136);
#818=LINE('',#5307,#1137);
#819=LINE('',#5309,#1138);
#820=LINE('',#5310,#1139);
#821=LINE('',#5323,#1140);
#822=LINE('',#5325,#1141);
#823=LINE('',#5335,#1142);
#824=LINE('',#5337,#1143);
#825=LINE('',#5338,#1144);
#826=LINE('',#5342,#1145);
#827=LINE('',#5344,#1146);
#828=LINE('',#5346,#1147);
#829=LINE('',#5348,#1148);
#830=LINE('',#5350,#1149);
#831=LINE('',#5351,#1150);
#832=LINE('',#5355,#1151);
#833=LINE('',#5359,#1152);
#834=LINE('',#5363,#1153);
#835=LINE('',#5365,#1154);
#836=LINE('',#5366,#1155);
#837=LINE('',#5371,#1156);
#838=LINE('',#5396,#1157);
#839=LINE('',#5400,#1158);
#840=LINE('',#5401,#1159);
#841=LINE('',#5409,#1160);
#842=LINE('',#5410,#1161);
#843=LINE('',#5414,#1162);
#844=LINE('',#5416,#1163);
#845=LINE('',#5418,#1164);
#846=LINE('',#5419,#1165);
#847=LINE('',#5422,#1166);
#848=LINE('',#5424,#1167);
#849=LINE('',#5425,#1168);
#850=LINE('',#5428,#1169);
#851=LINE('',#5431,#1170);
#852=LINE('',#5433,#1171);
#853=LINE('',#5438,#1172);
#854=LINE('',#5440,#1173);
#855=LINE('',#5441,#1174);
#856=LINE('',#5448,#1175);
#857=LINE('',#5451,#1176);
#858=LINE('',#5456,#1177);
#859=LINE('',#5458,#1178);
#860=LINE('',#5459,#1179);
#861=LINE('',#5460,#1180);
#862=LINE('',#5465,#1181);
#863=LINE('',#5471,#1182);
#864=LINE('',#5473,#1183);
#865=LINE('',#5475,#1184);
#866=LINE('',#5479,#1185);
#867=LINE('',#5481,#1186);
#868=LINE('',#5485,#1187);
#869=LINE('',#5487,#1188);
#870=LINE('',#5489,#1189);
#871=LINE('',#5491,#1190);
#872=LINE('',#5493,#1191);
#873=LINE('',#5495,#1192);
#874=LINE('',#5497,#1193);
#875=LINE('',#5501,#1194);
#876=LINE('',#5503,#1195);
#877=LINE('',#5505,#1196);
#878=LINE('',#5509,#1197);
#879=LINE('',#5511,#1198);
#880=LINE('',#5513,#1199);
#881=LINE('',#5514,#1200);
#882=LINE('',#5516,#1201);
#883=LINE('',#5519,#1202);
#884=LINE('',#5520,#1203);
#885=LINE('',#5526,#1204);
#886=LINE('',#5527,#1205);
#887=LINE('',#5529,#1206);
#888=LINE('',#5531,#1207);
#889=LINE('',#5532,#1208);
#890=LINE('',#5535,#1209);
#891=LINE('',#5537,#1210);
#892=LINE('',#5538,#1211);
#893=LINE('',#5540,#1212);
#894=LINE('',#5543,#1213);
#895=LINE('',#5545,#1214);
#896=LINE('',#5548,#1215);
#897=LINE('',#5549,#1216);
#898=LINE('',#5550,#1217);
#899=LINE('',#5554,#1218);
#900=LINE('',#5555,#1219);
#901=LINE('',#5556,#1220);
#902=LINE('',#5562,#1221);
#903=LINE('',#5564,#1222);
#904=LINE('',#5568,#1223);
#905=LINE('',#5570,#1224);
#906=LINE('',#5571,#1225);
#907=LINE('',#5575,#1226);
#908=LINE('',#5577,#1227);
#909=LINE('',#5579,#1228);
#910=LINE('',#5581,#1229);
#911=LINE('',#5582,#1230);
#912=LINE('',#5585,#1231);
#913=LINE('',#5586,#1232);
#914=LINE('',#5587,#1233);
#915=LINE('',#5600,#1234);
#916=LINE('',#5603,#1235);
#917=LINE('',#5605,#1236);
#918=LINE('',#5613,#1237);
#919=LINE('',#5614,#1238);
#920=LINE('',#5617,#1239);
#921=LINE('',#5619,#1240);
#922=LINE('',#5621,#1241);
#923=LINE('',#5622,#1242);
#924=LINE('',#5627,#1243);
#925=LINE('',#5628,#1244);
#926=LINE('',#5640,#1245);
#927=LINE('',#5645,#1246);
#928=LINE('',#5646,#1247);
#929=LINE('',#5648,#1248);
#930=LINE('',#5650,#1249);
#931=LINE('',#5651,#1250);
#932=LINE('',#5654,#1251);
#933=LINE('',#5656,#1252);
#934=LINE('',#5657,#1253);
#935=LINE('',#5660,#1254);
#936=LINE('',#5661,#1255);
#937=LINE('',#5664,#1256);
#938=LINE('',#5665,#1257);
#939=LINE('',#5668,#1258);
#940=LINE('',#5670,#1259);
#941=LINE('',#5673,#1260);
#942=LINE('',#5674,#1261);
#943=LINE('',#5690,#1262);
#944=LINE('',#5693,#1263);
#945=LINE('',#5694,#1264);
#946=LINE('',#5710,#1265);
#947=LINE('',#5712,#1266);
#948=LINE('',#5714,#1267);
#949=LINE('',#5715,#1268);
#950=LINE('',#5719,#1269);
#951=LINE('',#5723,#1270);
#952=LINE('',#5735,#1271);
#953=LINE('',#5746,#1272);
#954=LINE('',#5747,#1273);
#955=LINE('',#5751,#1274);
#956=LINE('',#5755,#1275);
#957=LINE('',#5765,#1276);
#958=LINE('',#5769,#1277);
#959=LINE('',#5778,#1278);
#960=LINE('',#5790,#1279);
#961=LINE('',#5794,#1280);
#962=LINE('',#5798,#1281);
#963=LINE('',#5809,#1282);
#964=LINE('',#5812,#1283);
#965=LINE('',#5814,#1284);
#966=LINE('',#5815,#1285);
#967=LINE('',#5817,#1286);
#968=LINE('',#5818,#1287);
#969=LINE('',#5820,#1288);
#970=LINE('',#5824,#1289);
#971=LINE('',#5825,#1290);
#972=LINE('',#5827,#1291);
#973=LINE('',#5829,#1292);
#974=LINE('',#5831,#1293);
#975=LINE('',#5833,#1294);
#976=LINE('',#5834,#1295);
#977=LINE('',#5837,#1296);
#978=LINE('',#5839,#1297);
#979=LINE('',#5840,#1298);
#980=LINE('',#5841,#1299);
#981=LINE('',#5844,#1300);
#982=LINE('',#5846,#1301);
#983=LINE('',#5847,#1302);
#984=LINE('',#5851,#1303);
#985=LINE('',#5853,#1304);
#986=LINE('',#5855,#1305);
#987=LINE('',#5857,#1306);
#988=LINE('',#5859,#1307);
#989=LINE('',#5861,#1308);
#990=LINE('',#5863,#1309);
#991=LINE('',#5864,#1310);
#992=LINE('',#5865,#1311);
#993=LINE('',#5868,#1312);
#994=LINE('',#5871,#1313);
#995=LINE('',#5873,#1314);
#996=LINE('',#5876,#1315);
#997=LINE('',#5878,#1316);
#998=LINE('',#5880,#1317);
#999=LINE('',#5882,#1318);
#1000=LINE('',#5884,#1319);
#1001=LINE('',#5885,#1320);
#1002=LINE('',#5886,#1321);
#1003=LINE('',#5894,#1322);
#1004=LINE('',#5905,#1323);
#1005=LINE('',#5919,#1324);
#1006=LINE('',#5932,#1325);
#1007=LINE('',#5943,#1326);
#1008=LINE('',#5956,#1327);
#1009=LINE('',#5957,#1328);
#1010=LINE('',#5958,#1329);
#1011=LINE('',#5960,#1330);
#1012=LINE('',#5962,#1331);
#1013=LINE('',#5964,#1332);
#1014=LINE('',#5966,#1333);
#1015=LINE('',#5971,#1334);
#1016=LINE('',#5974,#1335);
#1017=LINE('',#5976,#1336);
#1018=LINE('',#5978,#1337);
#1019=LINE('',#5981,#1338);
#1020=LINE('',#5983,#1339);
#1021=LINE('',#5985,#1340);
#1022=LINE('',#5990,#1341);
#1023=LINE('',#5992,#1342);
#1024=LINE('',#5994,#1343);
#1025=LINE('',#5996,#1344);
#1026=LINE('',#5998,#1345);
#1027=LINE('',#6000,#1346);
#1028=LINE('',#6002,#1347);
#1029=LINE('',#6006,#1348);
#1030=LINE('',#6009,#1349);
#1031=LINE('',#6012,#1350);
#1032=LINE('',#6014,#1351);
#1033=LINE('',#6016,#1352);
#1034=LINE('',#6019,#1353);
#1035=LINE('',#6021,#1354);
#1036=LINE('',#6023,#1355);
#1037=LINE('',#6027,#1356);
#1038=LINE('',#6033,#1357);
#1039=LINE('',#6035,#1358);
#1040=LINE('',#6037,#1359);
#1041=LINE('',#6038,#1360);
#1042=LINE('',#6041,#1361);
#1043=LINE('',#6043,#1362);
#1044=LINE('',#6044,#1363);
#1045=LINE('',#6047,#1364);
#1046=LINE('',#6048,#1365);
#1047=LINE('',#6051,#1366);
#1048=LINE('',#6052,#1367);
#1049=LINE('',#6054,#1368);
#1050=VECTOR('',#3925,1000.);
#1051=VECTOR('',#3928,1000.);
#1052=VECTOR('',#3931,1000.);
#1053=VECTOR('',#3938,1000.);
#1054=VECTOR('',#3941,1000.);
#1055=VECTOR('',#3948,1000.);
#1056=VECTOR('',#3951,1000.);
#1057=VECTOR('',#3954,1000.);
#1058=VECTOR('',#3957,1000.);
#1059=VECTOR('',#3958,1000.);
#1060=VECTOR('',#3959,1000.);
#1061=VECTOR('',#3960,1000.);
#1062=VECTOR('',#3961,1000.);
#1063=VECTOR('',#3962,1000.);
#1064=VECTOR('',#3965,1000.);
#1065=VECTOR('',#3966,1000.);
#1066=VECTOR('',#3967,1000.);
#1067=VECTOR('',#3970,1000.);
#1068=VECTOR('',#3971,1000.);
#1069=VECTOR('',#3972,1000.);
#1070=VECTOR('',#3975,1000.);
#1071=VECTOR('',#3976,1000.);
#1072=VECTOR('',#3977,1000.);
#1073=VECTOR('',#3978,1000.);
#1074=VECTOR('',#3983,1000.);
#1075=VECTOR('',#3986,1000.);
#1076=VECTOR('',#3993,1000.);
#1077=VECTOR('',#3996,1000.);
#1078=VECTOR('',#4005,1000.);
#1079=VECTOR('',#4008,1000.);
#1080=VECTOR('',#4013,1000.);
#1081=VECTOR('',#4018,1000.);
#1082=VECTOR('',#4021,1000.);
#1083=VECTOR('',#4028,4.35);
#1084=VECTOR('',#4033,1000.);
#1085=VECTOR('',#4040,1000.);
#1086=VECTOR('',#4051,1000.);
#1087=VECTOR('',#4054,1000.);
#1088=VECTOR('',#4059,1000.);
#1089=VECTOR('',#4066,1000.);
#1090=VECTOR('',#4071,1000.);
#1091=VECTOR('',#4072,1000.);
#1092=VECTOR('',#4073,1000.);
#1093=VECTOR('',#4078,1000.);
#1094=VECTOR('',#4081,1000.);
#1095=VECTOR('',#4082,1000.);
#1096=VECTOR('',#4087,1000.);
#1097=VECTOR('',#4090,1000.);
#1098=VECTOR('',#4091,1000.);
#1099=VECTOR('',#4092,1000.);
#1100=VECTOR('',#4093,1000.);
#1101=VECTOR('',#4098,1000.);
#1102=VECTOR('',#4099,1000.);
#1103=VECTOR('',#4102,1000.);
#1104=VECTOR('',#4103,1000.);
#1105=VECTOR('',#4108,1000.);
#1106=VECTOR('',#4111,1000.);
#1107=VECTOR('',#4112,1000.);
#1108=VECTOR('',#4117,1000.);
#1109=VECTOR('',#4120,1000.);
#1110=VECTOR('',#4121,1000.);
#1111=VECTOR('',#4122,1000.);
#1112=VECTOR('',#4127,1000.);
#1113=VECTOR('',#4154,1000.);
#1114=VECTOR('',#4159,1000.);
#1115=VECTOR('',#4164,1000.);
#1116=VECTOR('',#4169,1000.);
#1117=VECTOR('',#4174,4.975);
#1118=VECTOR('',#4175,1000.);
#1119=VECTOR('',#4176,1000.);
#1120=VECTOR('',#4179,1000.);
#1121=VECTOR('',#4180,1000.);
#1122=VECTOR('',#4183,1000.);
#1123=VECTOR('',#4184,1000.);
#1124=VECTOR('',#4191,1000.);
#1125=VECTOR('',#4192,1000.);
#1126=VECTOR('',#4195,1000.);
#1127=VECTOR('',#4196,1000.);
#1128=VECTOR('',#4201,1000.);
#1129=VECTOR('',#4206,1000.);
#1130=VECTOR('',#4211,1000.);
#1131=VECTOR('',#4216,1000.);
#1132=VECTOR('',#4225,1000.);
#1133=VECTOR('',#4226,1000.);
#1134=VECTOR('',#4229,1000.);
#1135=VECTOR('',#4230,1000.);
#1136=VECTOR('',#4233,1000.);
#1137=VECTOR('',#4234,1000.);
#1138=VECTOR('',#4237,1000.);
#1139=VECTOR('',#4238,1000.);
#1140=VECTOR('',#4259,1000.);
#1141=VECTOR('',#4260,1000.);
#1142=VECTOR('',#4269,1000.);
#1143=VECTOR('',#4270,1000.);
#1144=VECTOR('',#4271,1000.);
#1145=VECTOR('',#4274,1000.);
#1146=VECTOR('',#4275,1000.);
#1147=VECTOR('',#4276,1000.);
#1148=VECTOR('',#4277,1000.);
#1149=VECTOR('',#4278,1000.);
#1150=VECTOR('',#4279,1000.);
#1151=VECTOR('',#4282,1000.);
#1152=VECTOR('',#4285,1000.);
#1153=VECTOR('',#4290,1000.);
#1154=VECTOR('',#4291,1000.);
#1155=VECTOR('',#4292,1000.);
#1156=VECTOR('',#4297,1000.);
#1157=VECTOR('',#4304,1000.);
#1158=VECTOR('',#4309,1000.);
#1159=VECTOR('',#4310,1000.);
#1160=VECTOR('',#4321,1000.);
#1161=VECTOR('',#4322,1000.);
#1162=VECTOR('',#4325,1000.);
#1163=VECTOR('',#4326,1000.);
#1164=VECTOR('',#4327,1000.);
#1165=VECTOR('',#4328,1000.);
#1166=VECTOR('',#4331,1000.);
#1167=VECTOR('',#4332,1000.);
#1168=VECTOR('',#4333,1000.);
#1169=VECTOR('',#4336,1000.);
#1170=VECTOR('',#4339,1000.);
#1171=VECTOR('',#4340,1000.);
#1172=VECTOR('',#4345,1000.);
#1173=VECTOR('',#4346,1000.);
#1174=VECTOR('',#4347,1000.);
#1175=VECTOR('',#4354,1000.);
#1176=VECTOR('',#4357,1000.);
#1177=VECTOR('',#4362,1000.);
#1178=VECTOR('',#4363,1000.);
#1179=VECTOR('',#4364,1000.);
#1180=VECTOR('',#4365,1000.);
#1181=VECTOR('',#4370,1000.);
#1182=VECTOR('',#4377,1000.);
#1183=VECTOR('',#4378,1000.);
#1184=VECTOR('',#4379,1000.);
#1185=VECTOR('',#4384,1000.);
#1186=VECTOR('',#4385,1000.);
#1187=VECTOR('',#4388,1000.);
#1188=VECTOR('',#4389,1000.);
#1189=VECTOR('',#4390,999.999999999999);
#1190=VECTOR('',#4391,1000.);
#1191=VECTOR('',#4392,1000.);
#1192=VECTOR('',#4393,1000.);
#1193=VECTOR('',#4394,1000.);
#1194=VECTOR('',#4397,1000.);
#1195=VECTOR('',#4398,1000.);
#1196=VECTOR('',#4399,1000.);
#1197=VECTOR('',#4402,1000.);
#1198=VECTOR('',#4403,1000.);
#1199=VECTOR('',#4404,1000.);
#1200=VECTOR('',#4405,1000.);
#1201=VECTOR('',#4406,1000.);
#1202=VECTOR('',#4411,1000.);
#1203=VECTOR('',#4412,1000.);
#1204=VECTOR('',#4421,1000.);
#1205=VECTOR('',#4422,1000.);
#1206=VECTOR('',#4425,1000.);
#1207=VECTOR('',#4426,1000.);
#1208=VECTOR('',#4427,1000.);
#1209=VECTOR('',#4430,1000.);
#1210=VECTOR('',#4431,1000.);
#1211=VECTOR('',#4432,1000.);
#1212=VECTOR('',#4435,1000.);
#1213=VECTOR('',#4438,1000.);
#1214=VECTOR('',#4441,1000.);
#1215=VECTOR('',#4446,1000.);
#1216=VECTOR('',#4447,1000.);
#1217=VECTOR('',#4448,1000.);
#1218=VECTOR('',#4451,1000.);
#1219=VECTOR('',#4452,1000.);
#1220=VECTOR('',#4453,1000.);
#1221=VECTOR('',#4462,1000.);
#1222=VECTOR('',#4463,1000.);
#1223=VECTOR('',#4468,1000.);
#1224=VECTOR('',#4469,1000.);
#1225=VECTOR('',#4470,1000.);
#1226=VECTOR('',#4473,1000.);
#1227=VECTOR('',#4474,1000.);
#1228=VECTOR('',#4475,1000.);
#1229=VECTOR('',#4476,1000.);
#1230=VECTOR('',#4477,1000.);
#1231=VECTOR('',#4480,1000.);
#1232=VECTOR('',#4481,1000.);
#1233=VECTOR('',#4482,1000.);
#1234=VECTOR('',#4485,1000.);
#1235=VECTOR('',#4488,1000.);
#1236=VECTOR('',#4489,1000.);
#1237=VECTOR('',#4498,1000.);
#1238=VECTOR('',#4499,1000.);
#1239=VECTOR('',#4502,1000.);
#1240=VECTOR('',#4503,1000.);
#1241=VECTOR('',#4504,1000.);
#1242=VECTOR('',#4505,1000.);
#1243=VECTOR('',#4510,1000.);
#1244=VECTOR('',#4511,1000.);
#1245=VECTOR('',#4514,1000.);
#1246=VECTOR('',#4519,1000.);
#1247=VECTOR('',#4520,1000.);
#1248=VECTOR('',#4521,1000.);
#1249=VECTOR('',#4522,1000.);
#1250=VECTOR('',#4523,1000.);
#1251=VECTOR('',#4526,1000.);
#1252=VECTOR('',#4527,1000.);
#1253=VECTOR('',#4528,1000.);
#1254=VECTOR('',#4531,999.999999999999);
#1255=VECTOR('',#4532,1000.);
#1256=VECTOR('',#4535,1000.);
#1257=VECTOR('',#4536,1000.);
#1258=VECTOR('',#4541,1000.);
#1259=VECTOR('',#4544,1000.);
#1260=VECTOR('',#4547,1000.);
#1261=VECTOR('',#4548,1000.);
#1262=VECTOR('',#4571,1000.);
#1263=VECTOR('',#4576,1000.);
#1264=VECTOR('',#4577,1000.);
#1265=VECTOR('',#4604,1000.);
#1266=VECTOR('',#4605,1000.);
#1267=VECTOR('',#4606,1000.);
#1268=VECTOR('',#4607,1000.);
#1269=VECTOR('',#4610,1000.);
#1270=VECTOR('',#4613,1000.);
#1271=VECTOR('',#4624,1000.);
#1272=VECTOR('',#4635,1000.);
#1273=VECTOR('',#4636,1000.);
#1274=VECTOR('',#4641,1000.);
#1275=VECTOR('',#4644,1000.);
#1276=VECTOR('',#4653,1000.);
#1277=VECTOR('',#4656,1000.);
#1278=VECTOR('',#4665,1000.);
#1279=VECTOR('',#4676,1000.);
#1280=VECTOR('',#4679,1000.);
#1281=VECTOR('',#4682,1000.);
#1282=VECTOR('',#4695,1000.);
#1283=VECTOR('',#4698,1000.);
#1284=VECTOR('',#4699,1000.);
#1285=VECTOR('',#4700,1000.);
#1286=VECTOR('',#4703,1000.);
#1287=VECTOR('',#4704,1000.);
#1288=VECTOR('',#4707,1000.);
#1289=VECTOR('',#4710,1000.);
#1290=VECTOR('',#4711,1000.);
#1291=VECTOR('',#4712,1000.);
#1292=VECTOR('',#4713,1000.);
#1293=VECTOR('',#4714,1000.);
#1294=VECTOR('',#4715,1000.);
#1295=VECTOR('',#4716,1000.);
#1296=VECTOR('',#4719,1000.);
#1297=VECTOR('',#4720,1000.);
#1298=VECTOR('',#4721,1000.);
#1299=VECTOR('',#4722,1000.);
#1300=VECTOR('',#4725,1000.);
#1301=VECTOR('',#4726,1000.);
#1302=VECTOR('',#4727,1000.);
#1303=VECTOR('',#4730,1000.);
#1304=VECTOR('',#4731,1000.);
#1305=VECTOR('',#4732,1000.);
#1306=VECTOR('',#4733,1000.);
#1307=VECTOR('',#4734,1000.);
#1308=VECTOR('',#4735,1000.);
#1309=VECTOR('',#4736,1000.);
#1310=VECTOR('',#4737,1000.);
#1311=VECTOR('',#4738,1000.);
#1312=VECTOR('',#4741,1000.);
#1313=VECTOR('',#4744,1000.);
#1314=VECTOR('',#4747,1000.);
#1315=VECTOR('',#4752,1000.);
#1316=VECTOR('',#4755,1000.);
#1317=VECTOR('',#4758,1000.);
#1318=VECTOR('',#4759,1000.);
#1319=VECTOR('',#4760,1000.);
#1320=VECTOR('',#4761,1000.);
#1321=VECTOR('',#4762,1000.);
#1322=VECTOR('',#4771,1000.);
#1323=VECTOR('',#4784,1000.);
#1324=VECTOR('',#4801,1000.);
#1325=VECTOR('',#4816,1000.);
#1326=VECTOR('',#4827,1000.);
#1327=VECTOR('',#4842,1000.);
#1328=VECTOR('',#4843,1000.);
#1329=VECTOR('',#4844,1000.);
#1330=VECTOR('',#4847,1000.);
#1331=VECTOR('',#4850,1000.);
#1332=VECTOR('',#4853,1000.);
#1333=VECTOR('',#4856,1000.);
#1334=VECTOR('',#4861,1000.);
#1335=VECTOR('',#4866,1000.);
#1336=VECTOR('',#4869,1000.);
#1337=VECTOR('',#4872,1000.);
#1338=VECTOR('',#4875,1000.);
#1339=VECTOR('',#4876,1000.);
#1340=VECTOR('',#4877,1000.);
#1341=VECTOR('',#4884,1000.);
#1342=VECTOR('',#4887,1000.);
#1343=VECTOR('',#4890,1000.);
#1344=VECTOR('',#4893,1000.);
#1345=VECTOR('',#4896,1000.);
#1346=VECTOR('',#4899,1000.);
#1347=VECTOR('',#4902,1000.);
#1348=VECTOR('',#4907,1000.);
#1349=VECTOR('',#4910,1000.);
#1350=VECTOR('',#4915,1000.);
#1351=VECTOR('',#4918,1000.);
#1352=VECTOR('',#4921,1000.);
#1353=VECTOR('',#4926,1000.);
#1354=VECTOR('',#4929,1000.);
#1355=VECTOR('',#4932,1000.);
#1356=VECTOR('',#4939,1000.);
#1357=VECTOR('',#4946,1000.);
#1358=VECTOR('',#4947,1000.);
#1359=VECTOR('',#4948,1000.);
#1360=VECTOR('',#4949,1000.);
#1361=VECTOR('',#4952,1000.);
#1362=VECTOR('',#4953,1000.);
#1363=VECTOR('',#4954,1000.);
#1364=VECTOR('',#4957,1000.);
#1365=VECTOR('',#4958,1000.);
#1366=VECTOR('',#4961,1000.);
#1367=VECTOR('',#4962,1000.);
#1368=VECTOR('',#4965,1000.);
#1369=VERTEX_POINT('',#5005);
#1370=VERTEX_POINT('',#5006);
#1371=VERTEX_POINT('',#5008);
#1372=VERTEX_POINT('',#5010);
#1373=VERTEX_POINT('',#5012);
#1374=VERTEX_POINT('',#5014);
#1375=VERTEX_POINT('',#5016);
#1376=VERTEX_POINT('',#5018);
#1377=VERTEX_POINT('',#5020);
#1378=VERTEX_POINT('',#5022);
#1379=VERTEX_POINT('',#5024);
#1380=VERTEX_POINT('',#5026);
#1381=VERTEX_POINT('',#5028);
#1382=VERTEX_POINT('',#5030);
#1383=VERTEX_POINT('',#5032);
#1384=VERTEX_POINT('',#5034);
#1385=VERTEX_POINT('',#5036);
#1386=VERTEX_POINT('',#5038);
#1387=VERTEX_POINT('',#5040);
#1388=VERTEX_POINT('',#5044);
#1389=VERTEX_POINT('',#5045);
#1390=VERTEX_POINT('',#5047);
#1391=VERTEX_POINT('',#5049);
#1392=VERTEX_POINT('',#5051);
#1393=VERTEX_POINT('',#5053);
#1394=VERTEX_POINT('',#5057);
#1395=VERTEX_POINT('',#5058);
#1396=VERTEX_POINT('',#5063);
#1397=VERTEX_POINT('',#5064);
#1398=VERTEX_POINT('',#5069);
#1399=VERTEX_POINT('',#5070);
#1400=VERTEX_POINT('',#5072);
#1401=VERTEX_POINT('',#5074);
#1402=VERTEX_POINT('',#5078);
#1403=VERTEX_POINT('',#5080);
#1404=VERTEX_POINT('',#5082);
#1405=VERTEX_POINT('',#5084);
#1406=VERTEX_POINT('',#5086);
#1407=VERTEX_POINT('',#5088);
#1408=VERTEX_POINT('',#5090);
#1409=VERTEX_POINT('',#5092);
#1410=VERTEX_POINT('',#5094);
#1411=VERTEX_POINT('',#5096);
#1412=VERTEX_POINT('',#5098);
#1413=VERTEX_POINT('',#5100);
#1414=VERTEX_POINT('',#5103);
#1415=VERTEX_POINT('',#5105);
#1416=VERTEX_POINT('',#5107);
#1417=VERTEX_POINT('',#5111);
#1418=VERTEX_POINT('',#5113);
#1419=VERTEX_POINT('',#5117);
#1420=VERTEX_POINT('',#5118);
#1421=VERTEX_POINT('',#5120);
#1422=VERTEX_POINT('',#5122);
#1423=VERTEX_POINT('',#5126);
#1424=VERTEX_POINT('',#5128);
#1425=VERTEX_POINT('',#5132);
#1426=VERTEX_POINT('',#5133);
#1427=VERTEX_POINT('',#5135);
#1428=VERTEX_POINT('',#5137);
#1429=VERTEX_POINT('',#5139);
#1430=VERTEX_POINT('',#5141);
#1431=VERTEX_POINT('',#5143);
#1432=VERTEX_POINT('',#5145);
#1433=VERTEX_POINT('',#5147);
#1434=VERTEX_POINT('',#5151);
#1435=VERTEX_POINT('',#5153);
#1436=VERTEX_POINT('',#5157);
#1437=VERTEX_POINT('',#5159);
#1438=VERTEX_POINT('',#5161);
#1439=VERTEX_POINT('',#5163);
#1440=VERTEX_POINT('',#5165);
#1441=VERTEX_POINT('',#5167);
#1442=VERTEX_POINT('',#5171);
#1443=VERTEX_POINT('',#5172);
#1444=VERTEX_POINT('',#5177);
#1445=VERTEX_POINT('',#5181);
#1446=VERTEX_POINT('',#5185);
#1447=VERTEX_POINT('',#5189);
#1448=VERTEX_POINT('',#5192);
#1449=VERTEX_POINT('',#5196);
#1450=VERTEX_POINT('',#5197);
#1451=VERTEX_POINT('',#5202);
#1452=VERTEX_POINT('',#5206);
#1453=VERTEX_POINT('',#5210);
#1454=VERTEX_POINT('',#5214);
#1455=VERTEX_POINT('',#5218);
#1456=VERTEX_POINT('',#5220);
#1457=VERTEX_POINT('',#5224);
#1458=VERTEX_POINT('',#5229);
#1459=VERTEX_POINT('',#5232);
#1460=VERTEX_POINT('',#5236);
#1461=VERTEX_POINT('',#5239);
#1462=VERTEX_POINT('',#5242);
#1463=VERTEX_POINT('',#5269);
#1464=VERTEX_POINT('',#5273);
#1465=VERTEX_POINT('',#5277);
#1466=VERTEX_POINT('',#5279);
#1467=VERTEX_POINT('',#5282);
#1468=VERTEX_POINT('',#5284);
#1469=VERTEX_POINT('',#5287);
#1470=VERTEX_POINT('',#5289);
#1471=VERTEX_POINT('',#5292);
#1472=VERTEX_POINT('',#5294);
#1473=VERTEX_POINT('',#5321);
#1474=VERTEX_POINT('',#5322);
#1475=VERTEX_POINT('',#5324);
#1476=VERTEX_POINT('',#5326);
#1477=VERTEX_POINT('',#5328);
#1478=VERTEX_POINT('',#5330);
#1479=VERTEX_POINT('',#5332);
#1480=VERTEX_POINT('',#5334);
#1481=VERTEX_POINT('',#5336);
#1482=VERTEX_POINT('',#5340);
#1483=VERTEX_POINT('',#5341);
#1484=VERTEX_POINT('',#5343);
#1485=VERTEX_POINT('',#5345);
#1486=VERTEX_POINT('',#5347);
#1487=VERTEX_POINT('',#5349);
#1488=VERTEX_POINT('',#5353);
#1489=VERTEX_POINT('',#5354);
#1490=VERTEX_POINT('',#5356);
#1491=VERTEX_POINT('',#5358);
#1492=VERTEX_POINT('',#5362);
#1493=VERTEX_POINT('',#5364);
#1494=VERTEX_POINT('',#5368);
#1495=VERTEX_POINT('',#5369);
#1496=VERTEX_POINT('',#5372);
#1497=VERTEX_POINT('',#5381);
#1498=VERTEX_POINT('',#5383);
#1499=VERTEX_POINT('',#5392);
#1500=VERTEX_POINT('',#5394);
#1501=VERTEX_POINT('',#5398);
#1502=VERTEX_POINT('',#5403);
#1503=VERTEX_POINT('',#5405);
#1504=VERTEX_POINT('',#5412);
#1505=VERTEX_POINT('',#5413);
#1506=VERTEX_POINT('',#5415);
#1507=VERTEX_POINT('',#5417);
#1508=VERTEX_POINT('',#5421);
#1509=VERTEX_POINT('',#5423);
#1510=VERTEX_POINT('',#5427);
#1511=VERTEX_POINT('',#5429);
#1512=VERTEX_POINT('',#5432);
#1513=VERTEX_POINT('',#5436);
#1514=VERTEX_POINT('',#5437);
#1515=VERTEX_POINT('',#5439);
#1516=VERTEX_POINT('',#5444);
#1517=VERTEX_POINT('',#5445);
#1518=VERTEX_POINT('',#5447);
#1519=VERTEX_POINT('',#5449);
#1520=VERTEX_POINT('',#5453);
#1521=VERTEX_POINT('',#5455);
#1522=VERTEX_POINT('',#5457);
#1523=VERTEX_POINT('',#5463);
#1524=VERTEX_POINT('',#5464);
#1525=VERTEX_POINT('',#5468);
#1526=VERTEX_POINT('',#5470);
#1527=VERTEX_POINT('',#5472);
#1528=VERTEX_POINT('',#5474);
#1529=VERTEX_POINT('',#5478);
#1530=VERTEX_POINT('',#5480);
#1531=VERTEX_POINT('',#5482);
#1532=VERTEX_POINT('',#5484);
#1533=VERTEX_POINT('',#5486);
#1534=VERTEX_POINT('',#5488);
#1535=VERTEX_POINT('',#5490);
#1536=VERTEX_POINT('',#5492);
#1537=VERTEX_POINT('',#5494);
#1538=VERTEX_POINT('',#5496);
#1539=VERTEX_POINT('',#5498);
#1540=VERTEX_POINT('',#5500);
#1541=VERTEX_POINT('',#5502);
#1542=VERTEX_POINT('',#5504);
#1543=VERTEX_POINT('',#5506);
#1544=VERTEX_POINT('',#5508);
#1545=VERTEX_POINT('',#5510);
#1546=VERTEX_POINT('',#5512);
#1547=VERTEX_POINT('',#5515);
#1548=VERTEX_POINT('',#5525);
#1549=VERTEX_POINT('',#5530);
#1550=VERTEX_POINT('',#5534);
#1551=VERTEX_POINT('',#5536);
#1552=VERTEX_POINT('',#5541);
#1553=VERTEX_POINT('',#5552);
#1554=VERTEX_POINT('',#5553);
#1555=VERTEX_POINT('',#5561);
#1556=VERTEX_POINT('',#5563);
#1557=VERTEX_POINT('',#5567);
#1558=VERTEX_POINT('',#5569);
#1559=VERTEX_POINT('',#5573);
#1560=VERTEX_POINT('',#5574);
#1561=VERTEX_POINT('',#5576);
#1562=VERTEX_POINT('',#5578);
#1563=VERTEX_POINT('',#5580);
#1564=VERTEX_POINT('',#5584);
#1565=VERTEX_POINT('',#5589);
#1566=VERTEX_POINT('',#5602);
#1567=VERTEX_POINT('',#5604);
#1568=VERTEX_POINT('',#5608);
#1569=VERTEX_POINT('',#5610);
#1570=VERTEX_POINT('',#5612);
#1571=VERTEX_POINT('',#5616);
#1572=VERTEX_POINT('',#5618);
#1573=VERTEX_POINT('',#5620);
#1574=VERTEX_POINT('',#5624);
#1575=VERTEX_POINT('',#5625);
#1576=VERTEX_POINT('',#5630);
#1577=VERTEX_POINT('',#5639);
#1578=VERTEX_POINT('',#5643);
#1579=VERTEX_POINT('',#5644);
#1580=VERTEX_POINT('',#5647);
#1581=VERTEX_POINT('',#5649);
#1582=VERTEX_POINT('',#5653);
#1583=VERTEX_POINT('',#5655);
#1584=VERTEX_POINT('',#5659);
#1585=VERTEX_POINT('',#5663);
#1586=VERTEX_POINT('',#5672);
#1587=VERTEX_POINT('',#5677);
#1588=VERTEX_POINT('',#5679);
#1589=VERTEX_POINT('',#5685);
#1590=VERTEX_POINT('',#5687);
#1591=VERTEX_POINT('',#5708);
#1592=VERTEX_POINT('',#5709);
#1593=VERTEX_POINT('',#5711);
#1594=VERTEX_POINT('',#5713);
#1595=VERTEX_POINT('',#5717);
#1596=VERTEX_POINT('',#5718);
#1597=VERTEX_POINT('',#5720);
#1598=VERTEX_POINT('',#5722);
#1599=VERTEX_POINT('',#5724);
#1600=VERTEX_POINT('',#5726);
#1601=VERTEX_POINT('',#5728);
#1602=VERTEX_POINT('',#5730);
#1603=VERTEX_POINT('',#5732);
#1604=VERTEX_POINT('',#5734);
#1605=VERTEX_POINT('',#5736);
#1606=VERTEX_POINT('',#5738);
#1607=VERTEX_POINT('',#5740);
#1608=VERTEX_POINT('',#5743);
#1609=VERTEX_POINT('',#5745);
#1610=VERTEX_POINT('',#5749);
#1611=VERTEX_POINT('',#5753);
#1612=VERTEX_POINT('',#5754);
#1613=VERTEX_POINT('',#5756);
#1614=VERTEX_POINT('',#5758);
#1615=VERTEX_POINT('',#5760);
#1616=VERTEX_POINT('',#5762);
#1617=VERTEX_POINT('',#5764);
#1618=VERTEX_POINT('',#5766);
#1619=VERTEX_POINT('',#5768);
#1620=VERTEX_POINT('',#5771);
#1621=VERTEX_POINT('',#5773);
#1622=VERTEX_POINT('',#5775);
#1623=VERTEX_POINT('',#5777);
#1624=VERTEX_POINT('',#5779);
#1625=VERTEX_POINT('',#5781);
#1626=VERTEX_POINT('',#5783);
#1627=VERTEX_POINT('',#5785);
#1628=VERTEX_POINT('',#5787);
#1629=VERTEX_POINT('',#5789);
#1630=VERTEX_POINT('',#5791);
#1631=VERTEX_POINT('',#5793);
#1632=VERTEX_POINT('',#5795);
#1633=VERTEX_POINT('',#5797);
#1634=VERTEX_POINT('',#5799);
#1635=VERTEX_POINT('',#5801);
#1636=VERTEX_POINT('',#5803);
#1637=VERTEX_POINT('',#5805);
#1638=VERTEX_POINT('',#5811);
#1639=VERTEX_POINT('',#5813);
#1640=VERTEX_POINT('',#5822);
#1641=VERTEX_POINT('',#5823);
#1642=VERTEX_POINT('',#5826);
#1643=VERTEX_POINT('',#5828);
#1644=VERTEX_POINT('',#5830);
#1645=VERTEX_POINT('',#5832);
#1646=VERTEX_POINT('',#5836);
#1647=VERTEX_POINT('',#5838);
#1648=VERTEX_POINT('',#5843);
#1649=VERTEX_POINT('',#5845);
#1650=VERTEX_POINT('',#5849);
#1651=VERTEX_POINT('',#5850);
#1652=VERTEX_POINT('',#5852);
#1653=VERTEX_POINT('',#5854);
#1654=VERTEX_POINT('',#5856);
#1655=VERTEX_POINT('',#5858);
#1656=VERTEX_POINT('',#5860);
#1657=VERTEX_POINT('',#5862);
#1658=VERTEX_POINT('',#5867);
#1659=VERTEX_POINT('',#5869);
#1660=VERTEX_POINT('',#5881);
#1661=VERTEX_POINT('',#5883);
#1662=VERTEX_POINT('',#5889);
#1663=VERTEX_POINT('',#5891);
#1664=VERTEX_POINT('',#5893);
#1665=VERTEX_POINT('',#5895);
#1666=VERTEX_POINT('',#5897);
#1667=VERTEX_POINT('',#5899);
#1668=VERTEX_POINT('',#5901);
#1669=VERTEX_POINT('',#5910);
#1670=VERTEX_POINT('',#5912);
#1671=VERTEX_POINT('',#5914);
#1672=VERTEX_POINT('',#5916);
#1673=VERTEX_POINT('',#5918);
#1674=VERTEX_POINT('',#5920);
#1675=VERTEX_POINT('',#5922);
#1676=VERTEX_POINT('',#5924);
#1677=VERTEX_POINT('',#5926);
#1678=VERTEX_POINT('',#5930);
#1679=VERTEX_POINT('',#5934);
#1680=VERTEX_POINT('',#5936);
#1681=VERTEX_POINT('',#5938);
#1682=VERTEX_POINT('',#5940);
#1683=VERTEX_POINT('',#5942);
#1684=VERTEX_POINT('',#5944);
#1685=VERTEX_POINT('',#5946);
#1686=VERTEX_POINT('',#5948);
#1687=VERTEX_POINT('',#5954);
#1688=VERTEX_POINT('',#5955);
#1689=VERTEX_POINT('',#5968);
#1690=VERTEX_POINT('',#5970);
#1691=VERTEX_POINT('',#5980);
#1692=VERTEX_POINT('',#5982);
#1693=VERTEX_POINT('',#5984);
#1694=VERTEX_POINT('',#5988);
#1695=VERTEX_POINT('',#6004);
#1696=VERTEX_POINT('',#6008);
#1697=VERTEX_POINT('',#6031);
#1698=VERTEX_POINT('',#6032);
#1699=VERTEX_POINT('',#6034);
#1700=VERTEX_POINT('',#6036);
#1701=VERTEX_POINT('',#6040);
#1702=VERTEX_POINT('',#6042);
#1703=VERTEX_POINT('',#6046);
#1704=VERTEX_POINT('',#6050);
#1705=EDGE_CURVE('',#1369,#1370,#731,.T.);
#1706=EDGE_CURVE('',#1370,#1371,#555,.F.);
#1707=EDGE_CURVE('',#1372,#1371,#732,.T.);
#1708=EDGE_CURVE('',#1372,#1373,#556,.F.);
#1709=EDGE_CURVE('',#1374,#1373,#733,.T.);
#1710=EDGE_CURVE('',#1375,#1374,#557,.T.);
#1711=EDGE_CURVE('',#1375,#1376,#558,.T.);
#1712=EDGE_CURVE('',#1377,#1376,#559,.T.);
#1713=EDGE_CURVE('',#1378,#1377,#734,.T.);
#1714=EDGE_CURVE('',#1379,#1378,#560,.F.);
#1715=EDGE_CURVE('',#1380,#1379,#735,.T.);
#1716=EDGE_CURVE('',#1381,#1380,#561,.T.);
#1717=EDGE_CURVE('',#1381,#1382,#562,.T.);
#1718=EDGE_CURVE('',#1383,#1382,#563,.T.);
#1719=EDGE_CURVE('',#1384,#1383,#736,.T.);
#1720=EDGE_CURVE('',#1384,#1385,#564,.F.);
#1721=EDGE_CURVE('',#1385,#1386,#737,.T.);
#1722=EDGE_CURVE('',#1386,#1387,#565,.F.);
#1723=EDGE_CURVE('',#1387,#1369,#738,.T.);
#1724=EDGE_CURVE('',#1388,#1389,#739,.T.);
#1725=EDGE_CURVE('',#1389,#1390,#740,.F.);
#1726=EDGE_CURVE('',#1390,#1391,#741,.T.);
#1727=EDGE_CURVE('',#1391,#1392,#742,.F.);
#1728=EDGE_CURVE('',#1392,#1393,#743,.F.);
#1729=EDGE_CURVE('',#1393,#1388,#744,.F.);
#1730=EDGE_CURVE('',#1394,#1395,#745,.F.);
#1731=EDGE_CURVE('',#1395,#1384,#746,.T.);
#1732=EDGE_CURVE('',#1383,#1394,#747,.F.);
#1733=EDGE_CURVE('',#1396,#1397,#748,.T.);
#1734=EDGE_CURVE('',#1397,#1370,#749,.T.);
#1735=EDGE_CURVE('',#1396,#1369,#750,.T.);
#1736=EDGE_CURVE('',#1398,#1399,#751,.T.);
#1737=EDGE_CURVE('',#1399,#1400,#752,.F.);
#1738=EDGE_CURVE('',#1401,#1400,#753,.T.);
#1739=EDGE_CURVE('',#1398,#1401,#754,.T.);
#1740=EDGE_CURVE('',#1400,#1402,#566,.F.);
#1741=EDGE_CURVE('',#1402,#1403,#755,.T.);
#1742=EDGE_CURVE('',#1403,#1404,#567,.F.);
#1743=EDGE_CURVE('',#1405,#1404,#756,.T.);
#1744=EDGE_CURVE('',#1406,#1405,#568,.T.);
#1745=EDGE_CURVE('',#1406,#1407,#569,.T.);
#1746=EDGE_CURVE('',#1408,#1407,#570,.T.);
#1747=EDGE_CURVE('',#1409,#1408,#757,.T.);
#1748=EDGE_CURVE('',#1410,#1409,#571,.F.);
#1749=EDGE_CURVE('',#1411,#1410,#758,.T.);
#1750=EDGE_CURVE('',#1412,#1411,#572,.T.);
#1751=EDGE_CURVE('',#1412,#1413,#573,.T.);
#1752=EDGE_CURVE('',#1391,#1413,#574,.T.);
#1753=EDGE_CURVE('',#1390,#1414,#575,.F.);
#1754=EDGE_CURVE('',#1414,#1415,#759,.T.);
#1755=EDGE_CURVE('',#1415,#1416,#576,.F.);
#1756=EDGE_CURVE('',#1416,#1401,#760,.T.);
#1757=EDGE_CURVE('',#1393,#1417,#577,.F.);
#1758=EDGE_CURVE('',#1417,#1418,#761,.F.);
#1759=EDGE_CURVE('',#1418,#1388,#578,.T.);
#1760=EDGE_CURVE('',#1419,#1420,#762,.F.);
#1761=EDGE_CURVE('',#1420,#1421,#579,.T.);
#1762=EDGE_CURVE('',#1421,#1422,#763,.T.);
#1763=EDGE_CURVE('',#1422,#1419,#580,.F.);
#1764=EDGE_CURVE('',#1423,#1423,#581,.T.);
#1765=EDGE_CURVE('',#1423,#1424,#764,.T.);
#1766=EDGE_CURVE('',#1424,#1424,#582,.F.);
#1767=EDGE_CURVE('',#1425,#1426,#765,.T.);
#1768=EDGE_CURVE('',#1425,#1427,#583,.F.);
#1769=EDGE_CURVE('',#1428,#1427,#584,.T.);
#1770=EDGE_CURVE('',#1428,#1429,#585,.F.);
#1771=EDGE_CURVE('',#1430,#1429,#766,.T.);
#1772=EDGE_CURVE('',#1430,#1431,#586,.T.);
#1773=EDGE_CURVE('',#1432,#1431,#587,.F.);
#1774=EDGE_CURVE('',#1433,#1432,#588,.F.);
#1775=EDGE_CURVE('',#1433,#1426,#589,.T.);
#1776=EDGE_CURVE('',#1427,#1434,#767,.T.);
#1777=EDGE_CURVE('',#1435,#1434,#590,.T.);
#1778=EDGE_CURVE('',#1435,#1428,#768,.F.);
#1779=EDGE_CURVE('',#1434,#1436,#591,.T.);
#1780=EDGE_CURVE('',#1436,#1437,#769,.T.);
#1781=EDGE_CURVE('',#1437,#1438,#592,.F.);
#1782=EDGE_CURVE('',#1438,#1439,#593,.T.);
#1783=EDGE_CURVE('',#1439,#1440,#594,.F.);
#1784=EDGE_CURVE('',#1440,#1441,#770,.T.);
#1785=EDGE_CURVE('',#1441,#1435,#595,.T.);
#1786=EDGE_CURVE('',#1442,#1443,#771,.F.);
#1787=EDGE_CURVE('',#1443,#1378,#772,.F.);
#1788=EDGE_CURVE('',#1377,#1442,#773,.F.);
#1789=EDGE_CURVE('',#1444,#1443,#596,.F.);
#1790=EDGE_CURVE('',#1379,#1444,#774,.F.);
#1791=EDGE_CURVE('',#1444,#1445,#775,.F.);
#1792=EDGE_CURVE('',#1445,#1380,#776,.T.);
#1793=EDGE_CURVE('',#1445,#1446,#597,.F.);
#1794=EDGE_CURVE('',#1446,#1381,#777,.F.);
#1795=EDGE_CURVE('',#1404,#1447,#778,.T.);
#1796=EDGE_CURVE('',#1420,#1447,#779,.T.);
#1797=EDGE_CURVE('',#1419,#1448,#780,.F.);
#1798=EDGE_CURVE('',#1448,#1405,#781,.T.);
#1799=EDGE_CURVE('',#1449,#1450,#598,.F.);
#1800=EDGE_CURVE('',#1450,#1408,#782,.F.);
#1801=EDGE_CURVE('',#1407,#1449,#783,.T.);
#1802=EDGE_CURVE('',#1450,#1451,#784,.F.);
#1803=EDGE_CURVE('',#1451,#1409,#785,.F.);
#1804=EDGE_CURVE('',#1452,#1451,#599,.F.);
#1805=EDGE_CURVE('',#1410,#1452,#786,.F.);
#1806=EDGE_CURVE('',#1452,#1453,#787,.F.);
#1807=EDGE_CURVE('',#1453,#1411,#788,.T.);
#1808=EDGE_CURVE('',#1453,#1454,#600,.F.);
#1809=EDGE_CURVE('',#1454,#1412,#789,.F.);
#1810=EDGE_CURVE('',#1373,#1455,#790,.F.);
#1811=EDGE_CURVE('',#1455,#1456,#791,.F.);
#1812=EDGE_CURVE('',#1456,#1374,#792,.T.);
#1813=EDGE_CURVE('',#1457,#1442,#601,.F.);
#1814=EDGE_CURVE('',#1376,#1457,#793,.T.);
#1815=EDGE_CURVE('',#1422,#1395,#602,.T.);
#1816=EDGE_CURVE('',#1394,#1458,#603,.T.);
#1817=EDGE_CURVE('',#1458,#1446,#604,.F.);
#1818=EDGE_CURVE('',#1457,#1459,#605,.F.);
#1819=EDGE_CURVE('',#1459,#1456,#606,.T.);
#1820=EDGE_CURVE('',#1455,#1417,#607,.T.);
#1821=EDGE_CURVE('',#1392,#1460,#608,.T.);
#1822=EDGE_CURVE('',#1460,#1454,#609,.F.);
#1823=EDGE_CURVE('',#1449,#1461,#610,.F.);
#1824=EDGE_CURVE('',#1461,#1448,#611,.T.);
#1825=EDGE_CURVE('',#1462,#1462,#612,.F.);
#1826=EDGE_CURVE('',#1382,#1458,#794,.T.);
#1827=EDGE_CURVE('',#1461,#1406,#795,.F.);
#1828=EDGE_CURVE('',#1413,#1460,#796,.T.);
#1829=EDGE_CURVE('',#1459,#1375,#797,.F.);
#1830=EDGE_CURVE('',#1432,#1462,#798,.T.);
#1831=EDGE_CURVE('',#1431,#1439,#799,.T.);
#1832=EDGE_CURVE('',#1438,#1433,#800,.F.);
#1833=EDGE_CURVE('',#1429,#1441,#801,.T.);
#1834=EDGE_CURVE('',#1440,#1430,#802,.T.);
#1835=EDGE_CURVE('',#1436,#1425,#803,.F.);
#1836=EDGE_CURVE('',#1426,#1437,#804,.F.);
#1837=EDGE_CURVE('',#1387,#1463,#805,.F.);
#1838=EDGE_CURVE('',#1463,#1396,#806,.T.);
#1839=EDGE_CURVE('',#1416,#1464,#807,.T.);
#1840=EDGE_CURVE('',#1464,#1398,#808,.T.);
#1841=EDGE_CURVE('',#1418,#1465,#613,.F.);
#1842=EDGE_CURVE('',#1465,#1466,#809,.T.);
#1843=EDGE_CURVE('',#1466,#1397,#614,.F.);
#1844=EDGE_CURVE('',#1463,#1467,#615,.F.);
#1845=EDGE_CURVE('',#1468,#1467,#810,.T.);
#1846=EDGE_CURVE('',#1468,#1421,#616,.F.);
#1847=EDGE_CURVE('',#1447,#1469,#617,.F.);
#1848=EDGE_CURVE('',#1470,#1469,#811,.T.);
#1849=EDGE_CURVE('',#1470,#1399,#618,.F.);
#1850=EDGE_CURVE('',#1464,#1471,#619,.F.);
#1851=EDGE_CURVE('',#1472,#1471,#812,.T.);
#1852=EDGE_CURVE('',#1472,#1389,#620,.F.);
#1853=EDGE_CURVE('',#1402,#1470,#813,.T.);
#1854=EDGE_CURVE('',#1469,#1403,#814,.F.);
#1855=EDGE_CURVE('',#1471,#1415,#815,.F.);
#1856=EDGE_CURVE('',#1414,#1472,#816,.T.);
#1857=EDGE_CURVE('',#1371,#1466,#817,.F.);
#1858=EDGE_CURVE('',#1465,#1372,#818,.T.);
#1859=EDGE_CURVE('',#1467,#1386,#819,.T.);
#1860=EDGE_CURVE('',#1385,#1468,#820,.F.);
#1861=EDGE_CURVE('',#1473,#1474,#821,.T.);
#1862=EDGE_CURVE('',#1473,#1475,#822,.F.);
#1863=EDGE_CURVE('',#1476,#1475,#621,.T.);
#1864=EDGE_CURVE('',#1476,#1477,#622,.F.);
#1865=EDGE_CURVE('',#1478,#1477,#623,.F.);
#1866=EDGE_CURVE('',#1478,#1479,#624,.T.);
#1867=EDGE_CURVE('',#1480,#1479,#823,.F.);
#1868=EDGE_CURVE('',#1480,#1481,#824,.T.);
#1869=EDGE_CURVE('',#1474,#1481,#825,.T.);
#1870=EDGE_CURVE('',#1482,#1483,#826,.T.);
#1871=EDGE_CURVE('',#1484,#1483,#827,.T.);
#1872=EDGE_CURVE('',#1485,#1484,#828,.T.);
#1873=EDGE_CURVE('',#1485,#1486,#829,.T.);
#1874=EDGE_CURVE('',#1486,#1487,#830,.T.);
#1875=EDGE_CURVE('',#1487,#1482,#831,.F.);
#1876=EDGE_CURVE('',#1488,#1489,#832,.F.);
#1877=EDGE_CURVE('',#1490,#1489,#625,.F.);
#1878=EDGE_CURVE('',#1490,#1491,#833,.T.);
#1879=EDGE_CURVE('',#1491,#1488,#626,.F.);
#1880=EDGE_CURVE('',#1492,#1481,#834,.T.);
#1881=EDGE_CURVE('',#1492,#1493,#835,.T.);
#1882=EDGE_CURVE('',#1474,#1493,#836,.T.);
#1883=EDGE_CURVE('',#1494,#1495,#627,.T.);
#1884=EDGE_CURVE('',#1494,#1476,#837,.T.);
#1885=EDGE_CURVE('',#1475,#1496,#85,.T.);
#1886=EDGE_CURVE('',#1496,#1497,#628,.F.);
#1887=EDGE_CURVE('',#1497,#1498,#86,.F.);
#1888=EDGE_CURVE('',#1498,#1499,#629,.T.);
#1889=EDGE_CURVE('',#1500,#1499,#630,.F.);
#1890=EDGE_CURVE('',#1495,#1500,#838,.F.);
#1891=EDGE_CURVE('',#1473,#1501,#79,.F.);
#1892=EDGE_CURVE('',#1493,#1484,#839,.T.);
#1893=EDGE_CURVE('',#1483,#1501,#840,.F.);
#1894=EDGE_CURVE('',#1502,#1495,#631,.T.);
#1895=EDGE_CURVE('',#1502,#1503,#632,.T.);
#1896=EDGE_CURVE('',#1494,#1503,#633,.T.);
#1897=EDGE_CURVE('',#1503,#1477,#841,.T.);
#1898=EDGE_CURVE('',#1502,#1478,#842,.T.);
#1899=EDGE_CURVE('',#1504,#1505,#843,.T.);
#1900=EDGE_CURVE('',#1506,#1504,#844,.T.);
#1901=EDGE_CURVE('',#1507,#1506,#845,.T.);
#1902=EDGE_CURVE('',#1505,#1507,#846,.T.);
#1903=EDGE_CURVE('',#1508,#1490,#847,.T.);
#1904=EDGE_CURVE('',#1508,#1509,#848,.T.);
#1905=EDGE_CURVE('',#1509,#1491,#849,.T.);
#1906=EDGE_CURVE('',#1489,#1510,#850,.F.);
#1907=EDGE_CURVE('',#1510,#1511,#634,.T.);
#1908=EDGE_CURVE('',#1504,#1511,#851,.F.);
#1909=EDGE_CURVE('',#1512,#1505,#852,.T.);
#1910=EDGE_CURVE('',#1512,#1508,#635,.F.);
#1911=EDGE_CURVE('',#1513,#1514,#853,.T.);
#1912=EDGE_CURVE('',#1513,#1515,#854,.T.);
#1913=EDGE_CURVE('',#1506,#1515,#855,.T.);
#1914=EDGE_CURVE('',#1514,#1511,#80,.F.);
#1915=EDGE_CURVE('',#1516,#1517,#636,.F.);
#1916=EDGE_CURVE('',#1516,#1518,#856,.F.);
#1917=EDGE_CURVE('',#1518,#1519,#637,.T.);
#1918=EDGE_CURVE('',#1519,#1517,#857,.T.);
#1919=EDGE_CURVE('',#1518,#1520,#638,.T.);
#1920=EDGE_CURVE('',#1520,#1521,#858,.T.);
#1921=EDGE_CURVE('',#1522,#1521,#859,.F.);
#1922=EDGE_CURVE('',#1522,#1497,#860,.T.);
#1923=EDGE_CURVE('',#1501,#1496,#861,.T.);
#1924=EDGE_CURVE('',#1482,#1519,#639,.T.);
#1925=EDGE_CURVE('',#1523,#1524,#862,.T.);
#1926=EDGE_CURVE('',#1524,#1516,#640,.T.);
#1927=EDGE_CURVE('',#1517,#1487,#641,.T.);
#1928=EDGE_CURVE('',#1486,#1525,#642,.T.);
#1929=EDGE_CURVE('',#1526,#1525,#863,.T.);
#1930=EDGE_CURVE('',#1526,#1527,#864,.T.);
#1931=EDGE_CURVE('',#1527,#1528,#865,.T.);
#1932=EDGE_CURVE('',#1528,#1523,#643,.T.);
#1933=EDGE_CURVE('',#1492,#1529,#866,.T.);
#1934=EDGE_CURVE('',#1530,#1529,#867,.T.);
#1935=EDGE_CURVE('',#1530,#1531,#644,.F.);
#1936=EDGE_CURVE('',#1532,#1531,#868,.T.);
#1937=EDGE_CURVE('',#1533,#1532,#869,.T.);
#1938=EDGE_CURVE('',#1534,#1533,#870,.T.);
#1939=EDGE_CURVE('',#1535,#1534,#871,.T.);
#1940=EDGE_CURVE('',#1535,#1536,#872,.T.);
#1941=EDGE_CURVE('',#1536,#1537,#873,.T.);
#1942=EDGE_CURVE('',#1537,#1538,#874,.T.);
#1943=EDGE_CURVE('',#1538,#1539,#645,.F.);
#1944=EDGE_CURVE('',#1539,#1540,#875,.T.);
#1945=EDGE_CURVE('',#1540,#1541,#876,.T.);
#1946=EDGE_CURVE('',#1542,#1541,#877,.T.);
#1947=EDGE_CURVE('',#1542,#1543,#646,.F.);
#1948=EDGE_CURVE('',#1544,#1543,#878,.T.);
#1949=EDGE_CURVE('',#1545,#1544,#879,.T.);
#1950=EDGE_CURVE('',#1546,#1545,#880,.T.);
#1951=EDGE_CURVE('',#1512,#1546,#881,.T.);
#1952=EDGE_CURVE('',#1507,#1547,#882,.T.);
#1953=EDGE_CURVE('',#1547,#1485,#647,.F.);
#1954=EDGE_CURVE('',#1525,#1547,#883,.F.);
#1955=EDGE_CURVE('',#1526,#1515,#884,.F.);
#1956=EDGE_CURVE('',#1546,#1509,#648,.T.);
#1957=EDGE_CURVE('',#1513,#1548,#885,.T.);
#1958=EDGE_CURVE('',#1548,#1527,#886,.T.);
#1959=EDGE_CURVE('',#1543,#1528,#887,.T.);
#1960=EDGE_CURVE('',#1549,#1548,#888,.T.);
#1961=EDGE_CURVE('',#1544,#1549,#889,.T.);
#1962=EDGE_CURVE('',#1550,#1514,#890,.F.);
#1963=EDGE_CURVE('',#1551,#1550,#891,.F.);
#1964=EDGE_CURVE('',#1549,#1551,#892,.T.);
#1965=EDGE_CURVE('',#1551,#1545,#893,.T.);
#1966=EDGE_CURVE('',#1552,#1550,#649,.T.);
#1967=EDGE_CURVE('',#1488,#1552,#894,.T.);
#1968=EDGE_CURVE('',#1510,#1552,#895,.T.);
#1969=EDGE_CURVE('',#1520,#1524,#896,.T.);
#1970=EDGE_CURVE('',#1523,#1542,#897,.F.);
#1971=EDGE_CURVE('',#1521,#1541,#898,.T.);
#1972=EDGE_CURVE('',#1553,#1554,#899,.T.);
#1973=EDGE_CURVE('',#1554,#1499,#900,.F.);
#1974=EDGE_CURVE('',#1553,#1498,#901,.F.);
#1975=EDGE_CURVE('',#1553,#1522,#81,.T.);
#1976=EDGE_CURVE('',#1540,#1555,#902,.T.);
#1977=EDGE_CURVE('',#1555,#1556,#903,.F.);
#1978=EDGE_CURVE('',#1554,#1556,#82,.F.);
#1979=EDGE_CURVE('',#1557,#1536,#904,.T.);
#1980=EDGE_CURVE('',#1558,#1557,#905,.T.);
#1981=EDGE_CURVE('',#1537,#1558,#906,.T.);
#1982=EDGE_CURVE('',#1559,#1560,#907,.T.);
#1983=EDGE_CURVE('',#1559,#1561,#908,.T.);
#1984=EDGE_CURVE('',#1562,#1561,#909,.F.);
#1985=EDGE_CURVE('',#1562,#1563,#910,.T.);
#1986=EDGE_CURVE('',#1560,#1563,#911,.T.);
#1987=EDGE_CURVE('',#1563,#1564,#912,.T.);
#1988=EDGE_CURVE('',#1564,#1538,#913,.F.);
#1989=EDGE_CURVE('',#1558,#1560,#914,.T.);
#1990=EDGE_CURVE('',#1565,#1500,#87,.F.);
#1991=EDGE_CURVE('',#1556,#1565,#915,.T.);
#1992=EDGE_CURVE('',#1559,#1566,#916,.T.);
#1993=EDGE_CURVE('',#1557,#1567,#917,.F.);
#1994=EDGE_CURVE('',#1566,#1567,#83,.F.);
#1995=EDGE_CURVE('',#1568,#1567,#650,.T.);
#1996=EDGE_CURVE('',#1535,#1569,#651,.F.);
#1997=EDGE_CURVE('',#1569,#1570,#918,.T.);
#1998=EDGE_CURVE('',#1570,#1568,#919,.F.);
#1999=EDGE_CURVE('',#1539,#1571,#920,.T.);
#2000=EDGE_CURVE('',#1571,#1572,#921,.T.);
#2001=EDGE_CURVE('',#1572,#1573,#922,.F.);
#2002=EDGE_CURVE('',#1573,#1555,#923,.T.);
#2003=EDGE_CURVE('',#1574,#1575,#652,.T.);
#2004=EDGE_CURVE('',#1575,#1566,#924,.F.);
#2005=EDGE_CURVE('',#1568,#1574,#925,.T.);
#2006=EDGE_CURVE('',#1479,#1576,#88,.T.);
#2007=EDGE_CURVE('',#1577,#1576,#926,.T.);
#2008=EDGE_CURVE('',#1480,#1577,#84,.T.);
#2009=EDGE_CURVE('',#1578,#1579,#927,.T.);
#2010=EDGE_CURVE('',#1578,#1530,#928,.F.);
#2011=EDGE_CURVE('',#1580,#1529,#929,.T.);
#2012=EDGE_CURVE('',#1581,#1580,#930,.T.);
#2013=EDGE_CURVE('',#1581,#1579,#931,.T.);
#2014=EDGE_CURVE('',#1582,#1533,#932,.T.);
#2015=EDGE_CURVE('',#1532,#1583,#933,.T.);
#2016=EDGE_CURVE('',#1583,#1582,#934,.T.);
#2017=EDGE_CURVE('',#1584,#1570,#935,.T.);
#2018=EDGE_CURVE('',#1584,#1574,#936,.T.);
#2019=EDGE_CURVE('',#1569,#1585,#937,.T.);
#2020=EDGE_CURVE('',#1585,#1584,#938,.T.);
#2021=EDGE_CURVE('',#1534,#1585,#653,.T.);
#2022=EDGE_CURVE('',#1582,#1575,#939,.F.);
#2023=EDGE_CURVE('',#1583,#1561,#940,.T.);
#2024=EDGE_CURVE('',#1531,#1586,#941,.T.);
#2025=EDGE_CURVE('',#1562,#1586,#942,.T.);
#2026=EDGE_CURVE('',#1586,#1578,#654,.T.);
#2027=EDGE_CURVE('',#1579,#1587,#655,.T.);
#2028=EDGE_CURVE('',#1588,#1587,#656,.F.);
#2029=EDGE_CURVE('',#1588,#1572,#657,.T.);
#2030=EDGE_CURVE('',#1571,#1564,#658,.T.);
#2031=EDGE_CURVE('',#1573,#1589,#659,.T.);
#2032=EDGE_CURVE('',#1589,#1590,#660,.T.);
#2033=EDGE_CURVE('',#1590,#1581,#661,.T.);
#2034=EDGE_CURVE('',#1577,#1580,#943,.T.);
#2035=EDGE_CURVE('',#1576,#1565,#662,.F.);
#2036=EDGE_CURVE('',#1589,#1588,#944,.T.);
#2037=EDGE_CURVE('',#1587,#1590,#945,.F.);
#2038=EDGE_CURVE('',#1591,#1592,#946,.F.);
#2039=EDGE_CURVE('',#1593,#1591,#947,.F.);
#2040=EDGE_CURVE('',#1594,#1593,#948,.T.);
#2041=EDGE_CURVE('',#1592,#1594,#949,.T.);
#2042=EDGE_CURVE('',#1595,#1596,#950,.T.);
#2043=EDGE_CURVE('',#1596,#1597,#663,.F.);
#2044=EDGE_CURVE('',#1598,#1597,#951,.T.);
#2045=EDGE_CURVE('',#1598,#1599,#664,.T.);
#2046=EDGE_CURVE('',#1599,#1600,#665,.F.);
#2047=EDGE_CURVE('',#1600,#1601,#666,.F.);
#2048=EDGE_CURVE('',#1602,#1601,#667,.F.);
#2049=EDGE_CURVE('',#1603,#1602,#668,.F.);
#2050=EDGE_CURVE('',#1603,#1604,#952,.T.);
#2051=EDGE_CURVE('',#1604,#1605,#669,.F.);
#2052=EDGE_CURVE('',#1605,#1606,#670,.F.);
#2053=EDGE_CURVE('',#1607,#1606,#671,.F.);
#2054=EDGE_CURVE('',#1592,#1607,#672,.F.);
#2055=EDGE_CURVE('',#1608,#1594,#673,.F.);
#2056=EDGE_CURVE('',#1608,#1609,#953,.F.);
#2057=EDGE_CURVE('',#1595,#1609,#954,.T.);
#2058=EDGE_CURVE('',#1610,#1591,#674,.T.);
#2059=EDGE_CURVE('',#1607,#1610,#955,.F.);
#2060=EDGE_CURVE('',#1611,#1612,#956,.F.);
#2061=EDGE_CURVE('',#1612,#1613,#675,.T.);
#2062=EDGE_CURVE('',#1613,#1614,#676,.T.);
#2063=EDGE_CURVE('',#1614,#1615,#677,.F.);
#2064=EDGE_CURVE('',#1616,#1615,#678,.T.);
#2065=EDGE_CURVE('',#1616,#1617,#957,.T.);
#2066=EDGE_CURVE('',#1618,#1617,#679,.T.);
#2067=EDGE_CURVE('',#1618,#1619,#958,.T.);
#2068=EDGE_CURVE('',#1619,#1593,#680,.F.);
#2069=EDGE_CURVE('',#1610,#1620,#681,.F.);
#2070=EDGE_CURVE('',#1620,#1621,#682,.T.);
#2071=EDGE_CURVE('',#1621,#1622,#683,.T.);
#2072=EDGE_CURVE('',#1622,#1623,#959,.F.);
#2073=EDGE_CURVE('',#1624,#1623,#684,.T.);
#2074=EDGE_CURVE('',#1625,#1624,#685,.T.);
#2075=EDGE_CURVE('',#1625,#1626,#686,.T.);
#2076=EDGE_CURVE('',#1626,#1627,#687,.T.);
#2077=EDGE_CURVE('',#1627,#1628,#688,.F.);
#2078=EDGE_CURVE('',#1628,#1629,#960,.T.);
#2079=EDGE_CURVE('',#1629,#1630,#689,.T.);
#2080=EDGE_CURVE('',#1630,#1631,#961,.F.);
#2081=EDGE_CURVE('',#1631,#1632,#690,.T.);
#2082=EDGE_CURVE('',#1632,#1633,#962,.T.);
#2083=EDGE_CURVE('',#1633,#1634,#691,.F.);
#2084=EDGE_CURVE('',#1634,#1635,#692,.T.);
#2085=EDGE_CURVE('',#1635,#1636,#693,.T.);
#2086=EDGE_CURVE('',#1637,#1636,#694,.T.);
#2087=EDGE_CURVE('',#1611,#1637,#695,.T.);
#2088=EDGE_CURVE('',#1619,#1608,#963,.T.);
#2089=EDGE_CURVE('',#1638,#1609,#964,.F.);
#2090=EDGE_CURVE('',#1639,#1638,#965,.T.);
#2091=EDGE_CURVE('',#1595,#1639,#966,.T.);
#2092=EDGE_CURVE('',#1629,#1597,#967,.F.);
#2093=EDGE_CURVE('',#1598,#1628,#968,.T.);
#2094=EDGE_CURVE('',#1606,#1620,#969,.F.);
#2095=EDGE_CURVE('',#1640,#1641,#970,.T.);
#2096=EDGE_CURVE('',#1633,#1640,#971,.F.);
#2097=EDGE_CURVE('',#1642,#1632,#972,.T.);
#2098=EDGE_CURVE('',#1643,#1642,#973,.T.);
#2099=EDGE_CURVE('',#1644,#1643,#974,.F.);
#2100=EDGE_CURVE('',#1645,#1644,#975,.F.);
#2101=EDGE_CURVE('',#1641,#1645,#976,.F.);
#2102=EDGE_CURVE('',#1646,#1639,#977,.F.);
#2103=EDGE_CURVE('',#1647,#1646,#978,.T.);
#2104=EDGE_CURVE('',#1631,#1647,#979,.T.);
#2105=EDGE_CURVE('',#1596,#1630,#980,.F.);
#2106=EDGE_CURVE('',#1648,#1618,#981,.T.);
#2107=EDGE_CURVE('',#1649,#1648,#982,.F.);
#2108=EDGE_CURVE('',#1638,#1649,#983,.F.);
#2109=EDGE_CURVE('',#1650,#1651,#984,.T.);
#2110=EDGE_CURVE('',#1652,#1650,#985,.T.);
#2111=EDGE_CURVE('',#1653,#1652,#986,.T.);
#2112=EDGE_CURVE('',#1654,#1653,#987,.T.);
#2113=EDGE_CURVE('',#1655,#1654,#988,.F.);
#2114=EDGE_CURVE('',#1656,#1655,#989,.T.);
#2115=EDGE_CURVE('',#1657,#1656,#990,.T.);
#2116=EDGE_CURVE('',#1617,#1657,#991,.F.);
#2117=EDGE_CURVE('',#1651,#1616,#992,.T.);
#2118=EDGE_CURVE('',#1614,#1658,#993,.T.);
#2119=EDGE_CURVE('',#1658,#1659,#696,.F.);
#2120=EDGE_CURVE('',#1659,#1615,#994,.F.);
#2121=EDGE_CURVE('',#1646,#1649,#995,.T.);
#2122=EDGE_CURVE('',#1599,#1627,#996,.F.);
#2123=EDGE_CURVE('',#1621,#1605,#997,.T.);
#2124=EDGE_CURVE('',#1654,#1645,#998,.T.);
#2125=EDGE_CURVE('',#1660,#1654,#999,.T.);
#2126=EDGE_CURVE('',#1661,#1660,#1000,.T.);
#2127=EDGE_CURVE('',#1650,#1661,#1001,.T.);
#2128=EDGE_CURVE('',#1641,#1650,#1002,.F.);
#2129=EDGE_CURVE('',#1659,#1651,#697,.F.);
#2130=EDGE_CURVE('',#1662,#1658,#698,.T.);
#2131=EDGE_CURVE('',#1662,#1663,#699,.F.);
#2132=EDGE_CURVE('',#1663,#1664,#1003,.T.);
#2133=EDGE_CURVE('',#1665,#1664,#700,.F.);
#2134=EDGE_CURVE('',#1666,#1665,#701,.F.);
#2135=EDGE_CURVE('',#1666,#1667,#702,.F.);
#2136=EDGE_CURVE('',#1667,#1668,#703,.F.);
#2137=EDGE_CURVE('',#1640,#1668,#704,.T.);
#2138=EDGE_CURVE('',#1634,#1668,#1004,.T.);
#2139=EDGE_CURVE('',#1642,#1647,#705,.F.);
#2140=EDGE_CURVE('',#1657,#1648,#706,.F.);
#2141=EDGE_CURVE('',#1669,#1656,#707,.F.);
#2142=EDGE_CURVE('',#1670,#1669,#708,.F.);
#2143=EDGE_CURVE('',#1670,#1671,#709,.F.);
#2144=EDGE_CURVE('',#1671,#1672,#710,.F.);
#2145=EDGE_CURVE('',#1672,#1673,#1005,.T.);
#2146=EDGE_CURVE('',#1674,#1673,#711,.F.);
#2147=EDGE_CURVE('',#1675,#1674,#712,.F.);
#2148=EDGE_CURVE('',#1675,#1676,#713,.F.);
#2149=EDGE_CURVE('',#1676,#1677,#714,.F.);
#2150=EDGE_CURVE('',#1643,#1677,#715,.T.);
#2151=EDGE_CURVE('',#1644,#1678,#716,.T.);
#2152=EDGE_CURVE('',#1678,#1677,#1006,.T.);
#2153=EDGE_CURVE('',#1679,#1678,#717,.F.);
#2154=EDGE_CURVE('',#1679,#1680,#718,.T.);
#2155=EDGE_CURVE('',#1681,#1680,#719,.T.);
#2156=EDGE_CURVE('',#1682,#1681,#720,.T.);
#2157=EDGE_CURVE('',#1682,#1683,#1007,.F.);
#2158=EDGE_CURVE('',#1683,#1684,#721,.T.);
#2159=EDGE_CURVE('',#1684,#1685,#722,.T.);
#2160=EDGE_CURVE('',#1686,#1685,#723,.T.);
#2161=EDGE_CURVE('',#1655,#1686,#724,.T.);
#2162=EDGE_CURVE('',#1687,#1688,#1008,.T.);
#2163=EDGE_CURVE('',#1653,#1687,#1009,.T.);
#2164=EDGE_CURVE('',#1688,#1652,#1010,.F.);
#2165=EDGE_CURVE('',#1686,#1669,#1011,.T.);
#2166=EDGE_CURVE('',#1662,#1613,#1012,.F.);
#2167=EDGE_CURVE('',#1600,#1626,#1013,.F.);
#2168=EDGE_CURVE('',#1622,#1604,#1014,.T.);
#2169=EDGE_CURVE('',#1689,#1660,#725,.F.);
#2170=EDGE_CURVE('',#1689,#1690,#1015,.F.);
#2171=EDGE_CURVE('',#1661,#1690,#726,.F.);
#2172=EDGE_CURVE('',#1635,#1667,#1016,.T.);
#2173=EDGE_CURVE('',#1685,#1670,#1017,.T.);
#2174=EDGE_CURVE('',#1679,#1676,#1018,.T.);
#2175=EDGE_CURVE('',#1690,#1691,#1019,.T.);
#2176=EDGE_CURVE('',#1691,#1692,#1020,.T.);
#2177=EDGE_CURVE('',#1692,#1693,#1021,.T.);
#2178=EDGE_CURVE('',#1693,#1688,#727,.T.);
#2179=EDGE_CURVE('',#1687,#1694,#728,.T.);
#2180=EDGE_CURVE('',#1693,#1694,#1022,.F.);
#2181=EDGE_CURVE('',#1663,#1612,#1023,.F.);
#2182=EDGE_CURVE('',#1601,#1625,#1024,.F.);
#2183=EDGE_CURVE('',#1623,#1603,#1025,.F.);
#2184=EDGE_CURVE('',#1636,#1666,#1026,.T.);
#2185=EDGE_CURVE('',#1671,#1684,#1027,.F.);
#2186=EDGE_CURVE('',#1680,#1675,#1028,.T.);
#2187=EDGE_CURVE('',#1695,#1692,#729,.F.);
#2188=EDGE_CURVE('',#1694,#1695,#1029,.T.);
#2189=EDGE_CURVE('',#1696,#1695,#1030,.T.);
#2190=EDGE_CURVE('',#1691,#1696,#730,.T.);
#2191=EDGE_CURVE('',#1696,#1689,#1031,.T.);
#2192=EDGE_CURVE('',#1664,#1611,#1032,.T.);
#2193=EDGE_CURVE('',#1624,#1602,#1033,.T.);
#2194=EDGE_CURVE('',#1665,#1637,#1034,.F.);
#2195=EDGE_CURVE('',#1672,#1683,#1035,.F.);
#2196=EDGE_CURVE('',#1674,#1681,#1036,.F.);
#2197=EDGE_CURVE('',#1673,#1682,#1037,.T.);
#2198=EDGE_CURVE('',#1697,#1698,#1038,.F.);
#2199=EDGE_CURVE('',#1699,#1698,#1039,.T.);
#2200=EDGE_CURVE('',#1699,#1700,#1040,.F.);
#2201=EDGE_CURVE('',#1700,#1697,#1041,.F.);
#2202=EDGE_CURVE('',#1701,#1699,#1042,.F.);
#2203=EDGE_CURVE('',#1702,#1701,#1043,.F.);
#2204=EDGE_CURVE('',#1700,#1702,#1044,.F.);
#2205=EDGE_CURVE('',#1703,#1701,#1045,.T.);
#2206=EDGE_CURVE('',#1698,#1703,#1046,.F.);
#2207=EDGE_CURVE('',#1704,#1702,#1047,.T.);
#2208=EDGE_CURVE('',#1703,#1704,#1048,.F.);
#2209=EDGE_CURVE('',#1704,#1697,#1049,.F.);
#2210=ORIENTED_EDGE('',*,*,#1705,.T.);
#2211=ORIENTED_EDGE('',*,*,#1706,.T.);
#2212=ORIENTED_EDGE('',*,*,#1707,.F.);
#2213=ORIENTED_EDGE('',*,*,#1708,.T.);
#2214=ORIENTED_EDGE('',*,*,#1709,.F.);
#2215=ORIENTED_EDGE('',*,*,#1710,.F.);
#2216=ORIENTED_EDGE('',*,*,#1711,.T.);
#2217=ORIENTED_EDGE('',*,*,#1712,.F.);
#2218=ORIENTED_EDGE('',*,*,#1713,.F.);
#2219=ORIENTED_EDGE('',*,*,#1714,.F.);
#2220=ORIENTED_EDGE('',*,*,#1715,.F.);
#2221=ORIENTED_EDGE('',*,*,#1716,.F.);
#2222=ORIENTED_EDGE('',*,*,#1717,.T.);
#2223=ORIENTED_EDGE('',*,*,#1718,.F.);
#2224=ORIENTED_EDGE('',*,*,#1719,.F.);
#2225=ORIENTED_EDGE('',*,*,#1720,.T.);
#2226=ORIENTED_EDGE('',*,*,#1721,.T.);
#2227=ORIENTED_EDGE('',*,*,#1722,.T.);
#2228=ORIENTED_EDGE('',*,*,#1723,.T.);
#2229=ORIENTED_EDGE('',*,*,#1724,.T.);
#2230=ORIENTED_EDGE('',*,*,#1725,.T.);
#2231=ORIENTED_EDGE('',*,*,#1726,.T.);
#2232=ORIENTED_EDGE('',*,*,#1727,.T.);
#2233=ORIENTED_EDGE('',*,*,#1728,.T.);
#2234=ORIENTED_EDGE('',*,*,#1729,.T.);
#2235=ORIENTED_EDGE('',*,*,#1730,.T.);
#2236=ORIENTED_EDGE('',*,*,#1731,.T.);
#2237=ORIENTED_EDGE('',*,*,#1719,.T.);
#2238=ORIENTED_EDGE('',*,*,#1732,.T.);
#2239=ORIENTED_EDGE('',*,*,#1733,.T.);
#2240=ORIENTED_EDGE('',*,*,#1734,.T.);
#2241=ORIENTED_EDGE('',*,*,#1705,.F.);
#2242=ORIENTED_EDGE('',*,*,#1735,.F.);
#2243=ORIENTED_EDGE('',*,*,#1736,.T.);
#2244=ORIENTED_EDGE('',*,*,#1737,.T.);
#2245=ORIENTED_EDGE('',*,*,#1738,.F.);
#2246=ORIENTED_EDGE('',*,*,#1739,.F.);
#2247=ORIENTED_EDGE('',*,*,#1738,.T.);
#2248=ORIENTED_EDGE('',*,*,#1740,.T.);
#2249=ORIENTED_EDGE('',*,*,#1741,.T.);
#2250=ORIENTED_EDGE('',*,*,#1742,.T.);
#2251=ORIENTED_EDGE('',*,*,#1743,.F.);
#2252=ORIENTED_EDGE('',*,*,#1744,.F.);
#2253=ORIENTED_EDGE('',*,*,#1745,.T.);
#2254=ORIENTED_EDGE('',*,*,#1746,.F.);
#2255=ORIENTED_EDGE('',*,*,#1747,.F.);
#2256=ORIENTED_EDGE('',*,*,#1748,.F.);
#2257=ORIENTED_EDGE('',*,*,#1749,.F.);
#2258=ORIENTED_EDGE('',*,*,#1750,.F.);
#2259=ORIENTED_EDGE('',*,*,#1751,.T.);
#2260=ORIENTED_EDGE('',*,*,#1752,.F.);
#2261=ORIENTED_EDGE('',*,*,#1726,.F.);
#2262=ORIENTED_EDGE('',*,*,#1753,.T.);
#2263=ORIENTED_EDGE('',*,*,#1754,.T.);
#2264=ORIENTED_EDGE('',*,*,#1755,.T.);
#2265=ORIENTED_EDGE('',*,*,#1756,.T.);
#2266=ORIENTED_EDGE('',*,*,#1757,.T.);
#2267=ORIENTED_EDGE('',*,*,#1758,.T.);
#2268=ORIENTED_EDGE('',*,*,#1759,.T.);
#2269=ORIENTED_EDGE('',*,*,#1729,.F.);
#2270=ORIENTED_EDGE('',*,*,#1760,.T.);
#2271=ORIENTED_EDGE('',*,*,#1761,.T.);
#2272=ORIENTED_EDGE('',*,*,#1762,.T.);
#2273=ORIENTED_EDGE('',*,*,#1763,.T.);
#2274=ORIENTED_EDGE('',*,*,#1764,.F.);
#2275=ORIENTED_EDGE('',*,*,#1765,.T.);
#2276=ORIENTED_EDGE('',*,*,#1766,.F.);
#2277=ORIENTED_EDGE('',*,*,#1765,.F.);
#2278=ORIENTED_EDGE('',*,*,#1767,.F.);
#2279=ORIENTED_EDGE('',*,*,#1768,.T.);
#2280=ORIENTED_EDGE('',*,*,#1769,.F.);
#2281=ORIENTED_EDGE('',*,*,#1770,.T.);
#2282=ORIENTED_EDGE('',*,*,#1771,.F.);
#2283=ORIENTED_EDGE('',*,*,#1772,.T.);
#2284=ORIENTED_EDGE('',*,*,#1773,.F.);
#2285=ORIENTED_EDGE('',*,*,#1774,.F.);
#2286=ORIENTED_EDGE('',*,*,#1775,.T.);
#2287=ORIENTED_EDGE('',*,*,#1769,.T.);
#2288=ORIENTED_EDGE('',*,*,#1776,.T.);
#2289=ORIENTED_EDGE('',*,*,#1777,.F.);
#2290=ORIENTED_EDGE('',*,*,#1778,.T.);
#2291=ORIENTED_EDGE('',*,*,#1777,.T.);
#2292=ORIENTED_EDGE('',*,*,#1779,.T.);
#2293=ORIENTED_EDGE('',*,*,#1780,.T.);
#2294=ORIENTED_EDGE('',*,*,#1781,.T.);
#2295=ORIENTED_EDGE('',*,*,#1782,.T.);
#2296=ORIENTED_EDGE('',*,*,#1783,.T.);
#2297=ORIENTED_EDGE('',*,*,#1784,.T.);
#2298=ORIENTED_EDGE('',*,*,#1785,.T.);
#2299=ORIENTED_EDGE('',*,*,#1766,.T.);
#2300=ORIENTED_EDGE('',*,*,#1786,.T.);
#2301=ORIENTED_EDGE('',*,*,#1787,.T.);
#2302=ORIENTED_EDGE('',*,*,#1713,.T.);
#2303=ORIENTED_EDGE('',*,*,#1788,.T.);
#2304=ORIENTED_EDGE('',*,*,#1714,.T.);
#2305=ORIENTED_EDGE('',*,*,#1787,.F.);
#2306=ORIENTED_EDGE('',*,*,#1789,.F.);
#2307=ORIENTED_EDGE('',*,*,#1790,.F.);
#2308=ORIENTED_EDGE('',*,*,#1791,.T.);
#2309=ORIENTED_EDGE('',*,*,#1792,.T.);
#2310=ORIENTED_EDGE('',*,*,#1715,.T.);
#2311=ORIENTED_EDGE('',*,*,#1790,.T.);
#2312=ORIENTED_EDGE('',*,*,#1793,.T.);
#2313=ORIENTED_EDGE('',*,*,#1794,.T.);
#2314=ORIENTED_EDGE('',*,*,#1716,.T.);
#2315=ORIENTED_EDGE('',*,*,#1792,.F.);
#2316=ORIENTED_EDGE('',*,*,#1743,.T.);
#2317=ORIENTED_EDGE('',*,*,#1795,.T.);
#2318=ORIENTED_EDGE('',*,*,#1796,.F.);
#2319=ORIENTED_EDGE('',*,*,#1760,.F.);
#2320=ORIENTED_EDGE('',*,*,#1797,.T.);
#2321=ORIENTED_EDGE('',*,*,#1798,.T.);
#2322=ORIENTED_EDGE('',*,*,#1799,.T.);
#2323=ORIENTED_EDGE('',*,*,#1800,.T.);
#2324=ORIENTED_EDGE('',*,*,#1746,.T.);
#2325=ORIENTED_EDGE('',*,*,#1801,.T.);
#2326=ORIENTED_EDGE('',*,*,#1802,.T.);
#2327=ORIENTED_EDGE('',*,*,#1803,.T.);
#2328=ORIENTED_EDGE('',*,*,#1747,.T.);
#2329=ORIENTED_EDGE('',*,*,#1800,.F.);
#2330=ORIENTED_EDGE('',*,*,#1748,.T.);
#2331=ORIENTED_EDGE('',*,*,#1803,.F.);
#2332=ORIENTED_EDGE('',*,*,#1804,.F.);
#2333=ORIENTED_EDGE('',*,*,#1805,.F.);
#2334=ORIENTED_EDGE('',*,*,#1806,.T.);
#2335=ORIENTED_EDGE('',*,*,#1807,.T.);
#2336=ORIENTED_EDGE('',*,*,#1749,.T.);
#2337=ORIENTED_EDGE('',*,*,#1805,.T.);
#2338=ORIENTED_EDGE('',*,*,#1808,.T.);
#2339=ORIENTED_EDGE('',*,*,#1809,.T.);
#2340=ORIENTED_EDGE('',*,*,#1750,.T.);
#2341=ORIENTED_EDGE('',*,*,#1807,.F.);
#2342=ORIENTED_EDGE('',*,*,#1709,.T.);
#2343=ORIENTED_EDGE('',*,*,#1810,.T.);
#2344=ORIENTED_EDGE('',*,*,#1811,.T.);
#2345=ORIENTED_EDGE('',*,*,#1812,.T.);
#2346=ORIENTED_EDGE('',*,*,#1813,.T.);
#2347=ORIENTED_EDGE('',*,*,#1788,.F.);
#2348=ORIENTED_EDGE('',*,*,#1712,.T.);
#2349=ORIENTED_EDGE('',*,*,#1814,.T.);
#2350=ORIENTED_EDGE('',*,*,#1763,.F.);
#2351=ORIENTED_EDGE('',*,*,#1815,.T.);
#2352=ORIENTED_EDGE('',*,*,#1730,.F.);
#2353=ORIENTED_EDGE('',*,*,#1816,.T.);
#2354=ORIENTED_EDGE('',*,*,#1817,.T.);
#2355=ORIENTED_EDGE('',*,*,#1793,.F.);
#2356=ORIENTED_EDGE('',*,*,#1791,.F.);
#2357=ORIENTED_EDGE('',*,*,#1789,.T.);
#2358=ORIENTED_EDGE('',*,*,#1786,.F.);
#2359=ORIENTED_EDGE('',*,*,#1813,.F.);
#2360=ORIENTED_EDGE('',*,*,#1818,.T.);
#2361=ORIENTED_EDGE('',*,*,#1819,.T.);
#2362=ORIENTED_EDGE('',*,*,#1811,.F.);
#2363=ORIENTED_EDGE('',*,*,#1820,.T.);
#2364=ORIENTED_EDGE('',*,*,#1757,.F.);
#2365=ORIENTED_EDGE('',*,*,#1728,.F.);
#2366=ORIENTED_EDGE('',*,*,#1821,.T.);
#2367=ORIENTED_EDGE('',*,*,#1822,.T.);
#2368=ORIENTED_EDGE('',*,*,#1808,.F.);
#2369=ORIENTED_EDGE('',*,*,#1806,.F.);
#2370=ORIENTED_EDGE('',*,*,#1804,.T.);
#2371=ORIENTED_EDGE('',*,*,#1802,.F.);
#2372=ORIENTED_EDGE('',*,*,#1799,.F.);
#2373=ORIENTED_EDGE('',*,*,#1823,.T.);
#2374=ORIENTED_EDGE('',*,*,#1824,.T.);
#2375=ORIENTED_EDGE('',*,*,#1797,.F.);
#2376=ORIENTED_EDGE('',*,*,#1825,.T.);
#2377=ORIENTED_EDGE('',*,*,#1794,.F.);
#2378=ORIENTED_EDGE('',*,*,#1817,.F.);
#2379=ORIENTED_EDGE('',*,*,#1826,.F.);
#2380=ORIENTED_EDGE('',*,*,#1717,.F.);
#2381=ORIENTED_EDGE('',*,*,#1816,.F.);
#2382=ORIENTED_EDGE('',*,*,#1732,.F.);
#2383=ORIENTED_EDGE('',*,*,#1718,.T.);
#2384=ORIENTED_EDGE('',*,*,#1826,.T.);
#2385=ORIENTED_EDGE('',*,*,#1824,.F.);
#2386=ORIENTED_EDGE('',*,*,#1827,.T.);
#2387=ORIENTED_EDGE('',*,*,#1744,.T.);
#2388=ORIENTED_EDGE('',*,*,#1798,.F.);
#2389=ORIENTED_EDGE('',*,*,#1827,.F.);
#2390=ORIENTED_EDGE('',*,*,#1823,.F.);
#2391=ORIENTED_EDGE('',*,*,#1801,.F.);
#2392=ORIENTED_EDGE('',*,*,#1745,.F.);
#2393=ORIENTED_EDGE('',*,*,#1809,.F.);
#2394=ORIENTED_EDGE('',*,*,#1822,.F.);
#2395=ORIENTED_EDGE('',*,*,#1828,.F.);
#2396=ORIENTED_EDGE('',*,*,#1751,.F.);
#2397=ORIENTED_EDGE('',*,*,#1821,.F.);
#2398=ORIENTED_EDGE('',*,*,#1727,.F.);
#2399=ORIENTED_EDGE('',*,*,#1752,.T.);
#2400=ORIENTED_EDGE('',*,*,#1828,.T.);
#2401=ORIENTED_EDGE('',*,*,#1819,.F.);
#2402=ORIENTED_EDGE('',*,*,#1829,.T.);
#2403=ORIENTED_EDGE('',*,*,#1710,.T.);
#2404=ORIENTED_EDGE('',*,*,#1812,.F.);
#2405=ORIENTED_EDGE('',*,*,#1829,.F.);
#2406=ORIENTED_EDGE('',*,*,#1818,.F.);
#2407=ORIENTED_EDGE('',*,*,#1814,.F.);
#2408=ORIENTED_EDGE('',*,*,#1711,.F.);
#2409=ORIENTED_EDGE('',*,*,#1774,.T.);
#2410=ORIENTED_EDGE('',*,*,#1830,.T.);
#2411=ORIENTED_EDGE('',*,*,#1825,.F.);
#2412=ORIENTED_EDGE('',*,*,#1830,.F.);
#2413=ORIENTED_EDGE('',*,*,#1773,.T.);
#2414=ORIENTED_EDGE('',*,*,#1831,.T.);
#2415=ORIENTED_EDGE('',*,*,#1782,.F.);
#2416=ORIENTED_EDGE('',*,*,#1832,.T.);
#2417=ORIENTED_EDGE('',*,*,#1771,.T.);
#2418=ORIENTED_EDGE('',*,*,#1833,.T.);
#2419=ORIENTED_EDGE('',*,*,#1784,.F.);
#2420=ORIENTED_EDGE('',*,*,#1834,.T.);
#2421=ORIENTED_EDGE('',*,*,#1780,.F.);
#2422=ORIENTED_EDGE('',*,*,#1835,.T.);
#2423=ORIENTED_EDGE('',*,*,#1767,.T.);
#2424=ORIENTED_EDGE('',*,*,#1836,.T.);
#2425=ORIENTED_EDGE('',*,*,#1775,.F.);
#2426=ORIENTED_EDGE('',*,*,#1832,.F.);
#2427=ORIENTED_EDGE('',*,*,#1781,.F.);
#2428=ORIENTED_EDGE('',*,*,#1836,.F.);
#2429=ORIENTED_EDGE('',*,*,#1772,.F.);
#2430=ORIENTED_EDGE('',*,*,#1834,.F.);
#2431=ORIENTED_EDGE('',*,*,#1783,.F.);
#2432=ORIENTED_EDGE('',*,*,#1831,.F.);
#2433=ORIENTED_EDGE('',*,*,#1723,.F.);
#2434=ORIENTED_EDGE('',*,*,#1837,.T.);
#2435=ORIENTED_EDGE('',*,*,#1838,.T.);
#2436=ORIENTED_EDGE('',*,*,#1735,.T.);
#2437=ORIENTED_EDGE('',*,*,#1756,.F.);
#2438=ORIENTED_EDGE('',*,*,#1839,.T.);
#2439=ORIENTED_EDGE('',*,*,#1840,.T.);
#2440=ORIENTED_EDGE('',*,*,#1739,.T.);
#2441=ORIENTED_EDGE('',*,*,#1759,.F.);
#2442=ORIENTED_EDGE('',*,*,#1841,.T.);
#2443=ORIENTED_EDGE('',*,*,#1842,.T.);
#2444=ORIENTED_EDGE('',*,*,#1843,.T.);
#2445=ORIENTED_EDGE('',*,*,#1733,.F.);
#2446=ORIENTED_EDGE('',*,*,#1838,.F.);
#2447=ORIENTED_EDGE('',*,*,#1844,.T.);
#2448=ORIENTED_EDGE('',*,*,#1845,.F.);
#2449=ORIENTED_EDGE('',*,*,#1846,.T.);
#2450=ORIENTED_EDGE('',*,*,#1761,.F.);
#2451=ORIENTED_EDGE('',*,*,#1796,.T.);
#2452=ORIENTED_EDGE('',*,*,#1847,.T.);
#2453=ORIENTED_EDGE('',*,*,#1848,.F.);
#2454=ORIENTED_EDGE('',*,*,#1849,.T.);
#2455=ORIENTED_EDGE('',*,*,#1736,.F.);
#2456=ORIENTED_EDGE('',*,*,#1840,.F.);
#2457=ORIENTED_EDGE('',*,*,#1850,.T.);
#2458=ORIENTED_EDGE('',*,*,#1851,.F.);
#2459=ORIENTED_EDGE('',*,*,#1852,.T.);
#2460=ORIENTED_EDGE('',*,*,#1724,.F.);
#2461=ORIENTED_EDGE('',*,*,#1764,.T.);
#2462=ORIENTED_EDGE('',*,*,#1770,.F.);
#2463=ORIENTED_EDGE('',*,*,#1778,.F.);
#2464=ORIENTED_EDGE('',*,*,#1785,.F.);
#2465=ORIENTED_EDGE('',*,*,#1833,.F.);
#2466=ORIENTED_EDGE('',*,*,#1768,.F.);
#2467=ORIENTED_EDGE('',*,*,#1835,.F.);
#2468=ORIENTED_EDGE('',*,*,#1779,.F.);
#2469=ORIENTED_EDGE('',*,*,#1776,.F.);
#2470=ORIENTED_EDGE('',*,*,#1741,.F.);
#2471=ORIENTED_EDGE('',*,*,#1853,.T.);
#2472=ORIENTED_EDGE('',*,*,#1848,.T.);
#2473=ORIENTED_EDGE('',*,*,#1854,.T.);
#2474=ORIENTED_EDGE('',*,*,#1851,.T.);
#2475=ORIENTED_EDGE('',*,*,#1855,.T.);
#2476=ORIENTED_EDGE('',*,*,#1754,.F.);
#2477=ORIENTED_EDGE('',*,*,#1856,.T.);
#2478=ORIENTED_EDGE('',*,*,#1707,.T.);
#2479=ORIENTED_EDGE('',*,*,#1857,.T.);
#2480=ORIENTED_EDGE('',*,*,#1842,.F.);
#2481=ORIENTED_EDGE('',*,*,#1858,.T.);
#2482=ORIENTED_EDGE('',*,*,#1845,.T.);
#2483=ORIENTED_EDGE('',*,*,#1859,.T.);
#2484=ORIENTED_EDGE('',*,*,#1721,.F.);
#2485=ORIENTED_EDGE('',*,*,#1860,.T.);
#2486=ORIENTED_EDGE('',*,*,#1852,.F.);
#2487=ORIENTED_EDGE('',*,*,#1856,.F.);
#2488=ORIENTED_EDGE('',*,*,#1753,.F.);
#2489=ORIENTED_EDGE('',*,*,#1725,.F.);
#2490=ORIENTED_EDGE('',*,*,#1850,.F.);
#2491=ORIENTED_EDGE('',*,*,#1839,.F.);
#2492=ORIENTED_EDGE('',*,*,#1755,.F.);
#2493=ORIENTED_EDGE('',*,*,#1855,.F.);
#2494=ORIENTED_EDGE('',*,*,#1847,.F.);
#2495=ORIENTED_EDGE('',*,*,#1795,.F.);
#2496=ORIENTED_EDGE('',*,*,#1742,.F.);
#2497=ORIENTED_EDGE('',*,*,#1854,.F.);
#2498=ORIENTED_EDGE('',*,*,#1849,.F.);
#2499=ORIENTED_EDGE('',*,*,#1853,.F.);
#2500=ORIENTED_EDGE('',*,*,#1740,.F.);
#2501=ORIENTED_EDGE('',*,*,#1737,.F.);
#2502=ORIENTED_EDGE('',*,*,#1820,.F.);
#2503=ORIENTED_EDGE('',*,*,#1810,.F.);
#2504=ORIENTED_EDGE('',*,*,#1708,.F.);
#2505=ORIENTED_EDGE('',*,*,#1858,.F.);
#2506=ORIENTED_EDGE('',*,*,#1841,.F.);
#2507=ORIENTED_EDGE('',*,*,#1758,.F.);
#2508=ORIENTED_EDGE('',*,*,#1846,.F.);
#2509=ORIENTED_EDGE('',*,*,#1860,.F.);
#2510=ORIENTED_EDGE('',*,*,#1720,.F.);
#2511=ORIENTED_EDGE('',*,*,#1731,.F.);
#2512=ORIENTED_EDGE('',*,*,#1815,.F.);
#2513=ORIENTED_EDGE('',*,*,#1762,.F.);
#2514=ORIENTED_EDGE('',*,*,#1844,.F.);
#2515=ORIENTED_EDGE('',*,*,#1837,.F.);
#2516=ORIENTED_EDGE('',*,*,#1722,.F.);
#2517=ORIENTED_EDGE('',*,*,#1859,.F.);
#2518=ORIENTED_EDGE('',*,*,#1843,.F.);
#2519=ORIENTED_EDGE('',*,*,#1857,.F.);
#2520=ORIENTED_EDGE('',*,*,#1706,.F.);
#2521=ORIENTED_EDGE('',*,*,#1734,.F.);
#2522=ORIENTED_EDGE('',*,*,#1861,.F.);
#2523=ORIENTED_EDGE('',*,*,#1862,.T.);
#2524=ORIENTED_EDGE('',*,*,#1863,.F.);
#2525=ORIENTED_EDGE('',*,*,#1864,.T.);
#2526=ORIENTED_EDGE('',*,*,#1865,.F.);
#2527=ORIENTED_EDGE('',*,*,#1866,.T.);
#2528=ORIENTED_EDGE('',*,*,#1867,.F.);
#2529=ORIENTED_EDGE('',*,*,#1868,.T.);
#2530=ORIENTED_EDGE('',*,*,#1869,.F.);
#2531=ORIENTED_EDGE('',*,*,#1870,.T.);
#2532=ORIENTED_EDGE('',*,*,#1871,.F.);
#2533=ORIENTED_EDGE('',*,*,#1872,.F.);
#2534=ORIENTED_EDGE('',*,*,#1873,.T.);
#2535=ORIENTED_EDGE('',*,*,#1874,.T.);
#2536=ORIENTED_EDGE('',*,*,#1875,.T.);
#2537=ORIENTED_EDGE('',*,*,#1876,.T.);
#2538=ORIENTED_EDGE('',*,*,#1877,.F.);
#2539=ORIENTED_EDGE('',*,*,#1878,.T.);
#2540=ORIENTED_EDGE('',*,*,#1879,.T.);
#2541=ORIENTED_EDGE('',*,*,#1880,.F.);
#2542=ORIENTED_EDGE('',*,*,#1881,.T.);
#2543=ORIENTED_EDGE('',*,*,#1882,.F.);
#2544=ORIENTED_EDGE('',*,*,#1869,.T.);
#2545=ORIENTED_EDGE('',*,*,#1883,.F.);
#2546=ORIENTED_EDGE('',*,*,#1884,.T.);
#2547=ORIENTED_EDGE('',*,*,#1863,.T.);
#2548=ORIENTED_EDGE('',*,*,#1885,.T.);
#2549=ORIENTED_EDGE('',*,*,#1886,.T.);
#2550=ORIENTED_EDGE('',*,*,#1887,.T.);
#2551=ORIENTED_EDGE('',*,*,#1888,.T.);
#2552=ORIENTED_EDGE('',*,*,#1889,.F.);
#2553=ORIENTED_EDGE('',*,*,#1890,.F.);
#2554=ORIENTED_EDGE('',*,*,#1891,.F.);
#2555=ORIENTED_EDGE('',*,*,#1861,.T.);
#2556=ORIENTED_EDGE('',*,*,#1882,.T.);
#2557=ORIENTED_EDGE('',*,*,#1892,.T.);
#2558=ORIENTED_EDGE('',*,*,#1871,.T.);
#2559=ORIENTED_EDGE('',*,*,#1893,.T.);
#2560=ORIENTED_EDGE('',*,*,#1883,.T.);
#2561=ORIENTED_EDGE('',*,*,#1894,.F.);
#2562=ORIENTED_EDGE('',*,*,#1895,.T.);
#2563=ORIENTED_EDGE('',*,*,#1896,.F.);
#2564=ORIENTED_EDGE('',*,*,#1897,.F.);
#2565=ORIENTED_EDGE('',*,*,#1895,.F.);
#2566=ORIENTED_EDGE('',*,*,#1898,.T.);
#2567=ORIENTED_EDGE('',*,*,#1865,.T.);
#2568=ORIENTED_EDGE('',*,*,#1899,.F.);
#2569=ORIENTED_EDGE('',*,*,#1900,.F.);
#2570=ORIENTED_EDGE('',*,*,#1901,.F.);
#2571=ORIENTED_EDGE('',*,*,#1902,.F.);
#2572=ORIENTED_EDGE('',*,*,#1878,.F.);
#2573=ORIENTED_EDGE('',*,*,#1903,.F.);
#2574=ORIENTED_EDGE('',*,*,#1904,.T.);
#2575=ORIENTED_EDGE('',*,*,#1905,.T.);
#2576=ORIENTED_EDGE('',*,*,#1903,.T.);
#2577=ORIENTED_EDGE('',*,*,#1877,.T.);
#2578=ORIENTED_EDGE('',*,*,#1906,.T.);
#2579=ORIENTED_EDGE('',*,*,#1907,.T.);
#2580=ORIENTED_EDGE('',*,*,#1908,.F.);
#2581=ORIENTED_EDGE('',*,*,#1899,.T.);
#2582=ORIENTED_EDGE('',*,*,#1909,.F.);
#2583=ORIENTED_EDGE('',*,*,#1910,.T.);
#2584=ORIENTED_EDGE('',*,*,#1911,.F.);
#2585=ORIENTED_EDGE('',*,*,#1912,.T.);
#2586=ORIENTED_EDGE('',*,*,#1913,.F.);
#2587=ORIENTED_EDGE('',*,*,#1900,.T.);
#2588=ORIENTED_EDGE('',*,*,#1908,.T.);
#2589=ORIENTED_EDGE('',*,*,#1914,.F.);
#2590=ORIENTED_EDGE('',*,*,#1915,.F.);
#2591=ORIENTED_EDGE('',*,*,#1916,.T.);
#2592=ORIENTED_EDGE('',*,*,#1917,.T.);
#2593=ORIENTED_EDGE('',*,*,#1918,.T.);
#2594=ORIENTED_EDGE('',*,*,#1917,.F.);
#2595=ORIENTED_EDGE('',*,*,#1919,.T.);
#2596=ORIENTED_EDGE('',*,*,#1920,.T.);
#2597=ORIENTED_EDGE('',*,*,#1921,.F.);
#2598=ORIENTED_EDGE('',*,*,#1922,.T.);
#2599=ORIENTED_EDGE('',*,*,#1886,.F.);
#2600=ORIENTED_EDGE('',*,*,#1923,.F.);
#2601=ORIENTED_EDGE('',*,*,#1893,.F.);
#2602=ORIENTED_EDGE('',*,*,#1870,.F.);
#2603=ORIENTED_EDGE('',*,*,#1924,.T.);
#2604=ORIENTED_EDGE('',*,*,#1925,.T.);
#2605=ORIENTED_EDGE('',*,*,#1926,.T.);
#2606=ORIENTED_EDGE('',*,*,#1915,.T.);
#2607=ORIENTED_EDGE('',*,*,#1927,.T.);
#2608=ORIENTED_EDGE('',*,*,#1874,.F.);
#2609=ORIENTED_EDGE('',*,*,#1928,.T.);
#2610=ORIENTED_EDGE('',*,*,#1929,.F.);
#2611=ORIENTED_EDGE('',*,*,#1930,.T.);
#2612=ORIENTED_EDGE('',*,*,#1931,.T.);
#2613=ORIENTED_EDGE('',*,*,#1932,.T.);
#2614=ORIENTED_EDGE('',*,*,#1872,.T.);
#2615=ORIENTED_EDGE('',*,*,#1892,.F.);
#2616=ORIENTED_EDGE('',*,*,#1881,.F.);
#2617=ORIENTED_EDGE('',*,*,#1933,.T.);
#2618=ORIENTED_EDGE('',*,*,#1934,.F.);
#2619=ORIENTED_EDGE('',*,*,#1935,.T.);
#2620=ORIENTED_EDGE('',*,*,#1936,.F.);
#2621=ORIENTED_EDGE('',*,*,#1937,.F.);
#2622=ORIENTED_EDGE('',*,*,#1938,.F.);
#2623=ORIENTED_EDGE('',*,*,#1939,.F.);
#2624=ORIENTED_EDGE('',*,*,#1940,.T.);
#2625=ORIENTED_EDGE('',*,*,#1941,.T.);
#2626=ORIENTED_EDGE('',*,*,#1942,.T.);
#2627=ORIENTED_EDGE('',*,*,#1943,.T.);
#2628=ORIENTED_EDGE('',*,*,#1944,.T.);
#2629=ORIENTED_EDGE('',*,*,#1945,.T.);
#2630=ORIENTED_EDGE('',*,*,#1946,.F.);
#2631=ORIENTED_EDGE('',*,*,#1947,.T.);
#2632=ORIENTED_EDGE('',*,*,#1948,.F.);
#2633=ORIENTED_EDGE('',*,*,#1949,.F.);
#2634=ORIENTED_EDGE('',*,*,#1950,.F.);
#2635=ORIENTED_EDGE('',*,*,#1951,.F.);
#2636=ORIENTED_EDGE('',*,*,#1909,.T.);
#2637=ORIENTED_EDGE('',*,*,#1902,.T.);
#2638=ORIENTED_EDGE('',*,*,#1952,.T.);
#2639=ORIENTED_EDGE('',*,*,#1953,.T.);
#2640=ORIENTED_EDGE('',*,*,#1929,.T.);
#2641=ORIENTED_EDGE('',*,*,#1954,.T.);
#2642=ORIENTED_EDGE('',*,*,#1952,.F.);
#2643=ORIENTED_EDGE('',*,*,#1901,.T.);
#2644=ORIENTED_EDGE('',*,*,#1913,.T.);
#2645=ORIENTED_EDGE('',*,*,#1955,.F.);
#2646=ORIENTED_EDGE('',*,*,#1862,.F.);
#2647=ORIENTED_EDGE('',*,*,#1891,.T.);
#2648=ORIENTED_EDGE('',*,*,#1923,.T.);
#2649=ORIENTED_EDGE('',*,*,#1885,.F.);
#2650=ORIENTED_EDGE('',*,*,#1951,.T.);
#2651=ORIENTED_EDGE('',*,*,#1956,.T.);
#2652=ORIENTED_EDGE('',*,*,#1904,.F.);
#2653=ORIENTED_EDGE('',*,*,#1910,.F.);
#2654=ORIENTED_EDGE('',*,*,#1957,.T.);
#2655=ORIENTED_EDGE('',*,*,#1958,.T.);
#2656=ORIENTED_EDGE('',*,*,#1930,.F.);
#2657=ORIENTED_EDGE('',*,*,#1955,.T.);
#2658=ORIENTED_EDGE('',*,*,#1912,.F.);
#2659=ORIENTED_EDGE('',*,*,#1948,.T.);
#2660=ORIENTED_EDGE('',*,*,#1959,.T.);
#2661=ORIENTED_EDGE('',*,*,#1931,.F.);
#2662=ORIENTED_EDGE('',*,*,#1958,.F.);
#2663=ORIENTED_EDGE('',*,*,#1960,.F.);
#2664=ORIENTED_EDGE('',*,*,#1961,.F.);
#2665=ORIENTED_EDGE('',*,*,#1911,.T.);
#2666=ORIENTED_EDGE('',*,*,#1962,.F.);
#2667=ORIENTED_EDGE('',*,*,#1963,.F.);
#2668=ORIENTED_EDGE('',*,*,#1964,.F.);
#2669=ORIENTED_EDGE('',*,*,#1960,.T.);
#2670=ORIENTED_EDGE('',*,*,#1957,.F.);
#2671=ORIENTED_EDGE('',*,*,#1905,.F.);
#2672=ORIENTED_EDGE('',*,*,#1956,.F.);
#2673=ORIENTED_EDGE('',*,*,#1950,.T.);
#2674=ORIENTED_EDGE('',*,*,#1965,.F.);
#2675=ORIENTED_EDGE('',*,*,#1963,.T.);
#2676=ORIENTED_EDGE('',*,*,#1966,.F.);
#2677=ORIENTED_EDGE('',*,*,#1967,.F.);
#2678=ORIENTED_EDGE('',*,*,#1879,.F.);
#2679=ORIENTED_EDGE('',*,*,#1906,.F.);
#2680=ORIENTED_EDGE('',*,*,#1876,.F.);
#2681=ORIENTED_EDGE('',*,*,#1967,.T.);
#2682=ORIENTED_EDGE('',*,*,#1968,.F.);
#2683=ORIENTED_EDGE('',*,*,#1965,.T.);
#2684=ORIENTED_EDGE('',*,*,#1949,.T.);
#2685=ORIENTED_EDGE('',*,*,#1961,.T.);
#2686=ORIENTED_EDGE('',*,*,#1964,.T.);
#2687=ORIENTED_EDGE('',*,*,#1920,.F.);
#2688=ORIENTED_EDGE('',*,*,#1969,.T.);
#2689=ORIENTED_EDGE('',*,*,#1925,.F.);
#2690=ORIENTED_EDGE('',*,*,#1970,.T.);
#2691=ORIENTED_EDGE('',*,*,#1946,.T.);
#2692=ORIENTED_EDGE('',*,*,#1971,.F.);
#2693=ORIENTED_EDGE('',*,*,#1972,.T.);
#2694=ORIENTED_EDGE('',*,*,#1973,.T.);
#2695=ORIENTED_EDGE('',*,*,#1888,.F.);
#2696=ORIENTED_EDGE('',*,*,#1974,.F.);
#2697=ORIENTED_EDGE('',*,*,#1974,.T.);
#2698=ORIENTED_EDGE('',*,*,#1887,.F.);
#2699=ORIENTED_EDGE('',*,*,#1922,.F.);
#2700=ORIENTED_EDGE('',*,*,#1975,.F.);
#2701=ORIENTED_EDGE('',*,*,#1966,.T.);
#2702=ORIENTED_EDGE('',*,*,#1962,.T.);
#2703=ORIENTED_EDGE('',*,*,#1914,.T.);
#2704=ORIENTED_EDGE('',*,*,#1907,.F.);
#2705=ORIENTED_EDGE('',*,*,#1968,.T.);
#2706=ORIENTED_EDGE('',*,*,#1972,.F.);
#2707=ORIENTED_EDGE('',*,*,#1975,.T.);
#2708=ORIENTED_EDGE('',*,*,#1921,.T.);
#2709=ORIENTED_EDGE('',*,*,#1971,.T.);
#2710=ORIENTED_EDGE('',*,*,#1945,.F.);
#2711=ORIENTED_EDGE('',*,*,#1976,.T.);
#2712=ORIENTED_EDGE('',*,*,#1977,.T.);
#2713=ORIENTED_EDGE('',*,*,#1978,.F.);
#2714=ORIENTED_EDGE('',*,*,#1979,.F.);
#2715=ORIENTED_EDGE('',*,*,#1980,.F.);
#2716=ORIENTED_EDGE('',*,*,#1981,.F.);
#2717=ORIENTED_EDGE('',*,*,#1941,.F.);
#2718=ORIENTED_EDGE('',*,*,#1982,.F.);
#2719=ORIENTED_EDGE('',*,*,#1983,.T.);
#2720=ORIENTED_EDGE('',*,*,#1984,.F.);
#2721=ORIENTED_EDGE('',*,*,#1985,.T.);
#2722=ORIENTED_EDGE('',*,*,#1986,.F.);
#2723=ORIENTED_EDGE('',*,*,#1987,.T.);
#2724=ORIENTED_EDGE('',*,*,#1988,.T.);
#2725=ORIENTED_EDGE('',*,*,#1942,.F.);
#2726=ORIENTED_EDGE('',*,*,#1981,.T.);
#2727=ORIENTED_EDGE('',*,*,#1989,.T.);
#2728=ORIENTED_EDGE('',*,*,#1986,.T.);
#2729=ORIENTED_EDGE('',*,*,#1990,.T.);
#2730=ORIENTED_EDGE('',*,*,#1889,.T.);
#2731=ORIENTED_EDGE('',*,*,#1973,.F.);
#2732=ORIENTED_EDGE('',*,*,#1978,.T.);
#2733=ORIENTED_EDGE('',*,*,#1991,.T.);
#2734=ORIENTED_EDGE('',*,*,#1992,.F.);
#2735=ORIENTED_EDGE('',*,*,#1982,.T.);
#2736=ORIENTED_EDGE('',*,*,#1989,.F.);
#2737=ORIENTED_EDGE('',*,*,#1980,.T.);
#2738=ORIENTED_EDGE('',*,*,#1993,.T.);
#2739=ORIENTED_EDGE('',*,*,#1994,.F.);
#2740=ORIENTED_EDGE('',*,*,#1995,.T.);
#2741=ORIENTED_EDGE('',*,*,#1993,.F.);
#2742=ORIENTED_EDGE('',*,*,#1979,.T.);
#2743=ORIENTED_EDGE('',*,*,#1940,.F.);
#2744=ORIENTED_EDGE('',*,*,#1996,.T.);
#2745=ORIENTED_EDGE('',*,*,#1997,.T.);
#2746=ORIENTED_EDGE('',*,*,#1998,.T.);
#2747=ORIENTED_EDGE('',*,*,#1944,.F.);
#2748=ORIENTED_EDGE('',*,*,#1999,.T.);
#2749=ORIENTED_EDGE('',*,*,#2000,.T.);
#2750=ORIENTED_EDGE('',*,*,#2001,.T.);
#2751=ORIENTED_EDGE('',*,*,#2002,.T.);
#2752=ORIENTED_EDGE('',*,*,#1976,.F.);
#2753=ORIENTED_EDGE('',*,*,#2003,.T.);
#2754=ORIENTED_EDGE('',*,*,#2004,.T.);
#2755=ORIENTED_EDGE('',*,*,#1994,.T.);
#2756=ORIENTED_EDGE('',*,*,#1995,.F.);
#2757=ORIENTED_EDGE('',*,*,#2005,.T.);
#2758=ORIENTED_EDGE('',*,*,#1867,.T.);
#2759=ORIENTED_EDGE('',*,*,#2006,.T.);
#2760=ORIENTED_EDGE('',*,*,#2007,.F.);
#2761=ORIENTED_EDGE('',*,*,#2008,.F.);
#2762=ORIENTED_EDGE('',*,*,#2009,.F.);
#2763=ORIENTED_EDGE('',*,*,#2010,.T.);
#2764=ORIENTED_EDGE('',*,*,#1934,.T.);
#2765=ORIENTED_EDGE('',*,*,#2011,.F.);
#2766=ORIENTED_EDGE('',*,*,#2012,.F.);
#2767=ORIENTED_EDGE('',*,*,#2013,.T.);
#2768=ORIENTED_EDGE('',*,*,#2014,.T.);
#2769=ORIENTED_EDGE('',*,*,#1937,.T.);
#2770=ORIENTED_EDGE('',*,*,#2015,.T.);
#2771=ORIENTED_EDGE('',*,*,#2016,.T.);
#2772=ORIENTED_EDGE('',*,*,#2005,.F.);
#2773=ORIENTED_EDGE('',*,*,#1998,.F.);
#2774=ORIENTED_EDGE('',*,*,#2017,.F.);
#2775=ORIENTED_EDGE('',*,*,#2018,.T.);
#2776=ORIENTED_EDGE('',*,*,#2019,.T.);
#2777=ORIENTED_EDGE('',*,*,#2020,.T.);
#2778=ORIENTED_EDGE('',*,*,#2017,.T.);
#2779=ORIENTED_EDGE('',*,*,#1997,.F.);
#2780=ORIENTED_EDGE('',*,*,#2020,.F.);
#2781=ORIENTED_EDGE('',*,*,#2021,.F.);
#2782=ORIENTED_EDGE('',*,*,#1938,.T.);
#2783=ORIENTED_EDGE('',*,*,#2014,.F.);
#2784=ORIENTED_EDGE('',*,*,#2022,.T.);
#2785=ORIENTED_EDGE('',*,*,#2003,.F.);
#2786=ORIENTED_EDGE('',*,*,#2018,.F.);
#2787=ORIENTED_EDGE('',*,*,#1992,.T.);
#2788=ORIENTED_EDGE('',*,*,#2004,.F.);
#2789=ORIENTED_EDGE('',*,*,#2022,.F.);
#2790=ORIENTED_EDGE('',*,*,#2016,.F.);
#2791=ORIENTED_EDGE('',*,*,#2023,.T.);
#2792=ORIENTED_EDGE('',*,*,#1983,.F.);
#2793=ORIENTED_EDGE('',*,*,#1936,.T.);
#2794=ORIENTED_EDGE('',*,*,#2024,.T.);
#2795=ORIENTED_EDGE('',*,*,#2025,.F.);
#2796=ORIENTED_EDGE('',*,*,#1984,.T.);
#2797=ORIENTED_EDGE('',*,*,#2023,.F.);
#2798=ORIENTED_EDGE('',*,*,#2015,.F.);
#2799=ORIENTED_EDGE('',*,*,#2025,.T.);
#2800=ORIENTED_EDGE('',*,*,#2026,.T.);
#2801=ORIENTED_EDGE('',*,*,#2009,.T.);
#2802=ORIENTED_EDGE('',*,*,#2027,.T.);
#2803=ORIENTED_EDGE('',*,*,#2028,.F.);
#2804=ORIENTED_EDGE('',*,*,#2029,.T.);
#2805=ORIENTED_EDGE('',*,*,#2000,.F.);
#2806=ORIENTED_EDGE('',*,*,#2030,.T.);
#2807=ORIENTED_EDGE('',*,*,#1987,.F.);
#2808=ORIENTED_EDGE('',*,*,#1985,.F.);
#2809=ORIENTED_EDGE('',*,*,#1939,.T.);
#2810=ORIENTED_EDGE('',*,*,#2021,.T.);
#2811=ORIENTED_EDGE('',*,*,#2019,.F.);
#2812=ORIENTED_EDGE('',*,*,#1996,.F.);
#2813=ORIENTED_EDGE('',*,*,#1977,.F.);
#2814=ORIENTED_EDGE('',*,*,#2002,.F.);
#2815=ORIENTED_EDGE('',*,*,#2031,.T.);
#2816=ORIENTED_EDGE('',*,*,#2032,.T.);
#2817=ORIENTED_EDGE('',*,*,#2033,.T.);
#2818=ORIENTED_EDGE('',*,*,#2012,.T.);
#2819=ORIENTED_EDGE('',*,*,#2034,.F.);
#2820=ORIENTED_EDGE('',*,*,#2007,.T.);
#2821=ORIENTED_EDGE('',*,*,#2035,.T.);
#2822=ORIENTED_EDGE('',*,*,#1991,.F.);
#2823=ORIENTED_EDGE('',*,*,#2032,.F.);
#2824=ORIENTED_EDGE('',*,*,#2036,.T.);
#2825=ORIENTED_EDGE('',*,*,#2028,.T.);
#2826=ORIENTED_EDGE('',*,*,#2037,.T.);
#2827=ORIENTED_EDGE('',*,*,#1933,.F.);
#2828=ORIENTED_EDGE('',*,*,#1880,.T.);
#2829=ORIENTED_EDGE('',*,*,#1868,.F.);
#2830=ORIENTED_EDGE('',*,*,#2008,.T.);
#2831=ORIENTED_EDGE('',*,*,#2034,.T.);
#2832=ORIENTED_EDGE('',*,*,#2011,.T.);
#2833=ORIENTED_EDGE('',*,*,#1898,.F.);
#2834=ORIENTED_EDGE('',*,*,#1894,.T.);
#2835=ORIENTED_EDGE('',*,*,#1890,.T.);
#2836=ORIENTED_EDGE('',*,*,#1990,.F.);
#2837=ORIENTED_EDGE('',*,*,#2035,.F.);
#2838=ORIENTED_EDGE('',*,*,#2006,.F.);
#2839=ORIENTED_EDGE('',*,*,#1866,.F.);
#2840=ORIENTED_EDGE('',*,*,#1896,.T.);
#2841=ORIENTED_EDGE('',*,*,#1897,.T.);
#2842=ORIENTED_EDGE('',*,*,#1864,.F.);
#2843=ORIENTED_EDGE('',*,*,#1884,.F.);
#2844=ORIENTED_EDGE('',*,*,#2033,.F.);
#2845=ORIENTED_EDGE('',*,*,#2037,.F.);
#2846=ORIENTED_EDGE('',*,*,#2027,.F.);
#2847=ORIENTED_EDGE('',*,*,#2013,.F.);
#2848=ORIENTED_EDGE('',*,*,#1924,.F.);
#2849=ORIENTED_EDGE('',*,*,#1875,.F.);
#2850=ORIENTED_EDGE('',*,*,#1927,.F.);
#2851=ORIENTED_EDGE('',*,*,#1918,.F.);
#2852=ORIENTED_EDGE('',*,*,#1953,.F.);
#2853=ORIENTED_EDGE('',*,*,#1954,.F.);
#2854=ORIENTED_EDGE('',*,*,#1928,.F.);
#2855=ORIENTED_EDGE('',*,*,#1873,.F.);
#2856=ORIENTED_EDGE('',*,*,#1947,.F.);
#2857=ORIENTED_EDGE('',*,*,#1970,.F.);
#2858=ORIENTED_EDGE('',*,*,#1932,.F.);
#2859=ORIENTED_EDGE('',*,*,#1959,.F.);
#2860=ORIENTED_EDGE('',*,*,#1919,.F.);
#2861=ORIENTED_EDGE('',*,*,#1916,.F.);
#2862=ORIENTED_EDGE('',*,*,#1926,.F.);
#2863=ORIENTED_EDGE('',*,*,#1969,.F.);
#2864=ORIENTED_EDGE('',*,*,#2031,.F.);
#2865=ORIENTED_EDGE('',*,*,#2001,.F.);
#2866=ORIENTED_EDGE('',*,*,#2029,.F.);
#2867=ORIENTED_EDGE('',*,*,#2036,.F.);
#2868=ORIENTED_EDGE('',*,*,#1943,.F.);
#2869=ORIENTED_EDGE('',*,*,#1988,.F.);
#2870=ORIENTED_EDGE('',*,*,#2030,.F.);
#2871=ORIENTED_EDGE('',*,*,#1999,.F.);
#2872=ORIENTED_EDGE('',*,*,#1935,.F.);
#2873=ORIENTED_EDGE('',*,*,#2010,.F.);
#2874=ORIENTED_EDGE('',*,*,#2026,.F.);
#2875=ORIENTED_EDGE('',*,*,#2024,.F.);
#2876=ORIENTED_EDGE('',*,*,#2038,.F.);
#2877=ORIENTED_EDGE('',*,*,#2039,.F.);
#2878=ORIENTED_EDGE('',*,*,#2040,.F.);
#2879=ORIENTED_EDGE('',*,*,#2041,.F.);
#2880=ORIENTED_EDGE('',*,*,#2042,.T.);
#2881=ORIENTED_EDGE('',*,*,#2043,.T.);
#2882=ORIENTED_EDGE('',*,*,#2044,.F.);
#2883=ORIENTED_EDGE('',*,*,#2045,.T.);
#2884=ORIENTED_EDGE('',*,*,#2046,.T.);
#2885=ORIENTED_EDGE('',*,*,#2047,.T.);
#2886=ORIENTED_EDGE('',*,*,#2048,.F.);
#2887=ORIENTED_EDGE('',*,*,#2049,.F.);
#2888=ORIENTED_EDGE('',*,*,#2050,.T.);
#2889=ORIENTED_EDGE('',*,*,#2051,.T.);
#2890=ORIENTED_EDGE('',*,*,#2052,.T.);
#2891=ORIENTED_EDGE('',*,*,#2053,.F.);
#2892=ORIENTED_EDGE('',*,*,#2054,.F.);
#2893=ORIENTED_EDGE('',*,*,#2041,.T.);
#2894=ORIENTED_EDGE('',*,*,#2055,.F.);
#2895=ORIENTED_EDGE('',*,*,#2056,.T.);
#2896=ORIENTED_EDGE('',*,*,#2057,.F.);
#2897=ORIENTED_EDGE('',*,*,#2058,.T.);
#2898=ORIENTED_EDGE('',*,*,#2038,.T.);
#2899=ORIENTED_EDGE('',*,*,#2054,.T.);
#2900=ORIENTED_EDGE('',*,*,#2059,.T.);
#2901=ORIENTED_EDGE('',*,*,#2060,.T.);
#2902=ORIENTED_EDGE('',*,*,#2061,.T.);
#2903=ORIENTED_EDGE('',*,*,#2062,.T.);
#2904=ORIENTED_EDGE('',*,*,#2063,.T.);
#2905=ORIENTED_EDGE('',*,*,#2064,.F.);
#2906=ORIENTED_EDGE('',*,*,#2065,.T.);
#2907=ORIENTED_EDGE('',*,*,#2066,.F.);
#2908=ORIENTED_EDGE('',*,*,#2067,.T.);
#2909=ORIENTED_EDGE('',*,*,#2068,.T.);
#2910=ORIENTED_EDGE('',*,*,#2039,.T.);
#2911=ORIENTED_EDGE('',*,*,#2058,.F.);
#2912=ORIENTED_EDGE('',*,*,#2069,.T.);
#2913=ORIENTED_EDGE('',*,*,#2070,.T.);
#2914=ORIENTED_EDGE('',*,*,#2071,.T.);
#2915=ORIENTED_EDGE('',*,*,#2072,.T.);
#2916=ORIENTED_EDGE('',*,*,#2073,.F.);
#2917=ORIENTED_EDGE('',*,*,#2074,.F.);
#2918=ORIENTED_EDGE('',*,*,#2075,.T.);
#2919=ORIENTED_EDGE('',*,*,#2076,.T.);
#2920=ORIENTED_EDGE('',*,*,#2077,.T.);
#2921=ORIENTED_EDGE('',*,*,#2078,.T.);
#2922=ORIENTED_EDGE('',*,*,#2079,.T.);
#2923=ORIENTED_EDGE('',*,*,#2080,.T.);
#2924=ORIENTED_EDGE('',*,*,#2081,.T.);
#2925=ORIENTED_EDGE('',*,*,#2082,.T.);
#2926=ORIENTED_EDGE('',*,*,#2083,.T.);
#2927=ORIENTED_EDGE('',*,*,#2084,.T.);
#2928=ORIENTED_EDGE('',*,*,#2085,.T.);
#2929=ORIENTED_EDGE('',*,*,#2086,.F.);
#2930=ORIENTED_EDGE('',*,*,#2087,.F.);
#2931=ORIENTED_EDGE('',*,*,#2068,.F.);
#2932=ORIENTED_EDGE('',*,*,#2088,.T.);
#2933=ORIENTED_EDGE('',*,*,#2055,.T.);
#2934=ORIENTED_EDGE('',*,*,#2040,.T.);
#2935=ORIENTED_EDGE('',*,*,#2089,.F.);
#2936=ORIENTED_EDGE('',*,*,#2090,.F.);
#2937=ORIENTED_EDGE('',*,*,#2091,.F.);
#2938=ORIENTED_EDGE('',*,*,#2057,.T.);
#2939=ORIENTED_EDGE('',*,*,#2092,.F.);
#2940=ORIENTED_EDGE('',*,*,#2078,.F.);
#2941=ORIENTED_EDGE('',*,*,#2093,.F.);
#2942=ORIENTED_EDGE('',*,*,#2044,.T.);
#2943=ORIENTED_EDGE('',*,*,#2069,.F.);
#2944=ORIENTED_EDGE('',*,*,#2059,.F.);
#2945=ORIENTED_EDGE('',*,*,#2053,.T.);
#2946=ORIENTED_EDGE('',*,*,#2094,.T.);
#2947=ORIENTED_EDGE('',*,*,#2095,.F.);
#2948=ORIENTED_EDGE('',*,*,#2096,.F.);
#2949=ORIENTED_EDGE('',*,*,#2082,.F.);
#2950=ORIENTED_EDGE('',*,*,#2097,.F.);
#2951=ORIENTED_EDGE('',*,*,#2098,.F.);
#2952=ORIENTED_EDGE('',*,*,#2099,.F.);
#2953=ORIENTED_EDGE('',*,*,#2100,.F.);
#2954=ORIENTED_EDGE('',*,*,#2101,.F.);
#2955=ORIENTED_EDGE('',*,*,#2102,.F.);
#2956=ORIENTED_EDGE('',*,*,#2103,.F.);
#2957=ORIENTED_EDGE('',*,*,#2104,.F.);
#2958=ORIENTED_EDGE('',*,*,#2080,.F.);
#2959=ORIENTED_EDGE('',*,*,#2105,.F.);
#2960=ORIENTED_EDGE('',*,*,#2042,.F.);
#2961=ORIENTED_EDGE('',*,*,#2091,.T.);
#2962=ORIENTED_EDGE('',*,*,#2056,.F.);
#2963=ORIENTED_EDGE('',*,*,#2088,.F.);
#2964=ORIENTED_EDGE('',*,*,#2067,.F.);
#2965=ORIENTED_EDGE('',*,*,#2106,.F.);
#2966=ORIENTED_EDGE('',*,*,#2107,.F.);
#2967=ORIENTED_EDGE('',*,*,#2108,.F.);
#2968=ORIENTED_EDGE('',*,*,#2089,.T.);
#2969=ORIENTED_EDGE('',*,*,#2109,.F.);
#2970=ORIENTED_EDGE('',*,*,#2110,.F.);
#2971=ORIENTED_EDGE('',*,*,#2111,.F.);
#2972=ORIENTED_EDGE('',*,*,#2112,.F.);
#2973=ORIENTED_EDGE('',*,*,#2113,.F.);
#2974=ORIENTED_EDGE('',*,*,#2114,.F.);
#2975=ORIENTED_EDGE('',*,*,#2115,.F.);
#2976=ORIENTED_EDGE('',*,*,#2116,.F.);
#2977=ORIENTED_EDGE('',*,*,#2065,.F.);
#2978=ORIENTED_EDGE('',*,*,#2117,.F.);
#2979=ORIENTED_EDGE('',*,*,#2063,.F.);
#2980=ORIENTED_EDGE('',*,*,#2118,.T.);
#2981=ORIENTED_EDGE('',*,*,#2119,.T.);
#2982=ORIENTED_EDGE('',*,*,#2120,.T.);
#2983=ORIENTED_EDGE('',*,*,#2102,.T.);
#2984=ORIENTED_EDGE('',*,*,#2090,.T.);
#2985=ORIENTED_EDGE('',*,*,#2108,.T.);
#2986=ORIENTED_EDGE('',*,*,#2121,.F.);
#2987=ORIENTED_EDGE('',*,*,#2105,.T.);
#2988=ORIENTED_EDGE('',*,*,#2079,.F.);
#2989=ORIENTED_EDGE('',*,*,#2092,.T.);
#2990=ORIENTED_EDGE('',*,*,#2043,.F.);
#2991=ORIENTED_EDGE('',*,*,#2093,.T.);
#2992=ORIENTED_EDGE('',*,*,#2077,.F.);
#2993=ORIENTED_EDGE('',*,*,#2122,.F.);
#2994=ORIENTED_EDGE('',*,*,#2045,.F.);
#2995=ORIENTED_EDGE('',*,*,#2123,.F.);
#2996=ORIENTED_EDGE('',*,*,#2070,.F.);
#2997=ORIENTED_EDGE('',*,*,#2094,.F.);
#2998=ORIENTED_EDGE('',*,*,#2052,.F.);
#2999=ORIENTED_EDGE('',*,*,#2101,.T.);
#3000=ORIENTED_EDGE('',*,*,#2124,.F.);
#3001=ORIENTED_EDGE('',*,*,#2125,.F.);
#3002=ORIENTED_EDGE('',*,*,#2126,.F.);
#3003=ORIENTED_EDGE('',*,*,#2127,.F.);
#3004=ORIENTED_EDGE('',*,*,#2128,.F.);
#3005=ORIENTED_EDGE('',*,*,#2109,.T.);
#3006=ORIENTED_EDGE('',*,*,#2129,.F.);
#3007=ORIENTED_EDGE('',*,*,#2119,.F.);
#3008=ORIENTED_EDGE('',*,*,#2130,.F.);
#3009=ORIENTED_EDGE('',*,*,#2131,.T.);
#3010=ORIENTED_EDGE('',*,*,#2132,.T.);
#3011=ORIENTED_EDGE('',*,*,#2133,.F.);
#3012=ORIENTED_EDGE('',*,*,#2134,.F.);
#3013=ORIENTED_EDGE('',*,*,#2135,.T.);
#3014=ORIENTED_EDGE('',*,*,#2136,.T.);
#3015=ORIENTED_EDGE('',*,*,#2137,.F.);
#3016=ORIENTED_EDGE('',*,*,#2095,.T.);
#3017=ORIENTED_EDGE('',*,*,#2128,.T.);
#3018=ORIENTED_EDGE('',*,*,#2137,.T.);
#3019=ORIENTED_EDGE('',*,*,#2138,.F.);
#3020=ORIENTED_EDGE('',*,*,#2083,.F.);
#3021=ORIENTED_EDGE('',*,*,#2096,.T.);
#3022=ORIENTED_EDGE('',*,*,#2097,.T.);
#3023=ORIENTED_EDGE('',*,*,#2081,.F.);
#3024=ORIENTED_EDGE('',*,*,#2104,.T.);
#3025=ORIENTED_EDGE('',*,*,#2139,.F.);
#3026=ORIENTED_EDGE('',*,*,#2107,.T.);
#3027=ORIENTED_EDGE('',*,*,#2140,.F.);
#3028=ORIENTED_EDGE('',*,*,#2115,.T.);
#3029=ORIENTED_EDGE('',*,*,#2141,.F.);
#3030=ORIENTED_EDGE('',*,*,#2142,.F.);
#3031=ORIENTED_EDGE('',*,*,#2143,.T.);
#3032=ORIENTED_EDGE('',*,*,#2144,.T.);
#3033=ORIENTED_EDGE('',*,*,#2145,.T.);
#3034=ORIENTED_EDGE('',*,*,#2146,.F.);
#3035=ORIENTED_EDGE('',*,*,#2147,.F.);
#3036=ORIENTED_EDGE('',*,*,#2148,.T.);
#3037=ORIENTED_EDGE('',*,*,#2149,.T.);
#3038=ORIENTED_EDGE('',*,*,#2150,.F.);
#3039=ORIENTED_EDGE('',*,*,#2098,.T.);
#3040=ORIENTED_EDGE('',*,*,#2139,.T.);
#3041=ORIENTED_EDGE('',*,*,#2103,.T.);
#3042=ORIENTED_EDGE('',*,*,#2121,.T.);
#3043=ORIENTED_EDGE('',*,*,#2151,.F.);
#3044=ORIENTED_EDGE('',*,*,#2099,.T.);
#3045=ORIENTED_EDGE('',*,*,#2150,.T.);
#3046=ORIENTED_EDGE('',*,*,#2152,.F.);
#3047=ORIENTED_EDGE('',*,*,#2100,.T.);
#3048=ORIENTED_EDGE('',*,*,#2151,.T.);
#3049=ORIENTED_EDGE('',*,*,#2153,.F.);
#3050=ORIENTED_EDGE('',*,*,#2154,.T.);
#3051=ORIENTED_EDGE('',*,*,#2155,.F.);
#3052=ORIENTED_EDGE('',*,*,#2156,.F.);
#3053=ORIENTED_EDGE('',*,*,#2157,.T.);
#3054=ORIENTED_EDGE('',*,*,#2158,.T.);
#3055=ORIENTED_EDGE('',*,*,#2159,.T.);
#3056=ORIENTED_EDGE('',*,*,#2160,.F.);
#3057=ORIENTED_EDGE('',*,*,#2161,.F.);
#3058=ORIENTED_EDGE('',*,*,#2113,.T.);
#3059=ORIENTED_EDGE('',*,*,#2124,.T.);
#3060=ORIENTED_EDGE('',*,*,#2066,.T.);
#3061=ORIENTED_EDGE('',*,*,#2116,.T.);
#3062=ORIENTED_EDGE('',*,*,#2140,.T.);
#3063=ORIENTED_EDGE('',*,*,#2106,.T.);
#3064=ORIENTED_EDGE('',*,*,#2117,.T.);
#3065=ORIENTED_EDGE('',*,*,#2064,.T.);
#3066=ORIENTED_EDGE('',*,*,#2120,.F.);
#3067=ORIENTED_EDGE('',*,*,#2129,.T.);
#3068=ORIENTED_EDGE('',*,*,#2162,.F.);
#3069=ORIENTED_EDGE('',*,*,#2163,.F.);
#3070=ORIENTED_EDGE('',*,*,#2111,.T.);
#3071=ORIENTED_EDGE('',*,*,#2164,.F.);
#3072=ORIENTED_EDGE('',*,*,#2165,.T.);
#3073=ORIENTED_EDGE('',*,*,#2141,.T.);
#3074=ORIENTED_EDGE('',*,*,#2114,.T.);
#3075=ORIENTED_EDGE('',*,*,#2161,.T.);
#3076=ORIENTED_EDGE('',*,*,#2130,.T.);
#3077=ORIENTED_EDGE('',*,*,#2118,.F.);
#3078=ORIENTED_EDGE('',*,*,#2062,.F.);
#3079=ORIENTED_EDGE('',*,*,#2166,.F.);
#3080=ORIENTED_EDGE('',*,*,#2122,.T.);
#3081=ORIENTED_EDGE('',*,*,#2076,.F.);
#3082=ORIENTED_EDGE('',*,*,#2167,.F.);
#3083=ORIENTED_EDGE('',*,*,#2046,.F.);
#3084=ORIENTED_EDGE('',*,*,#2168,.F.);
#3085=ORIENTED_EDGE('',*,*,#2071,.F.);
#3086=ORIENTED_EDGE('',*,*,#2123,.T.);
#3087=ORIENTED_EDGE('',*,*,#2051,.F.);
#3088=ORIENTED_EDGE('',*,*,#2126,.T.);
#3089=ORIENTED_EDGE('',*,*,#2169,.F.);
#3090=ORIENTED_EDGE('',*,*,#2170,.T.);
#3091=ORIENTED_EDGE('',*,*,#2171,.F.);
#3092=ORIENTED_EDGE('',*,*,#2136,.F.);
#3093=ORIENTED_EDGE('',*,*,#2172,.F.);
#3094=ORIENTED_EDGE('',*,*,#2084,.F.);
#3095=ORIENTED_EDGE('',*,*,#2138,.T.);
#3096=ORIENTED_EDGE('',*,*,#2142,.T.);
#3097=ORIENTED_EDGE('',*,*,#2165,.F.);
#3098=ORIENTED_EDGE('',*,*,#2160,.T.);
#3099=ORIENTED_EDGE('',*,*,#2173,.T.);
#3100=ORIENTED_EDGE('',*,*,#2153,.T.);
#3101=ORIENTED_EDGE('',*,*,#2152,.T.);
#3102=ORIENTED_EDGE('',*,*,#2149,.F.);
#3103=ORIENTED_EDGE('',*,*,#2174,.F.);
#3104=ORIENTED_EDGE('',*,*,#2127,.T.);
#3105=ORIENTED_EDGE('',*,*,#2171,.T.);
#3106=ORIENTED_EDGE('',*,*,#2175,.T.);
#3107=ORIENTED_EDGE('',*,*,#2176,.T.);
#3108=ORIENTED_EDGE('',*,*,#2177,.T.);
#3109=ORIENTED_EDGE('',*,*,#2178,.T.);
#3110=ORIENTED_EDGE('',*,*,#2164,.T.);
#3111=ORIENTED_EDGE('',*,*,#2110,.T.);
#3112=ORIENTED_EDGE('',*,*,#2179,.F.);
#3113=ORIENTED_EDGE('',*,*,#2162,.T.);
#3114=ORIENTED_EDGE('',*,*,#2178,.F.);
#3115=ORIENTED_EDGE('',*,*,#2180,.T.);
#3116=ORIENTED_EDGE('',*,*,#2131,.F.);
#3117=ORIENTED_EDGE('',*,*,#2166,.T.);
#3118=ORIENTED_EDGE('',*,*,#2061,.F.);
#3119=ORIENTED_EDGE('',*,*,#2181,.F.);
#3120=ORIENTED_EDGE('',*,*,#2167,.T.);
#3121=ORIENTED_EDGE('',*,*,#2075,.F.);
#3122=ORIENTED_EDGE('',*,*,#2182,.F.);
#3123=ORIENTED_EDGE('',*,*,#2047,.F.);
#3124=ORIENTED_EDGE('',*,*,#2183,.F.);
#3125=ORIENTED_EDGE('',*,*,#2072,.F.);
#3126=ORIENTED_EDGE('',*,*,#2168,.T.);
#3127=ORIENTED_EDGE('',*,*,#2050,.F.);
#3128=ORIENTED_EDGE('',*,*,#2135,.F.);
#3129=ORIENTED_EDGE('',*,*,#2184,.F.);
#3130=ORIENTED_EDGE('',*,*,#2085,.F.);
#3131=ORIENTED_EDGE('',*,*,#2172,.T.);
#3132=ORIENTED_EDGE('',*,*,#2159,.F.);
#3133=ORIENTED_EDGE('',*,*,#2185,.F.);
#3134=ORIENTED_EDGE('',*,*,#2143,.F.);
#3135=ORIENTED_EDGE('',*,*,#2173,.F.);
#3136=ORIENTED_EDGE('',*,*,#2154,.F.);
#3137=ORIENTED_EDGE('',*,*,#2174,.T.);
#3138=ORIENTED_EDGE('',*,*,#2148,.F.);
#3139=ORIENTED_EDGE('',*,*,#2186,.F.);
#3140=ORIENTED_EDGE('',*,*,#2187,.F.);
#3141=ORIENTED_EDGE('',*,*,#2188,.F.);
#3142=ORIENTED_EDGE('',*,*,#2180,.F.);
#3143=ORIENTED_EDGE('',*,*,#2177,.F.);
#3144=ORIENTED_EDGE('',*,*,#2189,.T.);
#3145=ORIENTED_EDGE('',*,*,#2187,.T.);
#3146=ORIENTED_EDGE('',*,*,#2176,.F.);
#3147=ORIENTED_EDGE('',*,*,#2190,.T.);
#3148=ORIENTED_EDGE('',*,*,#2175,.F.);
#3149=ORIENTED_EDGE('',*,*,#2170,.F.);
#3150=ORIENTED_EDGE('',*,*,#2191,.F.);
#3151=ORIENTED_EDGE('',*,*,#2190,.F.);
#3152=ORIENTED_EDGE('',*,*,#2132,.F.);
#3153=ORIENTED_EDGE('',*,*,#2181,.T.);
#3154=ORIENTED_EDGE('',*,*,#2060,.F.);
#3155=ORIENTED_EDGE('',*,*,#2192,.F.);
#3156=ORIENTED_EDGE('',*,*,#2074,.T.);
#3157=ORIENTED_EDGE('',*,*,#2193,.T.);
#3158=ORIENTED_EDGE('',*,*,#2048,.T.);
#3159=ORIENTED_EDGE('',*,*,#2182,.T.);
#3160=ORIENTED_EDGE('',*,*,#2073,.T.);
#3161=ORIENTED_EDGE('',*,*,#2183,.T.);
#3162=ORIENTED_EDGE('',*,*,#2049,.T.);
#3163=ORIENTED_EDGE('',*,*,#2193,.F.);
#3164=ORIENTED_EDGE('',*,*,#2194,.T.);
#3165=ORIENTED_EDGE('',*,*,#2086,.T.);
#3166=ORIENTED_EDGE('',*,*,#2184,.T.);
#3167=ORIENTED_EDGE('',*,*,#2134,.T.);
#3168=ORIENTED_EDGE('',*,*,#2158,.F.);
#3169=ORIENTED_EDGE('',*,*,#2195,.F.);
#3170=ORIENTED_EDGE('',*,*,#2144,.F.);
#3171=ORIENTED_EDGE('',*,*,#2185,.T.);
#3172=ORIENTED_EDGE('',*,*,#2186,.T.);
#3173=ORIENTED_EDGE('',*,*,#2147,.T.);
#3174=ORIENTED_EDGE('',*,*,#2196,.T.);
#3175=ORIENTED_EDGE('',*,*,#2155,.T.);
#3176=ORIENTED_EDGE('',*,*,#2163,.T.);
#3177=ORIENTED_EDGE('',*,*,#2179,.T.);
#3178=ORIENTED_EDGE('',*,*,#2188,.T.);
#3179=ORIENTED_EDGE('',*,*,#2189,.F.);
#3180=ORIENTED_EDGE('',*,*,#2191,.T.);
#3181=ORIENTED_EDGE('',*,*,#2169,.T.);
#3182=ORIENTED_EDGE('',*,*,#2125,.T.);
#3183=ORIENTED_EDGE('',*,*,#2112,.T.);
#3184=ORIENTED_EDGE('',*,*,#2192,.T.);
#3185=ORIENTED_EDGE('',*,*,#2087,.T.);
#3186=ORIENTED_EDGE('',*,*,#2194,.F.);
#3187=ORIENTED_EDGE('',*,*,#2133,.T.);
#3188=ORIENTED_EDGE('',*,*,#2157,.F.);
#3189=ORIENTED_EDGE('',*,*,#2197,.F.);
#3190=ORIENTED_EDGE('',*,*,#2145,.F.);
#3191=ORIENTED_EDGE('',*,*,#2195,.T.);
#3192=ORIENTED_EDGE('',*,*,#2196,.F.);
#3193=ORIENTED_EDGE('',*,*,#2146,.T.);
#3194=ORIENTED_EDGE('',*,*,#2197,.T.);
#3195=ORIENTED_EDGE('',*,*,#2156,.T.);
#3196=ORIENTED_EDGE('',*,*,#2198,.T.);
#3197=ORIENTED_EDGE('',*,*,#2199,.F.);
#3198=ORIENTED_EDGE('',*,*,#2200,.T.);
#3199=ORIENTED_EDGE('',*,*,#2201,.T.);
#3200=ORIENTED_EDGE('',*,*,#2202,.F.);
#3201=ORIENTED_EDGE('',*,*,#2203,.F.);
#3202=ORIENTED_EDGE('',*,*,#2204,.F.);
#3203=ORIENTED_EDGE('',*,*,#2200,.F.);
#3204=ORIENTED_EDGE('',*,*,#2205,.T.);
#3205=ORIENTED_EDGE('',*,*,#2202,.T.);
#3206=ORIENTED_EDGE('',*,*,#2199,.T.);
#3207=ORIENTED_EDGE('',*,*,#2206,.T.);
#3208=ORIENTED_EDGE('',*,*,#2207,.T.);
#3209=ORIENTED_EDGE('',*,*,#2203,.T.);
#3210=ORIENTED_EDGE('',*,*,#2205,.F.);
#3211=ORIENTED_EDGE('',*,*,#2208,.T.);
#3212=ORIENTED_EDGE('',*,*,#2204,.T.);
#3213=ORIENTED_EDGE('',*,*,#2207,.F.);
#3214=ORIENTED_EDGE('',*,*,#2209,.T.);
#3215=ORIENTED_EDGE('',*,*,#2201,.F.);
#3216=ORIENTED_EDGE('',*,*,#2198,.F.);
#3217=ORIENTED_EDGE('',*,*,#2209,.F.);
#3218=ORIENTED_EDGE('',*,*,#2208,.F.);
#3219=ORIENTED_EDGE('',*,*,#2206,.F.);
#3220=PLANE('',#3539);
#3221=PLANE('',#3551);
#3222=PLANE('',#3552);
#3223=PLANE('',#3553);
#3224=PLANE('',#3554);
#3225=PLANE('',#3555);
#3226=PLANE('',#3576);
#3227=PLANE('',#3586);
#3228=PLANE('',#3592);
#3229=PLANE('',#3595);
#3230=PLANE('',#3598);
#3231=PLANE('',#3601);
#3232=PLANE('',#3604);
#3233=PLANE('',#3607);
#3234=PLANE('',#3610);
#3235=PLANE('',#3631);
#3236=PLANE('',#3632);
#3237=PLANE('',#3635);
#3238=PLANE('',#3636);
#3239=PLANE('',#3637);
#3240=PLANE('',#3648);
#3241=PLANE('',#3649);
#3242=PLANE('',#3650);
#3243=PLANE('',#3651);
#3244=PLANE('',#3661);
#3245=PLANE('',#3666);
#3246=PLANE('',#3670);
#3247=PLANE('',#3676);
#3248=PLANE('',#3678);
#3249=PLANE('',#3683);
#3250=PLANE('',#3684);
#3251=PLANE('',#3685);
#3252=PLANE('',#3688);
#3253=PLANE('',#3693);
#3254=PLANE('',#3696);
#3255=PLANE('',#3701);
#3256=PLANE('',#3706);
#3257=PLANE('',#3710);
#3258=PLANE('',#3711);
#3259=PLANE('',#3712);
#3260=PLANE('',#3713);
#3261=PLANE('',#3715);
#3262=PLANE('',#3716);
#3263=PLANE('',#3717);
#3264=PLANE('',#3718);
#3265=PLANE('',#3722);
#3266=PLANE('',#3724);
#3267=PLANE('',#3725);
#3268=PLANE('',#3726);
#3269=PLANE('',#3728);
#3270=PLANE('',#3730);
#3271=PLANE('',#3733);
#3272=PLANE('',#3738);
#3273=PLANE('',#3739);
#3274=PLANE('',#3740);
#3275=PLANE('',#3741);
#3276=PLANE('',#3742);
#3277=PLANE('',#3744);
#3278=PLANE('',#3745);
#3279=PLANE('',#3746);
#3280=PLANE('',#3753);
#3281=PLANE('',#3759);
#3282=PLANE('',#3771);
#3283=PLANE('',#3772);
#3284=PLANE('',#3786);
#3285=PLANE('',#3809);
#3286=PLANE('',#3810);
#3287=PLANE('',#3812);
#3288=PLANE('',#3813);
#3289=PLANE('',#3814);
#3290=PLANE('',#3815);
#3291=PLANE('',#3818);
#3292=PLANE('',#3822);
#3293=PLANE('',#3823);
#3294=PLANE('',#3835);
#3295=PLANE('',#3848);
#3296=PLANE('',#3859);
#3297=PLANE('',#3870);
#3298=PLANE('',#3876);
#3299=PLANE('',#3880);
#3300=PLANE('',#3884);
#3301=PLANE('',#3885);
#3302=PLANE('',#3891);
#3303=PLANE('',#3893);
#3304=PLANE('',#3896);
#3305=PLANE('',#3897);
#3306=PLANE('',#3898);
#3307=PLANE('',#3899);
#3308=PLANE('',#3900);
#3309=PLANE('',#3901);
#3310=ADVANCED_FACE('',(#196),#3220,.F.);
#3311=ADVANCED_FACE('',(#197),#3221,.T.);
#3312=ADVANCED_FACE('',(#198),#3222,.T.);
#3313=ADVANCED_FACE('',(#199),#3223,.T.);
#3314=ADVANCED_FACE('',(#200),#3224,.T.);
#3315=ADVANCED_FACE('',(#201),#3225,.F.);
#3316=ADVANCED_FACE('',(#202),#108,.T.);
#3317=ADVANCED_FACE('',(#203),#109,.T.);
#3318=ADVANCED_FACE('',(#204),#110,.F.);
#3319=ADVANCED_FACE('',(#205),#3226,.F.);
#3320=ADVANCED_FACE('',(#206),#111,.T.);
#3321=ADVANCED_FACE('',(#207,#105),#3227,.T.);
#3322=ADVANCED_FACE('',(#208),#3228,.T.);
#3323=ADVANCED_FACE('',(#209),#112,.F.);
#3324=ADVANCED_FACE('',(#210),#3229,.T.);
#3325=ADVANCED_FACE('',(#211),#113,.T.);
#3326=ADVANCED_FACE('',(#212),#3230,.T.);
#3327=ADVANCED_FACE('',(#213),#114,.T.);
#3328=ADVANCED_FACE('',(#214),#3231,.T.);
#3329=ADVANCED_FACE('',(#215),#115,.F.);
#3330=ADVANCED_FACE('',(#216),#3232,.T.);
#3331=ADVANCED_FACE('',(#217),#116,.T.);
#3332=ADVANCED_FACE('',(#218),#3233,.T.);
#3333=ADVANCED_FACE('',(#219),#117,.T.);
#3334=ADVANCED_FACE('',(#220,#106),#3234,.T.);
#3335=ADVANCED_FACE('',(#221),#118,.F.);
#3336=ADVANCED_FACE('',(#222),#119,.T.);
#3337=ADVANCED_FACE('',(#223),#120,.T.);
#3338=ADVANCED_FACE('',(#224),#121,.F.);
#3339=ADVANCED_FACE('',(#225),#122,.F.);
#3340=ADVANCED_FACE('',(#226),#123,.T.);
#3341=ADVANCED_FACE('',(#227),#124,.T.);
#3342=ADVANCED_FACE('',(#228),#125,.F.);
#3343=ADVANCED_FACE('',(#229),#126,.T.);
#3344=ADVANCED_FACE('',(#230),#3235,.T.);
#3345=ADVANCED_FACE('',(#231),#3236,.T.);
#3346=ADVANCED_FACE('',(#232),#127,.F.);
#3347=ADVANCED_FACE('',(#233),#128,.F.);
#3348=ADVANCED_FACE('',(#234),#3237,.T.);
#3349=ADVANCED_FACE('',(#235),#3238,.T.);
#3350=ADVANCED_FACE('',(#236,#107),#3239,.T.);
#3351=ADVANCED_FACE('',(#237),#129,.T.);
#3352=ADVANCED_FACE('',(#238),#130,.T.);
#3353=ADVANCED_FACE('',(#239),#3240,.T.);
#3354=ADVANCED_FACE('',(#240),#3241,.T.);
#3355=ADVANCED_FACE('',(#241),#3242,.F.);
#3356=ADVANCED_FACE('',(#242),#3243,.T.);
#3357=ADVANCED_FACE('',(#243),#131,.T.);
#3358=ADVANCED_FACE('',(#244),#132,.T.);
#3359=ADVANCED_FACE('',(#245),#133,.T.);
#3360=ADVANCED_FACE('',(#246),#134,.T.);
#3361=ADVANCED_FACE('',(#247),#135,.T.);
#3362=ADVANCED_FACE('',(#248),#136,.T.);
#3363=ADVANCED_FACE('',(#249),#137,.T.);
#3364=ADVANCED_FACE('',(#250),#138,.T.);
#3365=ADVANCED_FACE('',(#251),#3244,.T.);
#3366=ADVANCED_FACE('',(#252),#3245,.F.);
#3367=ADVANCED_FACE('',(#253),#139,.F.);
#3368=ADVANCED_FACE('',(#254),#3246,.F.);
#3369=ADVANCED_FACE('',(#255),#140,.T.);
#3370=ADVANCED_FACE('',(#256),#3247,.F.);
#3371=ADVANCED_FACE('',(#257),#3248,.F.);
#3372=ADVANCED_FACE('',(#258),#141,.T.);
#3373=ADVANCED_FACE('',(#259),#3249,.F.);
#3374=ADVANCED_FACE('',(#260),#3250,.T.);
#3375=ADVANCED_FACE('',(#261),#3251,.F.);
#3376=ADVANCED_FACE('',(#262),#3252,.T.);
#3377=ADVANCED_FACE('',(#263),#142,.F.);
#3378=ADVANCED_FACE('',(#264),#3253,.F.);
#3379=ADVANCED_FACE('',(#265),#3254,.T.);
#3380=ADVANCED_FACE('',(#266),#3255,.F.);
#3381=ADVANCED_FACE('',(#267),#3256,.F.);
#3382=ADVANCED_FACE('',(#268),#143,.F.);
#3383=ADVANCED_FACE('',(#269),#144,.F.);
#3384=ADVANCED_FACE('',(#270),#3257,.F.);
#3385=ADVANCED_FACE('',(#271),#3258,.F.);
#3386=ADVANCED_FACE('',(#272),#3259,.T.);
#3387=ADVANCED_FACE('',(#273),#3260,.F.);
#3388=ADVANCED_FACE('',(#274),#3261,.T.);
#3389=ADVANCED_FACE('',(#275),#3262,.F.);
#3390=ADVANCED_FACE('',(#276),#3263,.F.);
#3391=ADVANCED_FACE('',(#277),#3264,.T.);
#3392=ADVANCED_FACE('',(#278),#145,.F.);
#3393=ADVANCED_FACE('',(#279),#146,.T.);
#3394=ADVANCED_FACE('',(#280),#3265,.F.);
#3395=ADVANCED_FACE('',(#281),#3266,.F.);
#3396=ADVANCED_FACE('',(#282),#3267,.F.);
#3397=ADVANCED_FACE('',(#283),#3268,.F.);
#3398=ADVANCED_FACE('',(#284),#147,.F.);
#3399=ADVANCED_FACE('',(#285),#3269,.T.);
#3400=ADVANCED_FACE('',(#286),#3270,.F.);
#3401=ADVANCED_FACE('',(#287),#3271,.F.);
#3402=ADVANCED_FACE('',(#288),#148,.T.);
#3403=ADVANCED_FACE('',(#289),#149,.F.);
#3404=ADVANCED_FACE('',(#290),#3272,.F.);
#3405=ADVANCED_FACE('',(#291),#3273,.F.);
#3406=ADVANCED_FACE('',(#292),#3274,.T.);
#3407=ADVANCED_FACE('',(#293),#3275,.T.);
#3408=ADVANCED_FACE('',(#294),#3276,.F.);
#3409=ADVANCED_FACE('',(#295),#3277,.T.);
#3410=ADVANCED_FACE('',(#296),#3278,.F.);
#3411=ADVANCED_FACE('',(#297),#3279,.T.);
#3412=ADVANCED_FACE('',(#298),#150,.F.);
#3413=ADVANCED_FACE('',(#299),#3280,.F.);
#3414=ADVANCED_FACE('',(#300),#151,.F.);
#3415=ADVANCED_FACE('',(#301),#3281,.F.);
#3416=ADVANCED_FACE('',(#302),#152,.T.);
#3417=ADVANCED_FACE('',(#303),#153,.T.);
#3418=ADVANCED_FACE('',(#304),#154,.T.);
#3419=ADVANCED_FACE('',(#305),#155,.T.);
#3420=ADVANCED_FACE('',(#306),#156,.T.);
#3421=ADVANCED_FACE('',(#307),#157,.T.);
#3422=ADVANCED_FACE('',(#308),#158,.T.);
#3423=ADVANCED_FACE('',(#309),#159,.T.);
#3424=ADVANCED_FACE('',(#310),#160,.T.);
#3425=ADVANCED_FACE('',(#311),#161,.T.);
#3426=ADVANCED_FACE('',(#312),#3282,.F.);
#3427=ADVANCED_FACE('',(#313),#3283,.F.);
#3428=ADVANCED_FACE('',(#314),#162,.T.);
#3429=ADVANCED_FACE('',(#315),#3284,.T.);
#3430=ADVANCED_FACE('',(#316),#163,.T.);
#3431=ADVANCED_FACE('',(#317),#3285,.F.);
#3432=ADVANCED_FACE('',(#318),#3286,.F.);
#3433=ADVANCED_FACE('',(#319),#164,.T.);
#3434=ADVANCED_FACE('',(#320),#3287,.F.);
#3435=ADVANCED_FACE('',(#321),#3288,.F.);
#3436=ADVANCED_FACE('',(#322),#3289,.F.);
#3437=ADVANCED_FACE('',(#323),#3290,.F.);
#3438=ADVANCED_FACE('',(#324),#165,.T.);
#3439=ADVANCED_FACE('',(#325),#3291,.F.);
#3440=ADVANCED_FACE('',(#326),#166,.F.);
#3441=ADVANCED_FACE('',(#327),#167,.F.);
#3442=ADVANCED_FACE('',(#328),#168,.F.);
#3443=ADVANCED_FACE('',(#329),#3292,.F.);
#3444=ADVANCED_FACE('',(#330),#3293,.F.);
#3445=ADVANCED_FACE('',(#331),#169,.F.);
#3446=ADVANCED_FACE('',(#332),#170,.F.);
#3447=ADVANCED_FACE('',(#333),#3294,.F.);
#3448=ADVANCED_FACE('',(#334),#171,.F.);
#3449=ADVANCED_FACE('',(#335),#3295,.F.);
#3450=ADVANCED_FACE('',(#336),#172,.T.);
#3451=ADVANCED_FACE('',(#337),#173,.T.);
#3452=ADVANCED_FACE('',(#338),#3296,.F.);
#3453=ADVANCED_FACE('',(#339),#174,.T.);
#3454=ADVANCED_FACE('',(#340),#175,.F.);
#3455=ADVANCED_FACE('',(#341),#176,.F.);
#3456=ADVANCED_FACE('',(#342),#177,.F.);
#3457=ADVANCED_FACE('',(#343),#178,.F.);
#3458=ADVANCED_FACE('',(#344),#179,.F.);
#3459=ADVANCED_FACE('',(#345),#180,.T.);
#3460=ADVANCED_FACE('',(#346),#181,.F.);
#3461=ADVANCED_FACE('',(#347),#3297,.T.);
#3462=ADVANCED_FACE('',(#348),#182,.T.);
#3463=ADVANCED_FACE('',(#349),#183,.F.);
#3464=ADVANCED_FACE('',(#350),#184,.F.);
#3465=ADVANCED_FACE('',(#351),#3298,.F.);
#3466=ADVANCED_FACE('',(#352),#185,.F.);
#3467=ADVANCED_FACE('',(#353),#186,.F.);
#3468=ADVANCED_FACE('',(#354),#187,.F.);
#3469=ADVANCED_FACE('',(#355),#3299,.F.);
#3470=ADVANCED_FACE('',(#356),#188,.T.);
#3471=ADVANCED_FACE('',(#357),#3300,.F.);
#3472=ADVANCED_FACE('',(#358),#3301,.F.);
#3473=ADVANCED_FACE('',(#359),#189,.T.);
#3474=ADVANCED_FACE('',(#360),#190,.T.);
#3475=ADVANCED_FACE('',(#361),#191,.T.);
#3476=ADVANCED_FACE('',(#362),#192,.F.);
#3477=ADVANCED_FACE('',(#363),#193,.T.);
#3478=ADVANCED_FACE('',(#364),#3302,.T.);
#3479=ADVANCED_FACE('',(#365),#194,.T.);
#3480=ADVANCED_FACE('',(#366),#3303,.F.);
#3481=ADVANCED_FACE('',(#367),#195,.T.);
#3482=ADVANCED_FACE('',(#368),#3304,.T.);
#3483=ADVANCED_FACE('',(#369),#3305,.T.);
#3484=ADVANCED_FACE('',(#370),#3306,.T.);
#3485=ADVANCED_FACE('',(#371),#3307,.T.);
#3486=ADVANCED_FACE('',(#372),#3308,.T.);
#3487=ADVANCED_FACE('',(#373),#3309,.T.);
#3488=CLOSED_SHELL('',(#3310,#3311,#3312,#3313,#3314,#3315,#3316,#3317,
#3318,#3319,#3320,#3321,#3322,#3323,#3324,#3325,#3326,#3327,#3328,#3329,
#3330,#3331,#3332,#3333,#3334,#3335,#3336,#3337,#3338,#3339,#3340,#3341,
#3342,#3343,#3344,#3345,#3346,#3347,#3348,#3349,#3350,#3351,#3352,#3353,
#3354,#3355,#3356,#3357,#3358,#3359,#3360,#3361,#3362,#3363,#3364));
#3489=CLOSED_SHELL('',(#3365,#3366,#3367,#3368,#3369,#3370,#3371,#3372,
#3373,#3374,#3375,#3376,#3377,#3378,#3379,#3380,#3381,#3382,#3383,#3384,
#3385,#3386,#3387,#3388,#3389,#3390,#3391,#3392,#3393,#3394,#3395,#3396,
#3397,#3398,#3399,#3400,#3401,#3402,#3403,#3404,#3405,#3406,#3407,#3408,
#3409,#3410,#3411,#3412,#3413,#3414,#3415,#3416,#3417,#3418,#3419,#3420,
#3421,#3422,#3423,#3424,#3425));
#3490=CLOSED_SHELL('',(#3426,#3427,#3428,#3429,#3430,#3431,#3432,#3433,
#3434,#3435,#3436,#3437,#3438,#3439,#3440,#3441,#3442,#3443,#3444,#3445,
#3446,#3447,#3448,#3449,#3450,#3451,#3452,#3453,#3454,#3455,#3456,#3457,
#3458,#3459,#3460,#3461,#3462,#3463,#3464,#3465,#3466,#3467,#3468,#3469,
#3470,#3471,#3472,#3473,#3474,#3475,#3476,#3477,#3478,#3479,#3480,#3481));
#3491=CLOSED_SHELL('',(#3482,#3483,#3484,#3485,#3486,#3487));
#3492=DERIVED_UNIT_ELEMENT(#3500,1.);
#3493=DERIVED_UNIT_ELEMENT(#6086,-3.);
#3494=DERIVED_UNIT_ELEMENT(#3500,1.);
#3495=DERIVED_UNIT_ELEMENT(#6086,-3.);
#3496=DERIVED_UNIT_ELEMENT(#3500,1.);
#3497=DERIVED_UNIT_ELEMENT(#6086,-3.);
#3498=DERIVED_UNIT_ELEMENT(#3500,1.);
#3499=DERIVED_UNIT_ELEMENT(#6086,-3.);
#3500=(
MASS_UNIT()
NAMED_UNIT(*)
SI_UNIT(.KILO.,.GRAM.)
);
#3501=DERIVED_UNIT((#3492,#3493));
#3502=DERIVED_UNIT((#3494,#3495));
#3503=DERIVED_UNIT((#3496,#3497));
#3504=DERIVED_UNIT((#3498,#3499));
#3505=MEASURE_REPRESENTATION_ITEM('density measure',
POSITIVE_RATIO_MEASURE(7850.),#3501);
#3506=MEASURE_REPRESENTATION_ITEM('density measure',
POSITIVE_RATIO_MEASURE(7850.),#3502);
#3507=MEASURE_REPRESENTATION_ITEM('density measure',
POSITIVE_RATIO_MEASURE(7850.),#3503);
#3508=MEASURE_REPRESENTATION_ITEM('density measure',
POSITIVE_RATIO_MEASURE(7850.),#3504);
#3509=PROPERTY_DEFINITION_REPRESENTATION(#3529,#3517);
#3510=PROPERTY_DEFINITION_REPRESENTATION(#3530,#3518);
#3511=PROPERTY_DEFINITION_REPRESENTATION(#3531,#3519);
#3512=PROPERTY_DEFINITION_REPRESENTATION(#3532,#3520);
#3513=PROPERTY_DEFINITION_REPRESENTATION(#3533,#3521);
#3514=PROPERTY_DEFINITION_REPRESENTATION(#3534,#3522);
#3515=PROPERTY_DEFINITION_REPRESENTATION(#3535,#3523);
#3516=PROPERTY_DEFINITION_REPRESENTATION(#3536,#3524);
#3517=REPRESENTATION('material name',(#3525),#6080);
#3518=REPRESENTATION('density',(#3505),#6080);
#3519=REPRESENTATION('material name',(#3526),#6081);
#3520=REPRESENTATION('density',(#3506),#6081);
#3521=REPRESENTATION('material name',(#3527),#6082);
#3522=REPRESENTATION('density',(#3507),#6082);
#3523=REPRESENTATION('material name',(#3528),#6083);
#3524=REPRESENTATION('density',(#3508),#6083);
#3525=DESCRIPTIVE_REPRESENTATION_ITEM('Steel','Steel');
#3526=DESCRIPTIVE_REPRESENTATION_ITEM('Steel','Steel');
#3527=DESCRIPTIVE_REPRESENTATION_ITEM('Steel','Steel');
#3528=DESCRIPTIVE_REPRESENTATION_ITEM('Steel','Steel');
#3529=PROPERTY_DEFINITION('material property','material name',#6123);
#3530=PROPERTY_DEFINITION('material property','density of part',#6123);
#3531=PROPERTY_DEFINITION('material property','material name',#6124);
#3532=PROPERTY_DEFINITION('material property','density of part',#6124);
#3533=PROPERTY_DEFINITION('material property','material name',#6125);
#3534=PROPERTY_DEFINITION('material property','density of part',#6125);
#3535=PROPERTY_DEFINITION('material property','material name',#6126);
#3536=PROPERTY_DEFINITION('material property','density of part',#6126);
#3537=AXIS2_PLACEMENT_3D('',#5002,#3919,#3920);
#3538=AXIS2_PLACEMENT_3D('',#5003,#3921,#3922);
#3539=AXIS2_PLACEMENT_3D('',#5004,#3923,#3924);
#3540=AXIS2_PLACEMENT_3D('',#5009,#3926,#3927);
#3541=AXIS2_PLACEMENT_3D('',#5013,#3929,#3930);
#3542=AXIS2_PLACEMENT_3D('',#5017,#3932,#3933);
#3543=AXIS2_PLACEMENT_3D('',#5019,#3934,#3935);
#3544=AXIS2_PLACEMENT_3D('',#5021,#3936,#3937);
#3545=AXIS2_PLACEMENT_3D('',#5025,#3939,#3940);
#3546=AXIS2_PLACEMENT_3D('',#5029,#3942,#3943);
#3547=AXIS2_PLACEMENT_3D('',#5031,#3944,#3945);
#3548=AXIS2_PLACEMENT_3D('',#5033,#3946,#3947);
#3549=AXIS2_PLACEMENT_3D('',#5037,#3949,#3950);
#3550=AXIS2_PLACEMENT_3D('',#5041,#3952,#3953);
#3551=AXIS2_PLACEMENT_3D('',#5043,#3955,#3956);
#3552=AXIS2_PLACEMENT_3D('',#5056,#3963,#3964);
#3553=AXIS2_PLACEMENT_3D('',#5062,#3968,#3969);
#3554=AXIS2_PLACEMENT_3D('',#5068,#3973,#3974);
#3555=AXIS2_PLACEMENT_3D('',#5077,#3979,#3980);
#3556=AXIS2_PLACEMENT_3D('',#5079,#3981,#3982);
#3557=AXIS2_PLACEMENT_3D('',#5083,#3984,#3985);
#3558=AXIS2_PLACEMENT_3D('',#5087,#3987,#3988);
#3559=AXIS2_PLACEMENT_3D('',#5089,#3989,#3990);
#3560=AXIS2_PLACEMENT_3D('',#5091,#3991,#3992);
#3561=AXIS2_PLACEMENT_3D('',#5095,#3994,#3995);
#3562=AXIS2_PLACEMENT_3D('',#5099,#3997,#3998);
#3563=AXIS2_PLACEMENT_3D('',#5101,#3999,#4000);
#3564=AXIS2_PLACEMENT_3D('',#5102,#4001,#4002);
#3565=AXIS2_PLACEMENT_3D('',#5104,#4003,#4004);
#3566=AXIS2_PLACEMENT_3D('',#5108,#4006,#4007);
#3567=AXIS2_PLACEMENT_3D('',#5110,#4009,#4010);
#3568=AXIS2_PLACEMENT_3D('',#5112,#4011,#4012);
#3569=AXIS2_PLACEMENT_3D('',#5115,#4014,#4015);
#3570=AXIS2_PLACEMENT_3D('',#5116,#4016,#4017);
#3571=AXIS2_PLACEMENT_3D('',#5121,#4019,#4020);
#3572=AXIS2_PLACEMENT_3D('',#5124,#4022,#4023);
#3573=AXIS2_PLACEMENT_3D('',#5125,#4024,#4025);
#3574=AXIS2_PLACEMENT_3D('',#5127,#4026,#4027);
#3575=AXIS2_PLACEMENT_3D('',#5130,#4029,#4030);
#3576=AXIS2_PLACEMENT_3D('',#5131,#4031,#4032);
#3577=AXIS2_PLACEMENT_3D('',#5136,#4034,#4035);
#3578=AXIS2_PLACEMENT_3D('',#5138,#4036,#4037);
#3579=AXIS2_PLACEMENT_3D('',#5140,#4038,#4039);
#3580=AXIS2_PLACEMENT_3D('',#5144,#4041,#4042);
#3581=AXIS2_PLACEMENT_3D('',#5146,#4043,#4044);
#3582=AXIS2_PLACEMENT_3D('',#5148,#4045,#4046);
#3583=AXIS2_PLACEMENT_3D('',#5149,#4047,#4048);
#3584=AXIS2_PLACEMENT_3D('',#5150,#4049,#4050);
#3585=AXIS2_PLACEMENT_3D('',#5154,#4052,#4053);
#3586=AXIS2_PLACEMENT_3D('',#5156,#4055,#4056);
#3587=AXIS2_PLACEMENT_3D('',#5158,#4057,#4058);
#3588=AXIS2_PLACEMENT_3D('',#5162,#4060,#4061);
#3589=AXIS2_PLACEMENT_3D('',#5164,#4062,#4063);
#3590=AXIS2_PLACEMENT_3D('',#5166,#4064,#4065);
#3591=AXIS2_PLACEMENT_3D('',#5169,#4067,#4068);
#3592=AXIS2_PLACEMENT_3D('',#5170,#4069,#4070);
#3593=AXIS2_PLACEMENT_3D('',#5176,#4074,#4075);
#3594=AXIS2_PLACEMENT_3D('',#5178,#4076,#4077);
#3595=AXIS2_PLACEMENT_3D('',#5180,#4079,#4080);
#3596=AXIS2_PLACEMENT_3D('',#5184,#4083,#4084);
#3597=AXIS2_PLACEMENT_3D('',#5186,#4085,#4086);
#3598=AXIS2_PLACEMENT_3D('',#5188,#4088,#4089);
#3599=AXIS2_PLACEMENT_3D('',#5195,#4094,#4095);
#3600=AXIS2_PLACEMENT_3D('',#5198,#4096,#4097);
#3601=AXIS2_PLACEMENT_3D('',#5201,#4100,#4101);
#3602=AXIS2_PLACEMENT_3D('',#5205,#4104,#4105);
#3603=AXIS2_PLACEMENT_3D('',#5207,#4106,#4107);
#3604=AXIS2_PLACEMENT_3D('',#5209,#4109,#4110);
#3605=AXIS2_PLACEMENT_3D('',#5213,#4113,#4114);
#3606=AXIS2_PLACEMENT_3D('',#5215,#4115,#4116);
#3607=AXIS2_PLACEMENT_3D('',#5217,#4118,#4119);
#3608=AXIS2_PLACEMENT_3D('',#5223,#4123,#4124);
#3609=AXIS2_PLACEMENT_3D('',#5225,#4125,#4126);
#3610=AXIS2_PLACEMENT_3D('',#5227,#4128,#4129);
#3611=AXIS2_PLACEMENT_3D('',#5228,#4130,#4131);
#3612=AXIS2_PLACEMENT_3D('',#5230,#4132,#4133);
#3613=AXIS2_PLACEMENT_3D('',#5231,#4134,#4135);
#3614=AXIS2_PLACEMENT_3D('',#5233,#4136,#4137);
#3615=AXIS2_PLACEMENT_3D('',#5234,#4138,#4139);
#3616=AXIS2_PLACEMENT_3D('',#5235,#4140,#4141);
#3617=AXIS2_PLACEMENT_3D('',#5237,#4142,#4143);
#3618=AXIS2_PLACEMENT_3D('',#5238,#4144,#4145);
#3619=AXIS2_PLACEMENT_3D('',#5240,#4146,#4147);
#3620=AXIS2_PLACEMENT_3D('',#5241,#4148,#4149);
#3621=AXIS2_PLACEMENT_3D('',#5243,#4150,#4151);
#3622=AXIS2_PLACEMENT_3D('',#5244,#4152,#4153);
#3623=AXIS2_PLACEMENT_3D('',#5246,#4155,#4156);
#3624=AXIS2_PLACEMENT_3D('',#5247,#4157,#4158);
#3625=AXIS2_PLACEMENT_3D('',#5249,#4160,#4161);
#3626=AXIS2_PLACEMENT_3D('',#5250,#4162,#4163);
#3627=AXIS2_PLACEMENT_3D('',#5252,#4165,#4166);
#3628=AXIS2_PLACEMENT_3D('',#5253,#4167,#4168);
#3629=AXIS2_PLACEMENT_3D('',#5255,#4170,#4171);
#3630=AXIS2_PLACEMENT_3D('',#5256,#4172,#4173);
#3631=AXIS2_PLACEMENT_3D('',#5260,#4177,#4178);
#3632=AXIS2_PLACEMENT_3D('',#5263,#4181,#4182);
#3633=AXIS2_PLACEMENT_3D('',#5266,#4185,#4186);
#3634=AXIS2_PLACEMENT_3D('',#5267,#4187,#4188);
#3635=AXIS2_PLACEMENT_3D('',#5268,#4189,#4190);
#3636=AXIS2_PLACEMENT_3D('',#5272,#4193,#4194);
#3637=AXIS2_PLACEMENT_3D('',#5276,#4197,#4198);
#3638=AXIS2_PLACEMENT_3D('',#5278,#4199,#4200);
#3639=AXIS2_PLACEMENT_3D('',#5281,#4202,#4203);
#3640=AXIS2_PLACEMENT_3D('',#5283,#4204,#4205);
#3641=AXIS2_PLACEMENT_3D('',#5286,#4207,#4208);
#3642=AXIS2_PLACEMENT_3D('',#5288,#4209,#4210);
#3643=AXIS2_PLACEMENT_3D('',#5291,#4212,#4213);
#3644=AXIS2_PLACEMENT_3D('',#5293,#4214,#4215);
#3645=AXIS2_PLACEMENT_3D('',#5296,#4217,#4218);
#3646=AXIS2_PLACEMENT_3D('',#5297,#4219,#4220);
#3647=AXIS2_PLACEMENT_3D('',#5298,#4221,#4222);
#3648=AXIS2_PLACEMENT_3D('',#5299,#4223,#4224);
#3649=AXIS2_PLACEMENT_3D('',#5302,#4227,#4228);
#3650=AXIS2_PLACEMENT_3D('',#5305,#4231,#4232);
#3651=AXIS2_PLACEMENT_3D('',#5308,#4235,#4236);
#3652=AXIS2_PLACEMENT_3D('',#5311,#4239,#4240);
#3653=AXIS2_PLACEMENT_3D('',#5312,#4241,#4242);
#3654=AXIS2_PLACEMENT_3D('',#5313,#4243,#4244);
#3655=AXIS2_PLACEMENT_3D('',#5314,#4245,#4246);
#3656=AXIS2_PLACEMENT_3D('',#5315,#4247,#4248);
#3657=AXIS2_PLACEMENT_3D('',#5316,#4249,#4250);
#3658=AXIS2_PLACEMENT_3D('',#5317,#4251,#4252);
#3659=AXIS2_PLACEMENT_3D('',#5318,#4253,#4254);
#3660=AXIS2_PLACEMENT_3D('',#5319,#4255,#4256);
#3661=AXIS2_PLACEMENT_3D('',#5320,#4257,#4258);
#3662=AXIS2_PLACEMENT_3D('',#5327,#4261,#4262);
#3663=AXIS2_PLACEMENT_3D('',#5329,#4263,#4264);
#3664=AXIS2_PLACEMENT_3D('',#5331,#4265,#4266);
#3665=AXIS2_PLACEMENT_3D('',#5333,#4267,#4268);
#3666=AXIS2_PLACEMENT_3D('',#5339,#4272,#4273);
#3667=AXIS2_PLACEMENT_3D('',#5352,#4280,#4281);
#3668=AXIS2_PLACEMENT_3D('',#5357,#4283,#4284);
#3669=AXIS2_PLACEMENT_3D('',#5360,#4286,#4287);
#3670=AXIS2_PLACEMENT_3D('',#5361,#4288,#4289);
#3671=AXIS2_PLACEMENT_3D('',#5367,#4293,#4294);
#3672=AXIS2_PLACEMENT_3D('',#5370,#4295,#4296);
#3673=AXIS2_PLACEMENT_3D('',#5382,#4298,#4299);
#3674=AXIS2_PLACEMENT_3D('',#5393,#4300,#4301);
#3675=AXIS2_PLACEMENT_3D('',#5395,#4302,#4303);
#3676=AXIS2_PLACEMENT_3D('',#5397,#4305,#4306);
#3677=AXIS2_PLACEMENT_3D('',#5399,#4307,#4308);
#3678=AXIS2_PLACEMENT_3D('',#5402,#4311,#4312);
#3679=AXIS2_PLACEMENT_3D('',#5404,#4313,#4314);
#3680=AXIS2_PLACEMENT_3D('',#5406,#4315,#4316);
#3681=AXIS2_PLACEMENT_3D('',#5407,#4317,#4318);
#3682=AXIS2_PLACEMENT_3D('',#5408,#4319,#4320);
#3683=AXIS2_PLACEMENT_3D('',#5411,#4323,#4324);
#3684=AXIS2_PLACEMENT_3D('',#5420,#4329,#4330);
#3685=AXIS2_PLACEMENT_3D('',#5426,#4334,#4335);
#3686=AXIS2_PLACEMENT_3D('',#5430,#4337,#4338);
#3687=AXIS2_PLACEMENT_3D('',#5434,#4341,#4342);
#3688=AXIS2_PLACEMENT_3D('',#5435,#4343,#4344);
#3689=AXIS2_PLACEMENT_3D('',#5442,#4348,#4349);
#3690=AXIS2_PLACEMENT_3D('',#5443,#4350,#4351);
#3691=AXIS2_PLACEMENT_3D('',#5446,#4352,#4353);
#3692=AXIS2_PLACEMENT_3D('',#5450,#4355,#4356);
#3693=AXIS2_PLACEMENT_3D('',#5452,#4358,#4359);
#3694=AXIS2_PLACEMENT_3D('',#5454,#4360,#4361);
#3695=AXIS2_PLACEMENT_3D('',#5461,#4366,#4367);
#3696=AXIS2_PLACEMENT_3D('',#5462,#4368,#4369);
#3697=AXIS2_PLACEMENT_3D('',#5466,#4371,#4372);
#3698=AXIS2_PLACEMENT_3D('',#5467,#4373,#4374);
#3699=AXIS2_PLACEMENT_3D('',#5469,#4375,#4376);
#3700=AXIS2_PLACEMENT_3D('',#5476,#4380,#4381);
#3701=AXIS2_PLACEMENT_3D('',#5477,#4382,#4383);
#3702=AXIS2_PLACEMENT_3D('',#5483,#4386,#4387);
#3703=AXIS2_PLACEMENT_3D('',#5499,#4395,#4396);
#3704=AXIS2_PLACEMENT_3D('',#5507,#4400,#4401);
#3705=AXIS2_PLACEMENT_3D('',#5517,#4407,#4408);
#3706=AXIS2_PLACEMENT_3D('',#5518,#4409,#4410);
#3707=AXIS2_PLACEMENT_3D('',#5521,#4413,#4414);
#3708=AXIS2_PLACEMENT_3D('',#5522,#4415,#4416);
#3709=AXIS2_PLACEMENT_3D('',#5523,#4417,#4418);
#3710=AXIS2_PLACEMENT_3D('',#5524,#4419,#4420);
#3711=AXIS2_PLACEMENT_3D('',#5528,#4423,#4424);
#3712=AXIS2_PLACEMENT_3D('',#5533,#4428,#4429);
#3713=AXIS2_PLACEMENT_3D('',#5539,#4433,#4434);
#3714=AXIS2_PLACEMENT_3D('',#5542,#4436,#4437);
#3715=AXIS2_PLACEMENT_3D('',#5544,#4439,#4440);
#3716=AXIS2_PLACEMENT_3D('',#5546,#4442,#4443);
#3717=AXIS2_PLACEMENT_3D('',#5547,#4444,#4445);
#3718=AXIS2_PLACEMENT_3D('',#5551,#4449,#4450);
#3719=AXIS2_PLACEMENT_3D('',#5557,#4454,#4455);
#3720=AXIS2_PLACEMENT_3D('',#5558,#4456,#4457);
#3721=AXIS2_PLACEMENT_3D('',#5559,#4458,#4459);
#3722=AXIS2_PLACEMENT_3D('',#5560,#4460,#4461);
#3723=AXIS2_PLACEMENT_3D('',#5565,#4464,#4465);
#3724=AXIS2_PLACEMENT_3D('',#5566,#4466,#4467);
#3725=AXIS2_PLACEMENT_3D('',#5572,#4471,#4472);
#3726=AXIS2_PLACEMENT_3D('',#5583,#4478,#4479);
#3727=AXIS2_PLACEMENT_3D('',#5588,#4483,#4484);
#3728=AXIS2_PLACEMENT_3D('',#5601,#4486,#4487);
#3729=AXIS2_PLACEMENT_3D('',#5606,#4490,#4491);
#3730=AXIS2_PLACEMENT_3D('',#5607,#4492,#4493);
#3731=AXIS2_PLACEMENT_3D('',#5609,#4494,#4495);
#3732=AXIS2_PLACEMENT_3D('',#5611,#4496,#4497);
#3733=AXIS2_PLACEMENT_3D('',#5615,#4500,#4501);
#3734=AXIS2_PLACEMENT_3D('',#5623,#4506,#4507);
#3735=AXIS2_PLACEMENT_3D('',#5626,#4508,#4509);
#3736=AXIS2_PLACEMENT_3D('',#5629,#4512,#4513);
#3737=AXIS2_PLACEMENT_3D('',#5641,#4515,#4516);
#3738=AXIS2_PLACEMENT_3D('',#5642,#4517,#4518);
#3739=AXIS2_PLACEMENT_3D('',#5652,#4524,#4525);
#3740=AXIS2_PLACEMENT_3D('',#5658,#4529,#4530);
#3741=AXIS2_PLACEMENT_3D('',#5662,#4533,#4534);
#3742=AXIS2_PLACEMENT_3D('',#5666,#4537,#4538);
#3743=AXIS2_PLACEMENT_3D('',#5667,#4539,#4540);
#3744=AXIS2_PLACEMENT_3D('',#5669,#4542,#4543);
#3745=AXIS2_PLACEMENT_3D('',#5671,#4545,#4546);
#3746=AXIS2_PLACEMENT_3D('',#5675,#4549,#4550);
#3747=AXIS2_PLACEMENT_3D('',#5676,#4551,#4552);
#3748=AXIS2_PLACEMENT_3D('',#5678,#4553,#4554);
#3749=AXIS2_PLACEMENT_3D('',#5680,#4555,#4556);
#3750=AXIS2_PLACEMENT_3D('',#5681,#4557,#4558);
#3751=AXIS2_PLACEMENT_3D('',#5682,#4559,#4560);
#3752=AXIS2_PLACEMENT_3D('',#5683,#4561,#4562);
#3753=AXIS2_PLACEMENT_3D('',#5684,#4563,#4564);
#3754=AXIS2_PLACEMENT_3D('',#5686,#4565,#4566);
#3755=AXIS2_PLACEMENT_3D('',#5688,#4567,#4568);
#3756=AXIS2_PLACEMENT_3D('',#5689,#4569,#4570);
#3757=AXIS2_PLACEMENT_3D('',#5691,#4572,#4573);
#3758=AXIS2_PLACEMENT_3D('',#5692,#4574,#4575);
#3759=AXIS2_PLACEMENT_3D('',#5695,#4578,#4579);
#3760=AXIS2_PLACEMENT_3D('',#5696,#4580,#4581);
#3761=AXIS2_PLACEMENT_3D('',#5697,#4582,#4583);
#3762=AXIS2_PLACEMENT_3D('',#5698,#4584,#4585);
#3763=AXIS2_PLACEMENT_3D('',#5699,#4586,#4587);
#3764=AXIS2_PLACEMENT_3D('',#5700,#4588,#4589);
#3765=AXIS2_PLACEMENT_3D('',#5701,#4590,#4591);
#3766=AXIS2_PLACEMENT_3D('',#5702,#4592,#4593);
#3767=AXIS2_PLACEMENT_3D('',#5703,#4594,#4595);
#3768=AXIS2_PLACEMENT_3D('',#5704,#4596,#4597);
#3769=AXIS2_PLACEMENT_3D('',#5705,#4598,#4599);
#3770=AXIS2_PLACEMENT_3D('',#5706,#4600,#4601);
#3771=AXIS2_PLACEMENT_3D('',#5707,#4602,#4603);
#3772=AXIS2_PLACEMENT_3D('',#5716,#4608,#4609);
#3773=AXIS2_PLACEMENT_3D('',#5721,#4611,#4612);
#3774=AXIS2_PLACEMENT_3D('',#5725,#4614,#4615);
#3775=AXIS2_PLACEMENT_3D('',#5727,#4616,#4617);
#3776=AXIS2_PLACEMENT_3D('',#5729,#4618,#4619);
#3777=AXIS2_PLACEMENT_3D('',#5731,#4620,#4621);
#3778=AXIS2_PLACEMENT_3D('',#5733,#4622,#4623);
#3779=AXIS2_PLACEMENT_3D('',#5737,#4625,#4626);
#3780=AXIS2_PLACEMENT_3D('',#5739,#4627,#4628);
#3781=AXIS2_PLACEMENT_3D('',#5741,#4629,#4630);
#3782=AXIS2_PLACEMENT_3D('',#5742,#4631,#4632);
#3783=AXIS2_PLACEMENT_3D('',#5744,#4633,#4634);
#3784=AXIS2_PLACEMENT_3D('',#5748,#4637,#4638);
#3785=AXIS2_PLACEMENT_3D('',#5750,#4639,#4640);
#3786=AXIS2_PLACEMENT_3D('',#5752,#4642,#4643);
#3787=AXIS2_PLACEMENT_3D('',#5757,#4645,#4646);
#3788=AXIS2_PLACEMENT_3D('',#5759,#4647,#4648);
#3789=AXIS2_PLACEMENT_3D('',#5761,#4649,#4650);
#3790=AXIS2_PLACEMENT_3D('',#5763,#4651,#4652);
#3791=AXIS2_PLACEMENT_3D('',#5767,#4654,#4655);
#3792=AXIS2_PLACEMENT_3D('',#5770,#4657,#4658);
#3793=AXIS2_PLACEMENT_3D('',#5772,#4659,#4660);
#3794=AXIS2_PLACEMENT_3D('',#5774,#4661,#4662);
#3795=AXIS2_PLACEMENT_3D('',#5776,#4663,#4664);
#3796=AXIS2_PLACEMENT_3D('',#5780,#4666,#4667);
#3797=AXIS2_PLACEMENT_3D('',#5782,#4668,#4669);
#3798=AXIS2_PLACEMENT_3D('',#5784,#4670,#4671);
#3799=AXIS2_PLACEMENT_3D('',#5786,#4672,#4673);
#3800=AXIS2_PLACEMENT_3D('',#5788,#4674,#4675);
#3801=AXIS2_PLACEMENT_3D('',#5792,#4677,#4678);
#3802=AXIS2_PLACEMENT_3D('',#5796,#4680,#4681);
#3803=AXIS2_PLACEMENT_3D('',#5800,#4683,#4684);
#3804=AXIS2_PLACEMENT_3D('',#5802,#4685,#4686);
#3805=AXIS2_PLACEMENT_3D('',#5804,#4687,#4688);
#3806=AXIS2_PLACEMENT_3D('',#5806,#4689,#4690);
#3807=AXIS2_PLACEMENT_3D('',#5807,#4691,#4692);
#3808=AXIS2_PLACEMENT_3D('',#5808,#4693,#4694);
#3809=AXIS2_PLACEMENT_3D('',#5810,#4696,#4697);
#3810=AXIS2_PLACEMENT_3D('',#5816,#4701,#4702);
#3811=AXIS2_PLACEMENT_3D('',#5819,#4705,#4706);
#3812=AXIS2_PLACEMENT_3D('',#5821,#4708,#4709);
#3813=AXIS2_PLACEMENT_3D('',#5835,#4717,#4718);
#3814=AXIS2_PLACEMENT_3D('',#5842,#4723,#4724);
#3815=AXIS2_PLACEMENT_3D('',#5848,#4728,#4729);
#3816=AXIS2_PLACEMENT_3D('',#5866,#4739,#4740);
#3817=AXIS2_PLACEMENT_3D('',#5870,#4742,#4743);
#3818=AXIS2_PLACEMENT_3D('',#5872,#4745,#4746);
#3819=AXIS2_PLACEMENT_3D('',#5874,#4748,#4749);
#3820=AXIS2_PLACEMENT_3D('',#5875,#4750,#4751);
#3821=AXIS2_PLACEMENT_3D('',#5877,#4753,#4754);
#3822=AXIS2_PLACEMENT_3D('',#5879,#4756,#4757);
#3823=AXIS2_PLACEMENT_3D('',#5887,#4763,#4764);
#3824=AXIS2_PLACEMENT_3D('',#5888,#4765,#4766);
#3825=AXIS2_PLACEMENT_3D('',#5890,#4767,#4768);
#3826=AXIS2_PLACEMENT_3D('',#5892,#4769,#4770);
#3827=AXIS2_PLACEMENT_3D('',#5896,#4772,#4773);
#3828=AXIS2_PLACEMENT_3D('',#5898,#4774,#4775);
#3829=AXIS2_PLACEMENT_3D('',#5900,#4776,#4777);
#3830=AXIS2_PLACEMENT_3D('',#5902,#4778,#4779);
#3831=AXIS2_PLACEMENT_3D('',#5903,#4780,#4781);
#3832=AXIS2_PLACEMENT_3D('',#5904,#4782,#4783);
#3833=AXIS2_PLACEMENT_3D('',#5906,#4785,#4786);
#3834=AXIS2_PLACEMENT_3D('',#5907,#4787,#4788);
#3835=AXIS2_PLACEMENT_3D('',#5908,#4789,#4790);
#3836=AXIS2_PLACEMENT_3D('',#5909,#4791,#4792);
#3837=AXIS2_PLACEMENT_3D('',#5911,#4793,#4794);
#3838=AXIS2_PLACEMENT_3D('',#5913,#4795,#4796);
#3839=AXIS2_PLACEMENT_3D('',#5915,#4797,#4798);
#3840=AXIS2_PLACEMENT_3D('',#5917,#4799,#4800);
#3841=AXIS2_PLACEMENT_3D('',#5921,#4802,#4803);
#3842=AXIS2_PLACEMENT_3D('',#5923,#4804,#4805);
#3843=AXIS2_PLACEMENT_3D('',#5925,#4806,#4807);
#3844=AXIS2_PLACEMENT_3D('',#5927,#4808,#4809);
#3845=AXIS2_PLACEMENT_3D('',#5928,#4810,#4811);
#3846=AXIS2_PLACEMENT_3D('',#5929,#4812,#4813);
#3847=AXIS2_PLACEMENT_3D('',#5931,#4814,#4815);
#3848=AXIS2_PLACEMENT_3D('',#5933,#4817,#4818);
#3849=AXIS2_PLACEMENT_3D('',#5935,#4819,#4820);
#3850=AXIS2_PLACEMENT_3D('',#5937,#4821,#4822);
#3851=AXIS2_PLACEMENT_3D('',#5939,#4823,#4824);
#3852=AXIS2_PLACEMENT_3D('',#5941,#4825,#4826);
#3853=AXIS2_PLACEMENT_3D('',#5945,#4828,#4829);
#3854=AXIS2_PLACEMENT_3D('',#5947,#4830,#4831);
#3855=AXIS2_PLACEMENT_3D('',#5949,#4832,#4833);
#3856=AXIS2_PLACEMENT_3D('',#5950,#4834,#4835);
#3857=AXIS2_PLACEMENT_3D('',#5951,#4836,#4837);
#3858=AXIS2_PLACEMENT_3D('',#5952,#4838,#4839);
#3859=AXIS2_PLACEMENT_3D('',#5953,#4840,#4841);
#3860=AXIS2_PLACEMENT_3D('',#5959,#4845,#4846);
#3861=AXIS2_PLACEMENT_3D('',#5961,#4848,#4849);
#3862=AXIS2_PLACEMENT_3D('',#5963,#4851,#4852);
#3863=AXIS2_PLACEMENT_3D('',#5965,#4854,#4855);
#3864=AXIS2_PLACEMENT_3D('',#5967,#4857,#4858);
#3865=AXIS2_PLACEMENT_3D('',#5969,#4859,#4860);
#3866=AXIS2_PLACEMENT_3D('',#5972,#4862,#4863);
#3867=AXIS2_PLACEMENT_3D('',#5973,#4864,#4865);
#3868=AXIS2_PLACEMENT_3D('',#5975,#4867,#4868);
#3869=AXIS2_PLACEMENT_3D('',#5977,#4870,#4871);
#3870=AXIS2_PLACEMENT_3D('',#5979,#4873,#4874);
#3871=AXIS2_PLACEMENT_3D('',#5986,#4878,#4879);
#3872=AXIS2_PLACEMENT_3D('',#5987,#4880,#4881);
#3873=AXIS2_PLACEMENT_3D('',#5989,#4882,#4883);
#3874=AXIS2_PLACEMENT_3D('',#5991,#4885,#4886);
#3875=AXIS2_PLACEMENT_3D('',#5993,#4888,#4889);
#3876=AXIS2_PLACEMENT_3D('',#5995,#4891,#4892);
#3877=AXIS2_PLACEMENT_3D('',#5997,#4894,#4895);
#3878=AXIS2_PLACEMENT_3D('',#5999,#4897,#4898);
#3879=AXIS2_PLACEMENT_3D('',#6001,#4900,#4901);
#3880=AXIS2_PLACEMENT_3D('',#6003,#4903,#4904);
#3881=AXIS2_PLACEMENT_3D('',#6005,#4905,#4906);
#3882=AXIS2_PLACEMENT_3D('',#6007,#4908,#4909);
#3883=AXIS2_PLACEMENT_3D('',#6010,#4911,#4912);
#3884=AXIS2_PLACEMENT_3D('',#6011,#4913,#4914);
#3885=AXIS2_PLACEMENT_3D('',#6013,#4916,#4917);
#3886=AXIS2_PLACEMENT_3D('',#6015,#4919,#4920);
#3887=AXIS2_PLACEMENT_3D('',#6017,#4922,#4923);
#3888=AXIS2_PLACEMENT_3D('',#6018,#4924,#4925);
#3889=AXIS2_PLACEMENT_3D('',#6020,#4927,#4928);
#3890=AXIS2_PLACEMENT_3D('',#6022,#4930,#4931);
#3891=AXIS2_PLACEMENT_3D('',#6024,#4933,#4934);
#3892=AXIS2_PLACEMENT_3D('',#6025,#4935,#4936);
#3893=AXIS2_PLACEMENT_3D('',#6026,#4937,#4938);
#3894=AXIS2_PLACEMENT_3D('',#6028,#4940,#4941);
#3895=AXIS2_PLACEMENT_3D('',#6029,#4942,#4943);
#3896=AXIS2_PLACEMENT_3D('',#6030,#4944,#4945);
#3897=AXIS2_PLACEMENT_3D('',#6039,#4950,#4951);
#3898=AXIS2_PLACEMENT_3D('',#6045,#4955,#4956);
#3899=AXIS2_PLACEMENT_3D('',#6049,#4959,#4960);
#3900=AXIS2_PLACEMENT_3D('',#6053,#4963,#4964);
#3901=AXIS2_PLACEMENT_3D('',#6055,#4966,#4967);
#3902=AXIS2_PLACEMENT_3D('',#6056,#4968,#4969);
#3903=AXIS2_PLACEMENT_3D('',#6057,#4970,#4971);
#3904=AXIS2_PLACEMENT_3D('',#6058,#4972,#4973);
#3905=AXIS2_PLACEMENT_3D('',#6059,#4974,#4975);
#3906=AXIS2_PLACEMENT_3D('',#6060,#4976,#4977);
#3907=AXIS2_PLACEMENT_3D('',#6061,#4978,#4979);
#3908=AXIS2_PLACEMENT_3D('',#6062,#4980,#4981);
#3909=AXIS2_PLACEMENT_3D('',#6063,#4982,#4983);
#3910=AXIS2_PLACEMENT_3D('',#6064,#4984,#4985);
#3911=AXIS2_PLACEMENT_3D('',#6065,#4986,#4987);
#3912=AXIS2_PLACEMENT_3D('',#6066,#4988,#4989);
#3913=AXIS2_PLACEMENT_3D('',#6067,#4990,#4991);
#3914=AXIS2_PLACEMENT_3D('',#6068,#4992,#4993);
#3915=AXIS2_PLACEMENT_3D('',#6069,#4994,#4995);
#3916=AXIS2_PLACEMENT_3D('',#6070,#4996,#4997);
#3917=AXIS2_PLACEMENT_3D('',#6071,#4998,#4999);
#3918=AXIS2_PLACEMENT_3D('',#6072,#5000,#5001);
#3919=DIRECTION('axis',(0.,0.,1.));
#3920=DIRECTION('refdir',(1.,0.,0.));
#3921=DIRECTION('axis',(0.,0.,1.));
#3922=DIRECTION('refdir',(1.,0.,0.));
#3923=DIRECTION('center_axis',(0.,0.,1.));
#3924=DIRECTION('ref_axis',(0.707106781186547,-0.707106781186548,0.));
#3925=DIRECTION('',(0.999153576372412,-0.0411355177701505,0.));
#3926=DIRECTION('center_axis',(0.,0.,1.));
#3927=DIRECTION('ref_axis',(1.,0.,0.));
#3928=DIRECTION('',(-0.844724620535509,0.535201191572983,5.61585152353169E-17));
#3929=DIRECTION('center_axis',(0.,0.,1.));
#3930=DIRECTION('ref_axis',(1.,0.,0.));
#3931=DIRECTION('',(0.20449605184179,0.978867388761685,7.52558652666829E-17));
#3932=DIRECTION('center_axis',(0.,0.,1.));
#3933=DIRECTION('ref_axis',(1.,0.,0.));
#3934=DIRECTION('center_axis',(0.,0.,1.));
#3935=DIRECTION('ref_axis',(0.707106781186547,-0.707106781186548,0.));
#3936=DIRECTION('center_axis',(0.,0.,1.));
#3937=DIRECTION('ref_axis',(1.,0.,0.));
#3938=DIRECTION('',(4.44089209850063E-16,-1.,0.));
#3939=DIRECTION('center_axis',(0.,0.,1.));
#3940=DIRECTION('ref_axis',(1.,0.,0.));
#3941=DIRECTION('',(9.43689570931383E-16,1.,0.));
#3942=DIRECTION('center_axis',(0.,0.,1.));
#3943=DIRECTION('ref_axis',(1.,0.,0.));
#3944=DIRECTION('center_axis',(0.,0.,1.));
#3945=DIRECTION('ref_axis',(0.707106781186547,-0.707106781186548,0.));
#3946=DIRECTION('center_axis',(0.,0.,1.));
#3947=DIRECTION('ref_axis',(1.,0.,0.));
#3948=DIRECTION('',(0.20449605184179,-0.978867388761685,1.14015804414893E-18));
#3949=DIRECTION('center_axis',(0.,0.,1.));
#3950=DIRECTION('ref_axis',(1.,0.,0.));
#3951=DIRECTION('',(0.844724620535509,0.535201191572983,8.02857832788567E-18));
#3952=DIRECTION('center_axis',(0.,0.,1.));
#3953=DIRECTION('ref_axis',(1.,0.,0.));
#3954=DIRECTION('',(0.999153576372412,0.0411355177701507,0.));
#3955=DIRECTION('center_axis',(0.978867388761686,0.204496051841788,-3.10484998647148E-17));
#3956=DIRECTION('ref_axis',(-0.204496051841788,0.978867388761686,-1.14015804414901E-18));
#3957=DIRECTION('',(-0.204496051841788,0.978867388761686,-1.140158044149E-18));
#3958=DIRECTION('',(2.95459300358052E-17,1.04009464382043E-17,1.));
#3959=DIRECTION('',(-0.204496051841791,0.978867388761685,-1.14015804414891E-18));
#3960=DIRECTION('',(-3.03923639875409E-17,-6.34929563794444E-18,-1.));
#3961=DIRECTION('',(-0.204496051841788,0.978867388761686,-1.14015804414901E-18));
#3962=DIRECTION('',(0.,0.,1.));
#3963=DIRECTION('center_axis',(-0.978867388761686,-0.204496051841788,3.10484998647148E-17));
#3964=DIRECTION('ref_axis',(0.204496051841788,-0.978867388761686,1.140158044149E-18));
#3965=DIRECTION('',(0.204496051841788,-0.978867388761686,1.140158044149E-18));
#3966=DIRECTION('',(-2.80858003998551E-17,-1.73901927885533E-17,-1.));
#3967=DIRECTION('',(-3.03923639875409E-17,-6.34929563794445E-18,-1.));
#3968=DIRECTION('center_axis',(0.0411355177701505,0.999153576372412,0.));
#3969=DIRECTION('ref_axis',(-0.999153576372412,0.0411355177701505,0.));
#3970=DIRECTION('',(0.999153576372412,-0.0411355177701505,0.));
#3971=DIRECTION('',(6.82681344736628E-19,-2.81062403736987E-20,-1.));
#3972=DIRECTION('',(0.,0.,-1.));
#3973=DIRECTION('center_axis',(-0.0411355177701508,-0.999153576372412,0.));
#3974=DIRECTION('ref_axis',(0.999153576372412,-0.0411355177701508,0.));
#3975=DIRECTION('',(-0.999153576372412,0.0411355177701508,0.));
#3976=DIRECTION('',(0.,0.,1.));
#3977=DIRECTION('',(-0.999153576372412,0.0411355177701508,0.));
#3978=DIRECTION('',(0.,0.,-1.));
#3979=DIRECTION('center_axis',(0.,0.,1.));
#3980=DIRECTION('ref_axis',(0.707106781186547,-0.707106781186548,0.));
#3981=DIRECTION('center_axis',(0.,0.,1.));
#3982=DIRECTION('ref_axis',(1.,0.,0.));
#3983=DIRECTION('',(-0.813531759663069,0.581520486328307,6.32774678961775E-18));
#3984=DIRECTION('center_axis',(0.,0.,1.));
#3985=DIRECTION('ref_axis',(1.,0.,0.));
#3986=DIRECTION('',(-0.20449605184179,-0.978867388761685,-1.14015804414895E-18));
#3987=DIRECTION('center_axis',(0.,0.,1.));
#3988=DIRECTION('ref_axis',(1.,0.,0.));
#3989=DIRECTION('center_axis',(0.,0.,1.));
#3990=DIRECTION('ref_axis',(0.707106781186547,-0.707106781186548,0.));
#3991=DIRECTION('center_axis',(0.,0.,1.));
#3992=DIRECTION('ref_axis',(1.,0.,0.));
#3993=DIRECTION('',(-1.83186799063151E-15,1.,0.));
#3994=DIRECTION('center_axis',(0.,0.,1.));
#3995=DIRECTION('ref_axis',(1.,0.,0.));
#3996=DIRECTION('',(4.44089209850063E-16,-1.,0.));
#3997=DIRECTION('center_axis',(0.,0.,1.));
#3998=DIRECTION('ref_axis',(1.,0.,0.));
#3999=DIRECTION('center_axis',(0.,0.,1.));
#4000=DIRECTION('ref_axis',(0.707106781186547,-0.707106781186548,0.));
#4001=DIRECTION('center_axis',(0.,0.,1.));
#4002=DIRECTION('ref_axis',(1.,0.,0.));
#4003=DIRECTION('center_axis',(0.,0.,1.));
#4004=DIRECTION('ref_axis',(1.,0.,0.));
#4005=DIRECTION('',(-0.813531759663069,-0.581520486328307,-6.32774678961773E-18));
#4006=DIRECTION('center_axis',(0.,0.,1.));
#4007=DIRECTION('ref_axis',(1.,0.,0.));
#4008=DIRECTION('',(-0.999153576372412,-0.0411355177701504,0.));
#4009=DIRECTION('center_axis',(0.,0.,1.));
#4010=DIRECTION('ref_axis',(0.707106781186547,-0.707106781186548,0.));
#4011=DIRECTION('center_axis',(0.,0.,1.));
#4012=DIRECTION('ref_axis',(0.707106781186547,-0.707106781186548,0.));
#4013=DIRECTION('',(0.,0.,1.));
#4014=DIRECTION('center_axis',(0.,0.,1.));
#4015=DIRECTION('ref_axis',(-2.77241661682334E-15,-1.,0.));
#4016=DIRECTION('center_axis',(0.,0.,1.));
#4017=DIRECTION('ref_axis',(-0.999992748011393,-0.00380840184612884,0.));
#4018=DIRECTION('',(0.,0.,1.));
#4019=DIRECTION('center_axis',(0.,0.,1.));
#4020=DIRECTION('ref_axis',(-2.77241661682334E-15,-1.,0.));
#4021=DIRECTION('',(0.,0.,1.));
#4022=DIRECTION('center_axis',(0.,0.,1.));
#4023=DIRECTION('ref_axis',(0.707106781186547,-0.707106781186548,0.));
#4024=DIRECTION('center_axis',(0.,0.,1.));
#4025=DIRECTION('ref_axis',(0.707106781186547,-0.707106781186548,0.));
#4026=DIRECTION('center_axis',(0.,0.,1.));
#4027=DIRECTION('ref_axis',(-2.77241661682334E-15,-1.,0.));
#4028=DIRECTION('',(0.,0.,1.));
#4029=DIRECTION('center_axis',(0.,0.,1.));
#4030=DIRECTION('ref_axis',(0.707106781186547,-0.707106781186548,0.));
#4031=DIRECTION('center_axis',(0.,0.,1.));
#4032=DIRECTION('ref_axis',(0.707106781186547,-0.707106781186548,0.));
#4033=DIRECTION('',(0.5,0.866025403784438,0.));
#4034=DIRECTION('center_axis',(0.,0.,1.));
#4035=DIRECTION('ref_axis',(1.,0.,0.));
#4036=DIRECTION('center_axis',(0.,0.,1.));
#4037=DIRECTION('ref_axis',(0.707106781186547,-0.707106781186548,0.));
#4038=DIRECTION('center_axis',(0.,0.,1.));
#4039=DIRECTION('ref_axis',(1.,0.,0.));
#4040=DIRECTION('',(0.5,-0.866025403784438,0.));
#4041=DIRECTION('center_axis',(0.,0.,1.));
#4042=DIRECTION('ref_axis',(1.,0.,0.));
#4043=DIRECTION('center_axis',(0.,0.,1.));
#4044=DIRECTION('ref_axis',(0.707106781186547,-0.707106781186548,0.));
#4045=DIRECTION('center_axis',(0.,0.,1.));
#4046=DIRECTION('ref_axis',(0.707106781186547,-0.707106781186548,0.));
#4047=DIRECTION('center_axis',(0.,0.,1.));
#4048=DIRECTION('ref_axis',(1.,0.,0.));
#4049=DIRECTION('center_axis',(0.,0.,1.));
#4050=DIRECTION('ref_axis',(2.62774680384652E-16,1.,0.));
#4051=DIRECTION('',(0.,0.,1.));
#4052=DIRECTION('center_axis',(0.,0.,1.));
#4053=DIRECTION('ref_axis',(0.707106781186547,-0.707106781186548,0.));
#4054=DIRECTION('',(0.,0.,1.));
#4055=DIRECTION('center_axis',(0.,0.,1.));
#4056=DIRECTION('ref_axis',(0.707106781186547,-0.707106781186548,0.));
#4057=DIRECTION('center_axis',(0.,0.,1.));
#4058=DIRECTION('ref_axis',(1.,0.,0.));
#4059=DIRECTION('',(0.5,0.866025403784438,0.));
#4060=DIRECTION('center_axis',(0.,0.,1.));
#4061=DIRECTION('ref_axis',(1.,0.,0.));
#4062=DIRECTION('center_axis',(0.,0.,1.));
#4063=DIRECTION('ref_axis',(1.,0.,0.));
#4064=DIRECTION('center_axis',(0.,0.,1.));
#4065=DIRECTION('ref_axis',(1.,0.,0.));
#4066=DIRECTION('',(0.5,-0.866025403784438,0.));
#4067=DIRECTION('center_axis',(0.,0.,1.));
#4068=DIRECTION('ref_axis',(1.,0.,0.));
#4069=DIRECTION('center_axis',(-1.,-1.11022302462516E-15,0.));
#4070=DIRECTION('ref_axis',(1.11022302462516E-15,-1.,0.));
#4071=DIRECTION('',(1.11022302462516E-15,-1.,0.));
#4072=DIRECTION('',(0.,0.,1.));
#4073=DIRECTION('',(0.,0.,-1.));
#4074=DIRECTION('center_axis',(0.,0.,-1.));
#4075=DIRECTION('ref_axis',(-0.707106781186547,0.707106781186548,0.));
#4076=DIRECTION('center_axis',(0.,0.,1.));
#4077=DIRECTION('ref_axis',(1.,0.,0.));
#4078=DIRECTION('',(0.,0.,-1.));
#4079=DIRECTION('center_axis',(1.,-2.38697950294409E-15,0.));
#4080=DIRECTION('ref_axis',(2.38697950294409E-15,1.,0.));
#4081=DIRECTION('',(2.38697950294409E-15,1.,0.));
#4082=DIRECTION('',(0.,0.,-1.));
#4083=DIRECTION('center_axis',(0.,0.,1.));
#4084=DIRECTION('ref_axis',(1.,0.,0.));
#4085=DIRECTION('center_axis',(0.,0.,1.));
#4086=DIRECTION('ref_axis',(1.,0.,0.));
#4087=DIRECTION('',(0.,0.,1.));
#4088=DIRECTION('center_axis',(-0.978867388761686,0.204496051841788,3.10484998647148E-17));
#4089=DIRECTION('ref_axis',(-0.204496051841788,-0.978867388761686,-1.14015804414902E-18));
#4090=DIRECTION('',(2.95459300358052E-17,-1.04009464382044E-17,1.));
#4091=DIRECTION('',(0.204496051841788,0.978867388761686,1.14015804414902E-18));
#4092=DIRECTION('',(-0.204496051841788,-0.978867388761686,-1.14015804414902E-18));
#4093=DIRECTION('',(-3.03923639875409E-17,6.34929563794445E-18,-1.));
#4094=DIRECTION('center_axis',(0.,0.,1.));
#4095=DIRECTION('ref_axis',(1.,0.,0.));
#4096=DIRECTION('center_axis',(0.,0.,1.));
#4097=DIRECTION('ref_axis',(1.,0.,0.));
#4098=DIRECTION('',(0.,0.,1.));
#4099=DIRECTION('',(0.,0.,1.));
#4100=DIRECTION('center_axis',(1.,1.83186799063151E-15,0.));
#4101=DIRECTION('ref_axis',(-1.83186799063151E-15,1.,0.));
#4102=DIRECTION('',(-1.83186799063151E-15,1.,0.));
#4103=DIRECTION('',(0.,0.,1.));
#4104=DIRECTION('center_axis',(0.,0.,-1.));
#4105=DIRECTION('ref_axis',(-8.12107582827661E-15,-1.,0.));
#4106=DIRECTION('center_axis',(0.,0.,1.));
#4107=DIRECTION('ref_axis',(1.,0.,0.));
#4108=DIRECTION('',(0.,0.,-1.));
#4109=DIRECTION('center_axis',(-1.,1.72084568816899E-15,0.));
#4110=DIRECTION('ref_axis',(-1.72084568816899E-15,-1.,0.));
#4111=DIRECTION('',(-1.72084568816899E-15,-1.,0.));
#4112=DIRECTION('',(0.,0.,-1.));
#4113=DIRECTION('center_axis',(0.,0.,1.));
#4114=DIRECTION('ref_axis',(1.,0.,0.));
#4115=DIRECTION('center_axis',(0.,0.,1.));
#4116=DIRECTION('ref_axis',(1.,0.,0.));
#4117=DIRECTION('',(0.,0.,1.));
#4118=DIRECTION('center_axis',(0.978867388761686,-0.204496051841788,-3.10484998647149E-17));
#4119=DIRECTION('ref_axis',(0.204496051841788,0.978867388761686,7.52558652666831E-17));
#4120=DIRECTION('',(-2.79365737272524E-17,1.81045005809469E-17,-1.));
#4121=DIRECTION('',(0.204496051841788,0.978867388761685,7.52558652666831E-17));
#4122=DIRECTION('',(-3.0392363987541E-17,6.34929563794446E-18,-1.));
#4123=DIRECTION('center_axis',(0.,0.,1.));
#4124=DIRECTION('ref_axis',(1.,0.,0.));
#4125=DIRECTION('center_axis',(0.,0.,1.));
#4126=DIRECTION('ref_axis',(1.,0.,0.));
#4127=DIRECTION('',(0.,0.,1.));
#4128=DIRECTION('center_axis',(0.,0.,1.));
#4129=DIRECTION('ref_axis',(0.707106781186547,-0.707106781186548,0.));
#4130=DIRECTION('center_axis',(0.,0.,1.));
#4131=DIRECTION('ref_axis',(1.,0.,0.));
#4132=DIRECTION('center_axis',(0.,0.,1.));
#4133=DIRECTION('ref_axis',(1.,0.,0.));
#4134=DIRECTION('center_axis',(0.,0.,1.));
#4135=DIRECTION('ref_axis',(0.707106781186547,-0.707106781186548,0.));
#4136=DIRECTION('center_axis',(0.,0.,1.));
#4137=DIRECTION('ref_axis',(0.707106781186547,-0.707106781186548,0.));
#4138=DIRECTION('center_axis',(0.,0.,1.));
#4139=DIRECTION('ref_axis',(1.,0.,0.));
#4140=DIRECTION('center_axis',(0.,0.,1.));
#4141=DIRECTION('ref_axis',(1.,0.,0.));
#4142=DIRECTION('center_axis',(0.,0.,1.));
#4143=DIRECTION('ref_axis',(1.,0.,0.));
#4144=DIRECTION('center_axis',(0.,0.,1.));
#4145=DIRECTION('ref_axis',(0.707106781186547,-0.707106781186548,0.));
#4146=DIRECTION('center_axis',(0.,0.,1.));
#4147=DIRECTION('ref_axis',(0.707106781186547,-0.707106781186548,0.));
#4148=DIRECTION('center_axis',(0.,0.,1.));
#4149=DIRECTION('ref_axis',(1.,0.,0.));
#4150=DIRECTION('center_axis',(0.,0.,1.));
#4151=DIRECTION('ref_axis',(0.707106781186547,-0.707106781186548,0.));
#4152=DIRECTION('center_axis',(0.,0.,1.));
#4153=DIRECTION('ref_axis',(0.707106781186547,-0.707106781186548,0.));
#4154=DIRECTION('',(0.,0.,1.));
#4155=DIRECTION('center_axis',(0.,0.,1.));
#4156=DIRECTION('ref_axis',(1.,0.,0.));
#4157=DIRECTION('center_axis',(0.,0.,1.));
#4158=DIRECTION('ref_axis',(1.,0.,0.));
#4159=DIRECTION('',(0.,0.,1.));
#4160=DIRECTION('center_axis',(0.,0.,1.));
#4161=DIRECTION('ref_axis',(0.707106781186547,-0.707106781186548,0.));
#4162=DIRECTION('center_axis',(0.,0.,1.));
#4163=DIRECTION('ref_axis',(0.707106781186547,-0.707106781186548,0.));
#4164=DIRECTION('',(0.,0.,1.));
#4165=DIRECTION('center_axis',(0.,0.,1.));
#4166=DIRECTION('ref_axis',(1.,0.,0.));
#4167=DIRECTION('center_axis',(0.,0.,1.));
#4168=DIRECTION('ref_axis',(1.,0.,0.));
#4169=DIRECTION('',(0.,0.,1.));
#4170=DIRECTION('center_axis',(0.,0.,1.));
#4171=DIRECTION('ref_axis',(-0.775876317222556,0.63088504529206,0.));
#4172=DIRECTION('center_axis',(0.,0.,1.));
#4173=DIRECTION('ref_axis',(0.707106781186547,-0.707106781186548,0.));
#4174=DIRECTION('',(0.,0.,-1.));
#4175=DIRECTION('',(0.,0.,1.));
#4176=DIRECTION('',(0.,0.,1.));
#4177=DIRECTION('center_axis',(-0.866025403784438,-0.5,0.));
#4178=DIRECTION('ref_axis',(0.5,-0.866025403784438,0.));
#4179=DIRECTION('',(0.,0.,1.));
#4180=DIRECTION('',(0.,0.,-1.));
#4181=DIRECTION('center_axis',(0.866025403784438,-0.5,0.));
#4182=DIRECTION('ref_axis',(0.5,0.866025403784438,0.));
#4183=DIRECTION('',(0.,0.,1.));
#4184=DIRECTION('',(0.,0.,-1.));
#4185=DIRECTION('center_axis',(0.,0.,1.));
#4186=DIRECTION('ref_axis',(1.,0.,0.));
#4187=DIRECTION('center_axis',(0.,0.,1.));
#4188=DIRECTION('ref_axis',(1.,0.,0.));
#4189=DIRECTION('center_axis',(-0.0411355177701507,0.999153576372412,0.));
#4190=DIRECTION('ref_axis',(-0.999153576372412,-0.0411355177701507,0.));
#4191=DIRECTION('',(-6.82681344736677E-19,-2.81062403737009E-20,-1.));
#4192=DIRECTION('',(0.999153576372412,0.0411355177701507,0.));
#4193=DIRECTION('center_axis',(0.0411355177701504,-0.999153576372412,0.));
#4194=DIRECTION('ref_axis',(0.999153576372412,0.0411355177701504,0.));
#4195=DIRECTION('',(0.,0.,1.));
#4196=DIRECTION('',(-0.999153576372412,-0.0411355177701504,0.));
#4197=DIRECTION('center_axis',(0.,0.,-1.));
#4198=DIRECTION('ref_axis',(-1.,0.,0.));
#4199=DIRECTION('center_axis',(0.,0.,-1.));
#4200=DIRECTION('ref_axis',(-1.,0.,0.));
#4201=DIRECTION('',(-0.844724620535509,0.535201191572983,5.61585152353169E-17));
#4202=DIRECTION('center_axis',(0.,0.,-1.));
#4203=DIRECTION('ref_axis',(-1.,0.,0.));
#4204=DIRECTION('center_axis',(0.,0.,-1.));
#4205=DIRECTION('ref_axis',(-1.,0.,0.));
#4206=DIRECTION('',(0.844724620535509,0.535201191572983,8.02857832788567E-18));
#4207=DIRECTION('center_axis',(0.,0.,-1.));
#4208=DIRECTION('ref_axis',(-1.,0.,0.));
#4209=DIRECTION('center_axis',(0.,0.,-1.));
#4210=DIRECTION('ref_axis',(-1.,0.,0.));
#4211=DIRECTION('',(-0.813531759663069,0.581520486328307,6.32774678961775E-18));
#4212=DIRECTION('center_axis',(0.,0.,-1.));
#4213=DIRECTION('ref_axis',(-1.,0.,0.));
#4214=DIRECTION('center_axis',(0.,0.,-1.));
#4215=DIRECTION('ref_axis',(-1.,0.,0.));
#4216=DIRECTION('',(-0.813531759663069,-0.581520486328307,-6.32774678961773E-18));
#4217=DIRECTION('center_axis',(0.,0.,-1.));
#4218=DIRECTION('ref_axis',(-1.,0.,0.));
#4219=DIRECTION('center_axis',(0.,0.,1.));
#4220=DIRECTION('ref_axis',(1.,0.,0.));
#4221=DIRECTION('center_axis',(0.,0.,1.));
#4222=DIRECTION('ref_axis',(1.,0.,0.));
#4223=DIRECTION('center_axis',(-0.581520486328307,-0.813531759663069,6.12323399573677E-17));
#4224=DIRECTION('ref_axis',(0.813531759663069,-0.581520486328307,-6.32774678961775E-18));
#4225=DIRECTION('',(3.56078601110287E-17,4.98144532738046E-17,1.));
#4226=DIRECTION('',(4.12760122786117E-17,4.57628024735447E-17,1.));
#4227=DIRECTION('center_axis',(0.581520486328307,-0.813531759663069,6.12323399573676E-17));
#4228=DIRECTION('ref_axis',(0.813531759663069,0.581520486328307,6.32774678961773E-18));
#4229=DIRECTION('',(-3.56078601110286E-17,4.98144532738045E-17,1.));
#4230=DIRECTION('',(-2.99397079434457E-17,5.38661040740644E-17,1.));
#4231=DIRECTION('center_axis',(-0.535201191572982,-0.844724620535509,-3.41629835933337E-19));
#4232=DIRECTION('ref_axis',(0.844724620535509,-0.535201191572982,-5.61585152353169E-17));
#4233=DIRECTION('',(6.82681344736628E-19,-2.81062403736987E-20,-1.));
#4234=DIRECTION('',(-2.79365737272524E-17,1.81045005809469E-17,-1.));
#4235=DIRECTION('center_axis',(-0.535201191572983,0.844724620535509,3.41629835933361E-19));
#4236=DIRECTION('ref_axis',(-0.844724620535509,-0.535201191572983,-8.02857832788567E-18));
#4237=DIRECTION('',(-6.82681344736677E-19,-2.8106240373701E-20,-1.));
#4238=DIRECTION('',(-2.80858003998552E-17,-1.73901927885533E-17,-1.));
#4239=DIRECTION('center_axis',(4.82171821584725E-18,5.23578948218648E-18,
1.));
#4240=DIRECTION('ref_axis',(0.,-1.,5.23578948218648E-18));
#4241=DIRECTION('center_axis',(0.,0.,1.));
#4242=DIRECTION('ref_axis',(1.,0.,0.));
#4243=DIRECTION('center_axis',(4.82171821584727E-18,-5.23578948218651E-18,
1.));
#4244=DIRECTION('ref_axis',(0.,-1.,-5.23578948218651E-18));
#4245=DIRECTION('center_axis',(0.,0.,1.));
#4246=DIRECTION('ref_axis',(1.,0.,0.));
#4247=DIRECTION('center_axis',(2.79365737272524E-17,-1.81045005809469E-17,
1.));
#4248=DIRECTION('ref_axis',(1.,0.,-2.79365737272524E-17));
#4249=DIRECTION('center_axis',(-2.80858003998552E-17,-1.73901927885533E-17,
-1.));
#4250=DIRECTION('ref_axis',(-1.,0.,2.80858003998552E-17));
#4251=DIRECTION('center_axis',(-6.82681344736677E-19,-2.81062403737009E-20,
-1.));
#4252=DIRECTION('ref_axis',(-1.,0.,6.82681344736677E-19));
#4253=DIRECTION('center_axis',(-6.82681344736628E-19,2.81062403736987E-20,
1.));
#4254=DIRECTION('ref_axis',(1.,0.,6.82681344736628E-19));
#4255=DIRECTION('axis',(0.,0.,1.));
#4256=DIRECTION('refdir',(1.,0.,0.));
#4257=DIRECTION('center_axis',(0.,0.,-1.));
#4258=DIRECTION('ref_axis',(0.,1.,0.));
#4259=DIRECTION('',(-0.999996002272791,0.00282762063172101,0.));
#4260=DIRECTION('',(2.67154551773137E-16,1.,0.));
#4261=DIRECTION('center_axis',(0.,0.,-1.));
#4262=DIRECTION('ref_axis',(-0.999996002272791,0.00282762063172101,0.));
#4263=DIRECTION('center_axis',(0.,0.,-1.));
#4264=DIRECTION('ref_axis',(0.000844806452093942,-0.999999643150966,0.));
#4265=DIRECTION('center_axis',(0.,0.,1.));
#4266=DIRECTION('ref_axis',(1.,0.,0.));
#4267=DIRECTION('center_axis',(0.,0.,1.));
#4268=DIRECTION('ref_axis',(0.999999643150966,0.000844806452093941,0.));
#4269=DIRECTION('',(0.00198281654789885,0.999998034217337,0.));
#4270=DIRECTION('',(1.,6.1257422745431E-17,2.58647425441701E-20));
#4271=DIRECTION('',(-6.1026440420187E-17,-1.,0.));
#4272=DIRECTION('center_axis',(0.49754920983706,-0.867435751966979,6.12323399573677E-17));
#4273=DIRECTION('ref_axis',(0.867435751966978,0.49754920983706,8.10064119907454E-18));
#4274=DIRECTION('',(-0.867435751966979,-0.49754920983706,-8.10064119907455E-18));
#4275=DIRECTION('',(1.22464190334352E-16,-3.46283655584016E-19,-1.));
#4276=DIRECTION('',(-0.867435751966979,-0.49754920983706,-8.10064119907455E-18));
#4277=DIRECTION('',(4.48310923153022E-17,-4.48755603069017E-17,-1.));
#4278=DIRECTION('',(-0.867435751966979,-0.49754920983706,-8.10064119907455E-18));
#4279=DIRECTION('',(3.04661023622625E-17,-5.31151208556169E-17,-1.));
#4280=DIRECTION('center_axis',(0.00099140876117328,0.999999508554213,0.));
#4281=DIRECTION('ref_axis',(0.999999508554213,-0.00099140876117328,0.));
#4282=DIRECTION('',(-0.00099140876117328,-0.999999508554213,0.));
#4283=DIRECTION('center_axis',(0.,1.,0.));
#4284=DIRECTION('ref_axis',(-1.,0.,-9.80859742978659E-16));
#4285=DIRECTION('',(-0.00099140876117328,-0.999999508554213,0.));
#4286=DIRECTION('center_axis',(0.00099140876117328,0.999999508554213,0.));
#4287=DIRECTION('ref_axis',(-0.999999508554213,0.00099140876117328,0.));
#4288=DIRECTION('center_axis',(1.,-6.1026440420187E-17,0.));
#4289=DIRECTION('ref_axis',(6.1026440420187E-17,1.,0.));
#4290=DIRECTION('',(2.58647425584322E-20,-6.12323399573676E-17,-1.));
#4291=DIRECTION('',(6.1026440420187E-17,1.,0.));
#4292=DIRECTION('',(0.,0.,1.));
#4293=DIRECTION('center_axis',(0.,0.,1.));
#4294=DIRECTION('ref_axis',(-0.00282762063172101,-0.999996002272791,0.));
#4295=DIRECTION('center_axis',(0.,0.,-1.));
#4296=DIRECTION('ref_axis',(-0.00282762063172101,-0.999996002272791,0.));
#4297=DIRECTION('',(0.,0.,1.));
#4298=DIRECTION('center_axis',(0.,0.,1.));
#4299=DIRECTION('ref_axis',(0.,-1.,0.));
#4300=DIRECTION('center_axis',(0.,0.,-1.));
#4301=DIRECTION('ref_axis',(-1.,0.,0.));
#4302=DIRECTION('center_axis',(0.0364488093470826,0.905654011767991,0.422447979360445));
#4303=DIRECTION('ref_axis',(0.0845646066840241,-0.424007832148069,0.901701827420501));
#4304=DIRECTION('',(0.,0.,-1.));
#4305=DIRECTION('center_axis',(-0.00282762063172101,-0.999996002272791,
0.));
#4306=DIRECTION('ref_axis',(-0.999996002272791,0.00282762063172101,0.));
#4307=DIRECTION('center_axis',(-0.00282762063172101,-0.999996002272791,
0.));
#4308=DIRECTION('ref_axis',(0.999996002272791,-0.00282762063172101,0.));
#4309=DIRECTION('',(0.999996002272791,-0.00282762063172101,0.));
#4310=DIRECTION('',(0.999996002272791,-0.00282762063172102,0.));
#4311=DIRECTION('center_axis',(0.,0.,1.));
#4312=DIRECTION('ref_axis',(0.,-1.,0.));
#4313=DIRECTION('center_axis',(0.,0.,1.));
#4314=DIRECTION('ref_axis',(0.000844806452093942,-0.999999643150966,0.));
#4315=DIRECTION('center_axis',(0.,0.,-1.));
#4316=DIRECTION('ref_axis',(-0.00282762063172101,-0.999996002272791,0.));
#4317=DIRECTION('center_axis',(0.,0.,1.));
#4318=DIRECTION('ref_axis',(0.000844806452093942,-0.999999643150966,0.));
#4319=DIRECTION('center_axis',(0.,0.,1.));
#4320=DIRECTION('ref_axis',(-0.00282762063172101,-0.999996002272791,0.));
#4321=DIRECTION('',(0.,0.,1.));
#4322=DIRECTION('',(0.,0.,1.));
#4323=DIRECTION('center_axis',(-0.706536293963892,0.707676808516267,0.));
#4324=DIRECTION('ref_axis',(-0.707676808516267,-0.706536293963892,0.));
#4325=DIRECTION('',(0.,0.,1.));
#4326=DIRECTION('',(-0.698054886213403,-0.696929878658397,0.164341473970464));
#4327=DIRECTION('',(0.,0.,-1.));
#4328=DIRECTION('',(0.707676808516267,0.706536293963892,0.));
#4329=DIRECTION('center_axis',(-9.86775184038167E-16,0.,1.));
#4330=DIRECTION('ref_axis',(-1.,0.,-9.86775184038167E-16));
#4331=DIRECTION('',(1.,0.,9.86775184038167E-16));
#4332=DIRECTION('',(-0.00099140876117328,-0.999999508554213,0.));
#4333=DIRECTION('',(0.999999508554213,-0.00099140876117328,9.86775184038167E-16));
#4334=DIRECTION('center_axis',(0.,1.,0.));
#4335=DIRECTION('ref_axis',(-1.,0.,0.));
#4336=DIRECTION('',(-0.90106745134558,0.,-0.4336789689685));
#4337=DIRECTION('center_axis',(0.,1.,0.));
#4338=DIRECTION('ref_axis',(-1.,0.,0.));
#4339=DIRECTION('',(0.973388165317203,0.,-0.229162561559279));
#4340=DIRECTION('',(1.,0.,0.));
#4341=DIRECTION('center_axis',(0.,1.,0.));
#4342=DIRECTION('ref_axis',(-1.,0.,0.));
#4343=DIRECTION('center_axis',(0.229162561559279,0.,0.973388165317203));
#4344=DIRECTION('ref_axis',(-0.973388165317203,0.,0.229162561559279));
#4345=DIRECTION('',(-0.973388052005741,0.000482512839954393,0.229162534882619));
#4346=DIRECTION('',(0.000991408734168325,0.999999481315255,-0.000233405103091857));
#4347=DIRECTION('',(0.69717125324692,-0.69786277789715,-0.164133442271196));
#4348=DIRECTION('center_axis',(0.229162561559279,0.,0.973388165317203));
#4349=DIRECTION('ref_axis',(-0.000939344478823465,-0.999999534362707,0.000221147733888466));
#4350=DIRECTION('center_axis',(0.,0.,-1.));
#4351=DIRECTION('ref_axis',(0.,1.,0.));
#4352=DIRECTION('center_axis',(0.,0.,-1.));
#4353=DIRECTION('ref_axis',(0.,1.,0.));
#4354=DIRECTION('',(0.,0.,-1.));
#4355=DIRECTION('center_axis',(0.,0.,1.));
#4356=DIRECTION('ref_axis',(0.,-1.,0.));
#4357=DIRECTION('',(0.,0.,-1.));
#4358=DIRECTION('center_axis',(0.,0.,1.));
#4359=DIRECTION('ref_axis',(0.,-1.,0.));
#4360=DIRECTION('center_axis',(0.,0.,1.));
#4361=DIRECTION('ref_axis',(1.,0.,0.));
#4362=DIRECTION('',(-0.866942051023586,0.498408948722852,-8.10064119907455E-18));
#4363=DIRECTION('',(-0.999998314156836,-0.00183621444430727,0.));
#4364=DIRECTION('',(0.000991408761173013,0.999999508554213,0.));
#4365=DIRECTION('',(-2.67154551773137E-16,-1.,0.));
#4366=DIRECTION('center_axis',(0.,0.,1.));
#4367=DIRECTION('ref_axis',(1.,0.,0.));
#4368=DIRECTION('center_axis',(0.,0.,-1.));
#4369=DIRECTION('ref_axis',(0.,1.,0.));
#4370=DIRECTION('',(-0.866942051023586,0.498408948722852,-8.10064119907455E-18));
#4371=DIRECTION('center_axis',(0.,0.,-1.));
#4372=DIRECTION('ref_axis',(-1.,0.,0.));
#4373=DIRECTION('center_axis',(0.,0.,-1.));
#4374=DIRECTION('ref_axis',(-1.,0.,0.));
#4375=DIRECTION('center_axis',(0.,0.,-1.));
#4376=DIRECTION('ref_axis',(-1.,0.,0.));
#4377=DIRECTION('',(-0.706756178338338,0.707457210282422,0.));
#4378=DIRECTION('',(-0.00099140876117328,-0.999999508554213,0.));
#4379=DIRECTION('',(-0.707457210282421,-0.706756178338339,0.));
#4380=DIRECTION('center_axis',(0.,0.,-1.));
#4381=DIRECTION('ref_axis',(-1.,0.,0.));
#4382=DIRECTION('center_axis',(0.,0.,-1.));
#4383=DIRECTION('ref_axis',(0.,1.,0.));
#4384=DIRECTION('',(-1.,-6.1257422745431E-17,-2.58647425441701E-20));
#4385=DIRECTION('',(0.866447497970157,-0.499268197726688,-8.10064119907455E-18));
#4386=DIRECTION('center_axis',(0.,0.,-1.));
#4387=DIRECTION('ref_axis',(-1.,0.,0.));
#4388=DIRECTION('',(0.708157546872774,0.706054451729564,0.));
#4389=DIRECTION('',(-0.706274485522102,0.707938098353585,0.));
#4390=DIRECTION('',(-0.999998034217337,0.00198281654789912,0.));
#4391=DIRECTION('',(0.00198281654789912,0.999998034217337,0.));
#4392=DIRECTION('',(-0.999999508554213,0.000991408761173158,0.));
#4393=DIRECTION('',(-0.708376927003404,-0.705834349751565,0.));
#4394=DIRECTION('',(0.706054451729563,-0.708157546872775,0.));
#4395=DIRECTION('center_axis',(0.,0.,-1.));
#4396=DIRECTION('ref_axis',(-1.,0.,0.));
#4397=DIRECTION('',(0.86792860031508,0.496688981914342,-8.10064119907455E-18));
#4398=DIRECTION('',(0.999998314156836,0.00183621444430727,0.));
#4399=DIRECTION('',(-0.866942051023586,0.498408948722852,-8.10064119907455E-18));
#4400=DIRECTION('center_axis',(0.,0.,-1.));
#4401=DIRECTION('ref_axis',(-1.,0.,0.));
#4402=DIRECTION('',(-0.707457210282421,-0.706756178338339,0.));
#4403=DIRECTION('',(0.706975994459558,-0.707237543727649,0.));
#4404=DIRECTION('',(0.999999508554213,-0.00099140876117328,0.));
#4405=DIRECTION('',(-0.00099140876117328,-0.999999508554213,0.));
#4406=DIRECTION('',(-0.706756178338338,0.707457210282422,0.));
#4407=DIRECTION('center_axis',(0.,0.,-1.));
#4408=DIRECTION('ref_axis',(-1.,0.,0.));
#4409=DIRECTION('center_axis',(-0.707457210282422,-0.706756178338338,0.));
#4410=DIRECTION('ref_axis',(0.706756178338338,-0.707457210282422,0.));
#4411=DIRECTION('',(4.48310923153022E-17,-4.48755603069017E-17,-1.));
#4412=DIRECTION('',(0.,0.,-1.));
#4413=DIRECTION('center_axis',(-2.67154551773137E-16,-1.,0.));
#4414=DIRECTION('ref_axis',(1.,-2.67154551773137E-16,0.));
#4415=DIRECTION('center_axis',(-0.00099140876117328,-0.999999508554213,
0.));
#4416=DIRECTION('ref_axis',(-0.999999508554213,0.00099140876117328,0.));
#4417=DIRECTION('center_axis',(-0.00099140876117328,-0.999999508554213,
0.));
#4418=DIRECTION('ref_axis',(-0.999999508554213,0.00099140876117328,0.));
#4419=DIRECTION('center_axis',(-0.999999508554213,0.00099140876117328,0.));
#4420=DIRECTION('ref_axis',(0.00099140876117328,0.999999508554213,0.));
#4421=DIRECTION('',(-0.00099140876117328,-0.999999508554213,0.));
#4422=DIRECTION('',(0.,0.,-1.));
#4423=DIRECTION('center_axis',(-0.706756178338339,0.707457210282421,0.));
#4424=DIRECTION('ref_axis',(0.707457210282421,0.706756178338339,0.));
#4425=DIRECTION('',(4.48755603069016E-17,4.48310923153023E-17,-1.));
#4426=DIRECTION('',(0.697862777897149,0.697171253246921,-0.164133442271196));
#4427=DIRECTION('',(0.,0.,-1.));
#4428=DIRECTION('center_axis',(0.229162448938303,-0.00022719377126278,0.973388165317203));
#4429=DIRECTION('ref_axis',(-0.97338768694969,0.00096502555511786,0.229162561559278));
#4430=DIRECTION('',(-0.00099140876117328,-0.999999508554213,0.));
#4431=DIRECTION('',(0.97338768694969,-0.00096502555511786,-0.229162561559279));
#4432=DIRECTION('',(-0.697363600769645,0.697621593885117,0.164341473970464));
#4433=DIRECTION('center_axis',(-0.00099140876117328,-0.999999508554213,
0.));
#4434=DIRECTION('ref_axis',(-0.999999508554213,0.00099140876117328,0.));
#4435=DIRECTION('',(0.,0.,1.));
#4436=DIRECTION('center_axis',(0.00099140876117328,0.999999508554213,0.));
#4437=DIRECTION('ref_axis',(-0.999999508554213,0.00099140876117328,0.));
#4438=DIRECTION('',(0.901066925234221,-0.000893326083102015,0.433679142013373));
#4439=DIRECTION('center_axis',(-0.433678928883586,0.000429953300930169,
0.901067368059983));
#4440=DIRECTION('ref_axis',(-0.901066925234221,0.000893326083102015,-0.433679142013373));
#4441=DIRECTION('',(-0.00099140876117328,-0.999999508554213,0.));
#4442=DIRECTION('center_axis',(-0.707237543727649,-0.706975994459558,0.));
#4443=DIRECTION('ref_axis',(-0.706975994459558,0.707237543727649,0.));
#4444=DIRECTION('center_axis',(0.498408948722852,0.866942051023586,6.12323399573677E-17));
#4445=DIRECTION('ref_axis',(0.866942051023586,-0.498408948722852,8.10064119907454E-18));
#4446=DIRECTION('',(3.05187461859919E-17,5.30848903916138E-17,-1.));
#4447=DIRECTION('',(4.48755603069016E-17,4.48310923153023E-17,-1.));
#4448=DIRECTION('',(-1.22464473458492E-16,-2.24871414176903E-19,1.));
#4449=DIRECTION('center_axis',(0.,0.,-1.));
#4450=DIRECTION('ref_axis',(-0.00099140876117328,-0.999999508554213,0.));
#4451=DIRECTION('',(-0.999998314156836,-0.00183621444430727,0.));
#4452=DIRECTION('',(-0.000991408761173425,-0.999999508554213,0.));
#4453=DIRECTION('',(-0.000991408761173013,-0.999999508554213,0.));
#4454=DIRECTION('center_axis',(0.000991408761173013,0.999999508554213,0.));
#4455=DIRECTION('ref_axis',(0.999999508554213,-0.000991408761173013,0.));
#4456=DIRECTION('center_axis',(-0.00183621444430727,0.999998314156836,0.));
#4457=DIRECTION('ref_axis',(0.999998314156836,0.00183621444430727,0.));
#4458=DIRECTION('center_axis',(-0.00099140876117328,-0.999999508554213,
0.));
#4459=DIRECTION('ref_axis',(-0.999999508554213,0.00099140876117328,0.));
#4460=DIRECTION('center_axis',(-0.00183621444430727,0.999998314156836,0.));
#4461=DIRECTION('ref_axis',(-0.999998314156836,-0.00183621444430727,0.));
#4462=DIRECTION('',(-1.23677891714E-16,-2.2709951406088E-19,-1.));
#4463=DIRECTION('',(-0.999998314156836,-0.00183621444430727,0.));
#4464=DIRECTION('center_axis',(-0.00183621444430727,0.999998314156836,0.));
#4465=DIRECTION('ref_axis',(0.999998314156836,0.00183621444430727,0.));
#4466=DIRECTION('center_axis',(0.705834349751565,-0.708376927003404,0.));
#4467=DIRECTION('ref_axis',(0.708376927003404,0.705834349751565,0.));
#4468=DIRECTION('',(0.,0.,1.));
#4469=DIRECTION('',(0.698745485544896,0.696237478425173,0.164341473970464));
#4470=DIRECTION('',(0.,0.,-1.));
#4471=DIRECTION('center_axis',(0.999999508554213,-0.000991408761173158,
0.));
#4472=DIRECTION('ref_axis',(0.000991408761173158,0.999999508554213,0.));
#4473=DIRECTION('',(-0.000991408761173158,-0.999999508554213,0.));
#4474=DIRECTION('',(0.000991408734168203,0.999999481315255,-0.000233405103091857));
#4475=DIRECTION('',(0.,0.,-1.));
#4476=DIRECTION('',(-0.000991408761173158,-0.999999508554213,0.));
#4477=DIRECTION('',(0.,0.,-1.));
#4478=DIRECTION('center_axis',(0.708157546872775,0.706054451729563,0.));
#4479=DIRECTION('ref_axis',(-0.706054451729563,0.708157546872775,0.));
#4480=DIRECTION('',(0.706054451729563,-0.708157546872775,0.));
#4481=DIRECTION('',(-4.47865802596E-17,4.4919984190691E-17,-1.));
#4482=DIRECTION('',(-0.696479043352941,0.698553616623935,-0.164133442271196));
#4483=DIRECTION('center_axis',(0.000991408761173425,0.999999508554213,0.));
#4484=DIRECTION('ref_axis',(-0.999999508554213,0.000991408761173425,0.));
#4485=DIRECTION('',(0.000991408761173425,0.999999508554213,0.));
#4486=DIRECTION('center_axis',(-0.229162448938303,0.000227193771262752,
0.973388165317203));
#4487=DIRECTION('ref_axis',(0.97338768694969,-0.000965025555117741,0.229162561559278));
#4488=DIRECTION('',(0.973387095270827,-0.00144753804560526,0.229162534882619));
#4489=DIRECTION('',(-0.97338768694969,0.000965025555117741,-0.229162561559279));
#4490=DIRECTION('center_axis',(-0.229162448938303,0.000227193771262752,
0.973388165317203));
#4491=DIRECTION('ref_axis',(0.00193075231672284,0.999998111642803,0.000221147733888464));
#4492=DIRECTION('center_axis',(-0.000991408761173158,-0.999999508554213,
0.));
#4493=DIRECTION('ref_axis',(0.999999508554213,-0.000991408761173158,0.));
#4494=DIRECTION('center_axis',(-0.000991408761173158,-0.999999508554213,
0.));
#4495=DIRECTION('ref_axis',(0.999999508554213,-0.000991408761173158,0.));
#4496=DIRECTION('center_axis',(-0.000991408761173158,-0.999999508554213,
0.));
#4497=DIRECTION('ref_axis',(0.999999508554213,-0.000991408761173158,0.));
#4498=DIRECTION('',(-0.999999508554213,0.000991408761173158,9.86775184038167E-16));
#4499=DIRECTION('',(0.901067008519777,-0.000893326165671976,-0.4336789689685));
#4500=DIRECTION('center_axis',(-0.496688981914342,0.86792860031508,6.12323399573677E-17));
#4501=DIRECTION('ref_axis',(-0.86792860031508,-0.496688981914342,8.10064119907456E-18));
#4502=DIRECTION('',(-4.47865802596E-17,4.4919984190691E-17,-1.));
#4503=DIRECTION('',(0.86792860031508,0.496688981914342,-8.10064119907455E-18));
#4504=DIRECTION('',(-3.04134285936578E-17,5.31452991132153E-17,-1.));
#4505=DIRECTION('',(0.86792860031508,0.496688981914342,-8.10064119907455E-18));
#4506=DIRECTION('center_axis',(0.00198281654789912,0.999998034217337,0.));
#4507=DIRECTION('ref_axis',(0.999998034217337,-0.00198281654789912,0.));
#4508=DIRECTION('center_axis',(-0.00198281654789912,-0.999998034217337,
0.));
#4509=DIRECTION('ref_axis',(0.999998034217337,-0.00198281654789912,0.));
#4510=DIRECTION('',(0.00198281654789912,0.999998034217337,0.));
#4511=DIRECTION('',(0.00198281654789912,0.999998034217337,0.));
#4512=DIRECTION('center_axis',(-0.00198281654789885,-0.999998034217337,
0.));
#4513=DIRECTION('ref_axis',(-0.999998034217337,0.00198281654789885,0.));
#4514=DIRECTION('',(-0.00198281654789885,-0.999998034217337,0.));
#4515=DIRECTION('center_axis',(6.1257422745431E-17,-1.,6.12323399573677E-17));
#4516=DIRECTION('ref_axis',(-1.,-6.12573023266514E-17,0.));
#4517=DIRECTION('center_axis',(-0.499268197726688,-0.866447497970157,6.12323399573677E-17));
#4518=DIRECTION('ref_axis',(-0.866447497970157,0.499268197726688,8.10064119907454E-18));
#4519=DIRECTION('',(0.866447497970157,-0.499268197726688,-8.10064119907455E-18));
#4520=DIRECTION('',(-4.4919984190691E-17,-4.47865802596E-17,-1.));
#4521=DIRECTION('',(1.63794374319934E-17,6.12323399573677E-17,1.));
#4522=DIRECTION('',(0.866447497970157,-0.499268197726688,-8.10064119907455E-18));
#4523=DIRECTION('',(-3.05713600131028E-17,-5.30546077509192E-17,-1.));
#4524=DIRECTION('center_axis',(0.707938098353584,0.706274485522103,0.));
#4525=DIRECTION('ref_axis',(0.706274485522103,-0.707938098353584,0.));
#4526=DIRECTION('',(0.,0.,1.));
#4527=DIRECTION('',(0.,0.,-1.));
#4528=DIRECTION('',(0.69667162989308,-0.69831262342545,0.164341473970464));
#4529=DIRECTION('center_axis',(0.433678289494434,-0.000859906179262808,
0.901067368059983));
#4530=DIRECTION('ref_axis',(0.901065596757372,-0.00178665128816124,-0.433679142013373));
#4531=DIRECTION('',(-0.00198281654789912,-0.999998034217337,0.));
#4532=DIRECTION('',(-0.901065596757372,0.00178665128816124,0.433679142013373));
#4533=DIRECTION('center_axis',(9.86773244252618E-16,-1.95659416396708E-18,
1.));
#4534=DIRECTION('ref_axis',(0.999998034217337,-0.00198281654789912,-9.86775184038168E-16));
#4535=DIRECTION('',(0.00198281654789912,0.999998034217337,0.));
#4536=DIRECTION('',(-0.999998034217337,0.00198281654789912,9.86775184038168E-16));
#4537=DIRECTION('center_axis',(0.00198281654789912,0.999998034217337,0.));
#4538=DIRECTION('ref_axis',(0.999998034217337,-0.00198281654789912,0.));
#4539=DIRECTION('center_axis',(0.00198281654789912,0.999998034217337,0.));
#4540=DIRECTION('ref_axis',(0.999998034217336,-0.00198281654789912,0.));
#4541=DIRECTION('',(-0.973386251847622,0.00193005016172011,-0.229162561559279));
#4542=DIRECTION('center_axis',(-0.229162111075488,0.000454387319218689,
0.973388165317203));
#4543=DIRECTION('ref_axis',(0.973386251847623,-0.00193005016172011,0.229162561559279));
#4544=DIRECTION('',(-0.698553616623934,-0.696479043352942,-0.164133442271196));
#4545=DIRECTION('center_axis',(0.706054451729564,-0.708157546872774,0.));
#4546=DIRECTION('ref_axis',(-0.708157546872774,-0.706054451729564,0.));
#4547=DIRECTION('',(-4.49199841906909E-17,-4.47865802596E-17,-1.));
#4548=DIRECTION('',(0.708157546872774,0.706054451729564,0.));
#4549=DIRECTION('center_axis',(0.,0.,-1.));
#4550=DIRECTION('ref_axis',(0.00198281654789912,0.999998034217337,0.));
#4551=DIRECTION('center_axis',(0.,0.,-1.));
#4552=DIRECTION('ref_axis',(-1.,0.,0.));
#4553=DIRECTION('center_axis',(0.,0.,-1.));
#4554=DIRECTION('ref_axis',(-1.,0.,0.));
#4555=DIRECTION('center_axis',(0.,0.,1.));
#4556=DIRECTION('ref_axis',(0.00198281654789912,0.999998034217337,0.));
#4557=DIRECTION('center_axis',(0.,0.,-1.));
#4558=DIRECTION('ref_axis',(-1.,0.,0.));
#4559=DIRECTION('center_axis',(0.,0.,-1.));
#4560=DIRECTION('ref_axis',(-1.,0.,0.));
#4561=DIRECTION('center_axis',(0.00198281654789912,0.999998034217337,0.));
#4562=DIRECTION('ref_axis',(0.999998034217336,-0.00198281654789912,0.));
#4563=DIRECTION('center_axis',(0.,0.,1.));
#4564=DIRECTION('ref_axis',(-0.00198281654789912,-0.999998034217337,0.));
#4565=DIRECTION('center_axis',(0.,0.,1.));
#4566=DIRECTION('ref_axis',(1.,0.,0.));
#4567=DIRECTION('center_axis',(0.,0.,-1.));
#4568=DIRECTION('ref_axis',(-0.00198281654789912,-0.999998034217337,0.));
#4569=DIRECTION('center_axis',(0.,0.,1.));
#4570=DIRECTION('ref_axis',(1.,0.,0.));
#4571=DIRECTION('',(-1.,-6.1257422745431E-17,-2.58647425441701E-20));
#4572=DIRECTION('center_axis',(0.,0.,-1.));
#4573=DIRECTION('ref_axis',(-0.00198281654789912,-0.999998034217337,0.));
#4574=DIRECTION('center_axis',(0.,0.,-1.));
#4575=DIRECTION('ref_axis',(0.00198281654789912,0.999998034217337,0.));
#4576=DIRECTION('',(0.,0.,-1.));
#4577=DIRECTION('',(0.,0.,-1.));
#4578=DIRECTION('center_axis',(6.1257422745431E-17,-1.,6.12323399573677E-17));
#4579=DIRECTION('ref_axis',(1.,6.1257422745431E-17,2.586474254417E-20));
#4580=DIRECTION('center_axis',(0.,0.,1.));
#4581=DIRECTION('ref_axis',(0.000844806452093942,-0.999999643150966,0.));
#4582=DIRECTION('center_axis',(0.,0.,1.));
#4583=DIRECTION('ref_axis',(0.000844806452093942,-0.999999643150966,0.));
#4584=DIRECTION('center_axis',(0.,0.,-1.));
#4585=DIRECTION('ref_axis',(0.993609725418348,0.112870339567468,0.));
#4586=DIRECTION('center_axis',(0.,0.,-1.));
#4587=DIRECTION('ref_axis',(-1.,0.,0.));
#4588=DIRECTION('center_axis',(4.48310923153022E-17,-4.48755603069017E-17,
-1.));
#4589=DIRECTION('ref_axis',(0.,1.,-4.48755603069017E-17));
#4590=DIRECTION('center_axis',(4.48755603069016E-17,4.48310923153023E-17,
-1.));
#4591=DIRECTION('ref_axis',(-1.,0.,-4.48755603069016E-17));
#4592=DIRECTION('center_axis',(0.,0.,-1.));
#4593=DIRECTION('ref_axis',(-1.,0.,0.));
#4594=DIRECTION('center_axis',(0.,0.,-1.));
#4595=DIRECTION('ref_axis',(0.993269629182783,-0.115825056628937,0.));
#4596=DIRECTION('center_axis',(-4.47865802596E-17,4.4919984190691E-17,-1.));
#4597=DIRECTION('ref_axis',(-0.133156105704784,-0.991095076929321,-3.85563685719337E-17));
#4598=DIRECTION('center_axis',(-4.49199841906909E-17,-4.47865802596E-17,
-1.));
#4599=DIRECTION('ref_axis',(-1.,0.,4.49199841906909E-17));
#4600=DIRECTION('axis',(0.,0.,1.));
#4601=DIRECTION('refdir',(1.,0.,0.));
#4602=DIRECTION('center_axis',(-0.997170211507727,0.,-0.0751769198732909));
#4603=DIRECTION('ref_axis',(0.0751769198732909,0.,-0.997170211507727));
#4604=DIRECTION('',(0.,-1.,0.));
#4605=DIRECTION('',(0.0751769198732909,0.,-0.997170211507727));
#4606=DIRECTION('',(0.,-1.,0.));
#4607=DIRECTION('',(0.0751769198732909,0.,-0.997170211507727));
#4608=DIRECTION('center_axis',(0.,-1.,0.));
#4609=DIRECTION('ref_axis',(1.,0.,0.));
#4610=DIRECTION('',(0.,0.,1.));
#4611=DIRECTION('center_axis',(0.,1.,0.));
#4612=DIRECTION('ref_axis',(-1.,0.,0.));
#4613=DIRECTION('',(0.0751769198732906,0.,-0.997170211507727));
#4614=DIRECTION('center_axis',(0.,-1.,0.));
#4615=DIRECTION('ref_axis',(1.,0.,0.));
#4616=DIRECTION('center_axis',(0.,1.,0.));
#4617=DIRECTION('ref_axis',(-1.,0.,0.));
#4618=DIRECTION('center_axis',(0.,1.,0.));
#4619=DIRECTION('ref_axis',(-1.,0.,0.));
#4620=DIRECTION('center_axis',(0.,1.,0.));
#4621=DIRECTION('ref_axis',(-1.,0.,0.));
#4622=DIRECTION('center_axis',(0.,1.,0.));
#4623=DIRECTION('ref_axis',(-1.,0.,0.));
#4624=DIRECTION('',(0.443483595087612,0.,0.896282489446362));
#4625=DIRECTION('center_axis',(0.,1.,0.));
#4626=DIRECTION('ref_axis',(-1.,0.,0.));
#4627=DIRECTION('center_axis',(0.,1.,0.));
#4628=DIRECTION('ref_axis',(-1.,0.,0.));
#4629=DIRECTION('center_axis',(0.,1.,0.));
#4630=DIRECTION('ref_axis',(-1.,0.,0.));
#4631=DIRECTION('center_axis',(0.,1.,0.));
#4632=DIRECTION('ref_axis',(-1.,0.,0.));
#4633=DIRECTION('center_axis',(0.,1.,0.));
#4634=DIRECTION('ref_axis',(-1.,0.,0.));
#4635=DIRECTION('',(0.,0.,1.));
#4636=DIRECTION('',(1.,0.,0.));
#4637=DIRECTION('center_axis',(0.,1.,0.));
#4638=DIRECTION('ref_axis',(-1.,0.,0.));
#4639=DIRECTION('center_axis',(0.,1.,0.));
#4640=DIRECTION('ref_axis',(-1.,0.,0.));
#4641=DIRECTION('',(0.,1.,0.));
#4642=DIRECTION('center_axis',(0.,-1.,0.));
#4643=DIRECTION('ref_axis',(1.,0.,0.));
#4644=DIRECTION('',(-0.443483595087612,0.,0.896282489446362));
#4645=DIRECTION('center_axis',(0.,1.,0.));
#4646=DIRECTION('ref_axis',(-1.,0.,0.));
#4647=DIRECTION('center_axis',(0.,1.,0.));
#4648=DIRECTION('ref_axis',(-1.,0.,0.));
#4649=DIRECTION('center_axis',(0.,1.,0.));
#4650=DIRECTION('ref_axis',(-1.,0.,0.));
#4651=DIRECTION('center_axis',(0.,1.,0.));
#4652=DIRECTION('ref_axis',(-1.,0.,0.));
#4653=DIRECTION('',(0.0751769198732909,0.,0.997170211507727));
#4654=DIRECTION('center_axis',(0.,1.,0.));
#4655=DIRECTION('ref_axis',(-1.,0.,0.));
#4656=DIRECTION('',(0.,0.,1.));
#4657=DIRECTION('center_axis',(0.,1.,0.));
#4658=DIRECTION('ref_axis',(-1.,0.,0.));
#4659=DIRECTION('center_axis',(0.,1.,0.));
#4660=DIRECTION('ref_axis',(-1.,0.,0.));
#4661=DIRECTION('center_axis',(0.,1.,0.));
#4662=DIRECTION('ref_axis',(-1.,0.,0.));
#4663=DIRECTION('center_axis',(0.,1.,0.));
#4664=DIRECTION('ref_axis',(-1.,0.,0.));
#4665=DIRECTION('',(0.443483595087612,0.,0.896282489446362));
#4666=DIRECTION('center_axis',(0.,1.,0.));
#4667=DIRECTION('ref_axis',(-1.,0.,0.));
#4668=DIRECTION('center_axis',(0.,1.,0.));
#4669=DIRECTION('ref_axis',(-1.,0.,0.));
#4670=DIRECTION('center_axis',(0.,1.,0.));
#4671=DIRECTION('ref_axis',(-1.,0.,0.));
#4672=DIRECTION('center_axis',(0.,1.,0.));
#4673=DIRECTION('ref_axis',(-1.,0.,0.));
#4674=DIRECTION('center_axis',(0.,-1.,0.));
#4675=DIRECTION('ref_axis',(1.,0.,0.));
#4676=DIRECTION('',(0.0751769198732906,0.,-0.997170211507727));
#4677=DIRECTION('center_axis',(0.,1.,0.));
#4678=DIRECTION('ref_axis',(-1.,0.,0.));
#4679=DIRECTION('',(0.,0.,1.));
#4680=DIRECTION('center_axis',(0.,1.,0.));
#4681=DIRECTION('ref_axis',(-1.,0.,0.));
#4682=DIRECTION('',(-0.0751769198732908,0.,-0.997170211507727));
#4683=DIRECTION('center_axis',(0.,-1.,0.));
#4684=DIRECTION('ref_axis',(1.,0.,0.));
#4685=DIRECTION('center_axis',(0.,1.,0.));
#4686=DIRECTION('ref_axis',(-1.,0.,0.));
#4687=DIRECTION('center_axis',(0.,1.,0.));
#4688=DIRECTION('ref_axis',(-1.,0.,0.));
#4689=DIRECTION('center_axis',(0.,1.,0.));
#4690=DIRECTION('ref_axis',(-1.,0.,0.));
#4691=DIRECTION('center_axis',(0.,1.,0.));
#4692=DIRECTION('ref_axis',(-1.,0.,0.));
#4693=DIRECTION('center_axis',(0.,1.,0.));
#4694=DIRECTION('ref_axis',(-1.,0.,0.));
#4695=DIRECTION('',(0.,1.,0.));
#4696=DIRECTION('center_axis',(0.,-0.707106781186569,0.707106781186526));
#4697=DIRECTION('ref_axis',(0.,-0.707106781186526,-0.707106781186569));
#4698=DIRECTION('',(0.,-0.707106781186526,-0.707106781186569));
#4699=DIRECTION('',(1.,0.,0.));
#4700=DIRECTION('',(0.,-0.707106781186526,-0.707106781186569));
#4701=DIRECTION('center_axis',(0.997170211507727,0.,0.0751769198732907));
#4702=DIRECTION('ref_axis',(-0.0751769198732907,0.,0.997170211507727));
#4703=DIRECTION('',(0.,-1.,0.));
#4704=DIRECTION('',(0.,-1.,0.));
#4705=DIRECTION('center_axis',(0.,1.,0.));
#4706=DIRECTION('ref_axis',(-1.,0.,0.));
#4707=DIRECTION('',(0.,1.,0.));
#4708=DIRECTION('center_axis',(0.997170211507727,0.,-0.0751769198732907));
#4709=DIRECTION('ref_axis',(0.0751769198732907,0.,0.997170211507727));
#4710=DIRECTION('',(0.0751769198732907,0.,0.997170211507727));
#4711=DIRECTION('',(0.,-1.,0.));
#4712=DIRECTION('',(0.,-1.,0.));
#4713=DIRECTION('',(0.0751769198732907,0.,0.997170211507727));
#4714=DIRECTION('',(0.,-1.,0.));
#4715=DIRECTION('',(0.0751769198732907,0.,0.997170211507727));
#4716=DIRECTION('',(0.,-1.,0.));
#4717=DIRECTION('center_axis',(1.,0.,0.));
#4718=DIRECTION('ref_axis',(0.,1.,0.));
#4719=DIRECTION('',(0.,1.,0.));
#4720=DIRECTION('',(0.,0.,1.));
#4721=DIRECTION('',(0.,1.,0.));
#4722=DIRECTION('',(0.,1.,0.));
#4723=DIRECTION('center_axis',(-1.,0.,0.));
#4724=DIRECTION('ref_axis',(0.,-1.,0.));
#4725=DIRECTION('',(0.,-1.,0.));
#4726=DIRECTION('',(0.,0.,1.));
#4727=DIRECTION('',(0.,-1.,0.));
#4728=DIRECTION('center_axis',(-0.997170211507727,0.,0.0751769198732908));
#4729=DIRECTION('ref_axis',(-0.0751769198732908,0.,-0.997170211507727));
#4730=DIRECTION('',(-0.0751769198732908,0.,-0.997170211507727));
#4731=DIRECTION('',(-0.075176919873292,1.43859979165438E-16,-0.997170211507727));
#4732=DIRECTION('',(0.,-1.,0.));
#4733=DIRECTION('',(0.0751769198732903,-1.43859979165439E-16,0.997170211507727));
#4734=DIRECTION('',(-0.0751769198732908,0.,-0.997170211507727));
#4735=DIRECTION('',(0.,-1.,0.));
#4736=DIRECTION('',(-0.0751769198732908,0.,-0.997170211507727));
#4737=DIRECTION('',(0.,-1.,0.));
#4738=DIRECTION('',(0.,-1.,0.));
#4739=DIRECTION('center_axis',(0.,1.,0.));
#4740=DIRECTION('ref_axis',(-1.,0.,0.));
#4741=DIRECTION('',(0.,1.,0.));
#4742=DIRECTION('center_axis',(0.,1.,0.));
#4743=DIRECTION('ref_axis',(-1.,0.,0.));
#4744=DIRECTION('',(0.,1.,0.));
#4745=DIRECTION('center_axis',(0.,0.000266659370938598,-0.999999964446389));
#4746=DIRECTION('ref_axis',(0.,0.999999964446389,0.000266659370938598));
#4747=DIRECTION('',(1.,0.,0.));
#4748=DIRECTION('center_axis',(0.,1.,0.));
#4749=DIRECTION('ref_axis',(-1.,0.,0.));
#4750=DIRECTION('center_axis',(0.,1.,0.));
#4751=DIRECTION('ref_axis',(-1.,0.,0.));
#4752=DIRECTION('',(0.,1.,0.));
#4753=DIRECTION('center_axis',(0.,1.,0.));
#4754=DIRECTION('ref_axis',(-1.,0.,0.));
#4755=DIRECTION('',(0.,1.,0.));
#4756=DIRECTION('center_axis',(0.860583912675516,0.,0.509308677762415));
#4757=DIRECTION('ref_axis',(-0.509308677762415,0.,0.860583912675516));
#4758=DIRECTION('',(-0.509308677762415,0.,0.860583912675516));
#4759=DIRECTION('',(-0.509308677762413,-8.28978692053541E-17,0.860583912675518));
#4760=DIRECTION('',(0.,1.,0.));
#4761=DIRECTION('',(0.509308677762414,8.28978692053542E-17,-0.860583912675517));
#4762=DIRECTION('',(-0.509308677762415,0.,0.860583912675516));
#4763=DIRECTION('center_axis',(0.,-1.,-1.08391530128487E-16));
#4764=DIRECTION('ref_axis',(0.,1.08391530128487E-16,-1.));
#4765=DIRECTION('center_axis',(0.,1.,0.));
#4766=DIRECTION('ref_axis',(-1.,0.,0.));
#4767=DIRECTION('center_axis',(0.,1.,0.));
#4768=DIRECTION('ref_axis',(-1.,0.,0.));
#4769=DIRECTION('center_axis',(0.,1.,0.));
#4770=DIRECTION('ref_axis',(-1.,0.,0.));
#4771=DIRECTION('',(-0.443483595087612,0.,0.896282489446362));
#4772=DIRECTION('center_axis',(0.,1.,0.));
#4773=DIRECTION('ref_axis',(-1.,0.,0.));
#4774=DIRECTION('center_axis',(0.,1.,0.));
#4775=DIRECTION('ref_axis',(-1.,0.,0.));
#4776=DIRECTION('center_axis',(0.,1.,0.));
#4777=DIRECTION('ref_axis',(-1.,0.,0.));
#4778=DIRECTION('center_axis',(0.,1.,0.));
#4779=DIRECTION('ref_axis',(-1.,0.,0.));
#4780=DIRECTION('center_axis',(0.,1.,0.));
#4781=DIRECTION('ref_axis',(-1.,0.,0.));
#4782=DIRECTION('center_axis',(0.,1.,0.));
#4783=DIRECTION('ref_axis',(-1.,0.,0.));
#4784=DIRECTION('',(0.,1.,0.));
#4785=DIRECTION('center_axis',(0.,1.,0.));
#4786=DIRECTION('ref_axis',(-1.,0.,0.));
#4787=DIRECTION('center_axis',(0.,1.,0.));
#4788=DIRECTION('ref_axis',(-1.,0.,0.));
#4789=DIRECTION('center_axis',(0.,-1.,0.));
#4790=DIRECTION('ref_axis',(1.,0.,0.));
#4791=DIRECTION('center_axis',(0.,1.,0.));
#4792=DIRECTION('ref_axis',(-1.,0.,0.));
#4793=DIRECTION('center_axis',(0.,1.,0.));
#4794=DIRECTION('ref_axis',(-1.,0.,0.));
#4795=DIRECTION('center_axis',(0.,1.,0.));
#4796=DIRECTION('ref_axis',(-1.,0.,0.));
#4797=DIRECTION('center_axis',(0.,1.,0.));
#4798=DIRECTION('ref_axis',(-1.,0.,0.));
#4799=DIRECTION('center_axis',(0.,1.,0.));
#4800=DIRECTION('ref_axis',(-1.,0.,0.));
#4801=DIRECTION('',(-0.443483595087612,0.,0.896282489446362));
#4802=DIRECTION('center_axis',(0.,1.,0.));
#4803=DIRECTION('ref_axis',(-1.,0.,0.));
#4804=DIRECTION('center_axis',(0.,1.,0.));
#4805=DIRECTION('ref_axis',(-1.,0.,0.));
#4806=DIRECTION('center_axis',(0.,1.,0.));
#4807=DIRECTION('ref_axis',(-1.,0.,0.));
#4808=DIRECTION('center_axis',(0.,1.,0.));
#4809=DIRECTION('ref_axis',(-1.,0.,0.));
#4810=DIRECTION('center_axis',(0.,1.,0.));
#4811=DIRECTION('ref_axis',(-1.,0.,0.));
#4812=DIRECTION('center_axis',(0.,1.,0.));
#4813=DIRECTION('ref_axis',(-1.,0.,0.));
#4814=DIRECTION('center_axis',(0.,1.,1.35489412660609E-16));
#4815=DIRECTION('ref_axis',(0.,-1.35489412660609E-16,1.));
#4816=DIRECTION('',(0.,1.,0.));
#4817=DIRECTION('center_axis',(0.,1.,1.35489412660609E-16));
#4818=DIRECTION('ref_axis',(0.,-1.35489412660609E-16,1.));
#4819=DIRECTION('center_axis',(0.,1.,0.));
#4820=DIRECTION('ref_axis',(-1.,0.,0.));
#4821=DIRECTION('center_axis',(0.,1.,0.));
#4822=DIRECTION('ref_axis',(-1.,0.,0.));
#4823=DIRECTION('center_axis',(0.,1.,0.));
#4824=DIRECTION('ref_axis',(-1.,0.,0.));
#4825=DIRECTION('center_axis',(0.,1.,0.));
#4826=DIRECTION('ref_axis',(-1.,0.,0.));
#4827=DIRECTION('',(-0.443483595087612,0.,0.896282489446362));
#4828=DIRECTION('center_axis',(0.,1.,0.));
#4829=DIRECTION('ref_axis',(-1.,0.,0.));
#4830=DIRECTION('center_axis',(0.,1.,0.));
#4831=DIRECTION('ref_axis',(-1.,0.,0.));
#4832=DIRECTION('center_axis',(0.,1.,0.));
#4833=DIRECTION('ref_axis',(-1.,0.,0.));
#4834=DIRECTION('center_axis',(0.,1.,0.));
#4835=DIRECTION('ref_axis',(-1.,0.,0.));
#4836=DIRECTION('center_axis',(0.,1.,0.));
#4837=DIRECTION('ref_axis',(-1.,0.,0.));
#4838=DIRECTION('center_axis',(0.,1.,0.));
#4839=DIRECTION('ref_axis',(-1.,0.,0.));
#4840=DIRECTION('center_axis',(-0.843086882705746,0.,-0.537777377926505));
#4841=DIRECTION('ref_axis',(0.537777377926505,0.,-0.843086882705746));
#4842=DIRECTION('',(0.,-1.,0.));
#4843=DIRECTION('',(0.537777377926506,1.16873795919611E-16,-0.843086882705746));
#4844=DIRECTION('',(0.537777377926505,0.,-0.843086882705746));
#4845=DIRECTION('center_axis',(0.,1.,0.));
#4846=DIRECTION('ref_axis',(-1.,0.,0.));
#4847=DIRECTION('',(0.,1.,0.));
#4848=DIRECTION('center_axis',(0.,1.,0.));
#4849=DIRECTION('ref_axis',(-1.,0.,0.));
#4850=DIRECTION('',(0.,1.,0.));
#4851=DIRECTION('center_axis',(0.,1.,0.));
#4852=DIRECTION('ref_axis',(-1.,0.,0.));
#4853=DIRECTION('',(0.,1.,0.));
#4854=DIRECTION('center_axis',(0.,1.,0.));
#4855=DIRECTION('ref_axis',(-1.,0.,0.));
#4856=DIRECTION('',(0.,1.,0.));
#4857=DIRECTION('center_axis',(0.,1.,0.));
#4858=DIRECTION('ref_axis',(0.,0.,1.));
#4859=DIRECTION('center_axis',(0.,1.,1.35489412660609E-16));
#4860=DIRECTION('ref_axis',(0.,-1.35489412660609E-16,1.));
#4861=DIRECTION('',(0.,1.,0.));
#4862=DIRECTION('center_axis',(0.,-1.,-1.08391530128487E-16));
#4863=DIRECTION('ref_axis',(0.,1.08391530128487E-16,-1.));
#4864=DIRECTION('center_axis',(0.,1.,0.));
#4865=DIRECTION('ref_axis',(-1.,0.,0.));
#4866=DIRECTION('',(0.,1.,0.));
#4867=DIRECTION('center_axis',(0.,1.,0.));
#4868=DIRECTION('ref_axis',(-1.,0.,0.));
#4869=DIRECTION('',(0.,1.,0.));
#4870=DIRECTION('center_axis',(0.,1.,0.));
#4871=DIRECTION('ref_axis',(-1.,0.,0.));
#4872=DIRECTION('',(0.,1.,0.));
#4873=DIRECTION('center_axis',(0.,-1.,-1.08391530128487E-16));
#4874=DIRECTION('ref_axis',(0.,1.08391530128487E-16,-1.));
#4875=DIRECTION('',(-0.0681309505530702,1.06428442123328E-16,-0.997676387200146));
#4876=DIRECTION('',(0.99767638720015,0.,-0.0681309505530008));
#4877=DIRECTION('',(0.0681309505530709,-1.03745925726293E-16,0.997676387200146));
#4878=DIRECTION('center_axis',(0.,-1.,-1.08391530128487E-16));
#4879=DIRECTION('ref_axis',(0.,1.08391530128487E-16,-1.));
#4880=DIRECTION('center_axis',(0.,1.,0.));
#4881=DIRECTION('ref_axis',(0.,0.,1.));
#4882=DIRECTION('center_axis',(0.,1.,1.35489412660609E-16));
#4883=DIRECTION('ref_axis',(0.,-1.35489412660609E-16,1.));
#4884=DIRECTION('',(0.,-1.,0.));
#4885=DIRECTION('center_axis',(0.,1.,0.));
#4886=DIRECTION('ref_axis',(-1.,0.,0.));
#4887=DIRECTION('',(0.,1.,0.));
#4888=DIRECTION('center_axis',(0.,1.,0.));
#4889=DIRECTION('ref_axis',(-1.,0.,0.));
#4890=DIRECTION('',(0.,1.,0.));
#4891=DIRECTION('center_axis',(0.896282489446362,0.,-0.443483595087612));
#4892=DIRECTION('ref_axis',(0.443483595087612,0.,0.896282489446362));
#4893=DIRECTION('',(0.,-1.,0.));
#4894=DIRECTION('center_axis',(0.,1.,0.));
#4895=DIRECTION('ref_axis',(-1.,0.,0.));
#4896=DIRECTION('',(0.,1.,0.));
#4897=DIRECTION('center_axis',(0.,1.,0.));
#4898=DIRECTION('ref_axis',(-1.,0.,0.));
#4899=DIRECTION('',(0.,1.,0.));
#4900=DIRECTION('center_axis',(0.,1.,0.));
#4901=DIRECTION('ref_axis',(-1.,0.,0.));
#4902=DIRECTION('',(0.,1.,0.));
#4903=DIRECTION('center_axis',(-0.997676387200146,0.,0.0681309505530707));
#4904=DIRECTION('ref_axis',(-0.0681309505530707,0.,-0.997676387200146));
#4905=DIRECTION('center_axis',(0.997676387200146,0.,-0.0681309505530707));
#4906=DIRECTION('ref_axis',(0.0681309505530707,0.,0.997676387200146));
#4907=DIRECTION('',(-0.0681309505530707,0.,-0.997676387200146));
#4908=DIRECTION('center_axis',(0.997676387200146,0.,-0.0681309505530707));
#4909=DIRECTION('ref_axis',(-0.0681309505530707,1.22464679914735E-16,-0.997676387200146));
#4910=DIRECTION('',(0.997676387200146,0.,-0.0681309505530707));
#4911=DIRECTION('center_axis',(0.997676387200146,0.,-0.0681309505530707));
#4912=DIRECTION('ref_axis',(0.0681309505530707,0.,0.997676387200146));
#4913=DIRECTION('center_axis',(0.997676387200146,0.,-0.0681309505530706));
#4914=DIRECTION('ref_axis',(0.0681309505530706,0.,0.997676387200146));
#4915=DIRECTION('',(0.0681309505530706,0.,0.997676387200146));
#4916=DIRECTION('center_axis',(0.896282489446362,0.,0.443483595087612));
#4917=DIRECTION('ref_axis',(-0.443483595087612,0.,0.896282489446362));
#4918=DIRECTION('',(0.,-1.,0.));
#4919=DIRECTION('center_axis',(0.,1.,0.));
#4920=DIRECTION('ref_axis',(-1.,0.,0.));
#4921=DIRECTION('',(0.,1.,0.));
#4922=DIRECTION('center_axis',(0.,1.,0.));
#4923=DIRECTION('ref_axis',(-1.,0.,0.));
#4924=DIRECTION('center_axis',(0.,1.,0.));
#4925=DIRECTION('ref_axis',(-1.,0.,0.));
#4926=DIRECTION('',(0.,1.,0.));
#4927=DIRECTION('center_axis',(0.,1.,0.));
#4928=DIRECTION('ref_axis',(-1.,0.,0.));
#4929=DIRECTION('',(0.,1.,0.));
#4930=DIRECTION('center_axis',(0.,1.,0.));
#4931=DIRECTION('ref_axis',(-1.,0.,0.));
#4932=DIRECTION('',(0.,1.,0.));
#4933=DIRECTION('center_axis',(0.,1.,1.35489412660609E-16));
#4934=DIRECTION('ref_axis',(0.,-1.35489412660609E-16,1.));
#4935=DIRECTION('center_axis',(0.,1.,0.));
#4936=DIRECTION('ref_axis',(-1.,0.,0.));
#4937=DIRECTION('center_axis',(0.896282489446362,0.,0.443483595087612));
#4938=DIRECTION('ref_axis',(-0.443483595087612,0.,0.896282489446362));
#4939=DIRECTION('',(0.,-1.,0.));
#4940=DIRECTION('center_axis',(0.,1.,0.));
#4941=DIRECTION('ref_axis',(-1.,0.,0.));
#4942=DIRECTION('axis',(0.,0.,1.));
#4943=DIRECTION('refdir',(1.,0.,0.));
#4944=DIRECTION('center_axis',(2.22044604925031E-16,-1.,0.));
#4945=DIRECTION('ref_axis',(1.,2.22044604925031E-16,0.));
#4946=DIRECTION('',(-1.,-2.22044604925031E-16,0.));
#4947=DIRECTION('',(0.,0.,-1.));
#4948=DIRECTION('',(1.,2.22044604925031E-16,0.));
#4949=DIRECTION('',(0.,0.,1.));
#4950=DIRECTION('center_axis',(0.,0.,1.));
#4951=DIRECTION('ref_axis',(1.,0.,0.));
#4952=DIRECTION('',(-1.66533453693774E-16,1.,0.));
#4953=DIRECTION('',(-1.,-1.11022302462516E-16,0.));
#4954=DIRECTION('',(2.77555756156289E-16,-1.,0.));
#4955=DIRECTION('center_axis',(1.,1.66533453693774E-16,0.));
#4956=DIRECTION('ref_axis',(-1.66533453693774E-16,1.,0.));
#4957=DIRECTION('',(0.,0.,1.));
#4958=DIRECTION('',(1.66533453693774E-16,-1.,0.));
#4959=DIRECTION('center_axis',(-1.11022302462516E-16,1.,0.));
#4960=DIRECTION('ref_axis',(-1.,-1.11022302462516E-16,0.));
#4961=DIRECTION('',(0.,0.,1.));
#4962=DIRECTION('',(1.,1.11022302462516E-16,0.));
#4963=DIRECTION('center_axis',(-1.,-2.77555756156289E-16,0.));
#4964=DIRECTION('ref_axis',(2.77555756156289E-16,-1.,0.));
#4965=DIRECTION('',(-2.77555756156289E-16,1.,0.));
#4966=DIRECTION('center_axis',(0.,0.,-1.));
#4967=DIRECTION('ref_axis',(-1.,0.,0.));
#4968=DIRECTION('',(-4.46815747097839E-32,-7.70371977754895E-33,1.));
#4969=DIRECTION('',(1.,3.33066907387547E-16,4.46815747097839E-32));
#4970=DIRECTION('',(-4.46815747097839E-32,-7.70371977754895E-33,1.));
#4971=DIRECTION('',(1.,3.33066907387547E-16,4.46815747097839E-32));
#4972=DIRECTION('',(-4.46815747097839E-32,-7.70371977754895E-33,1.));
#4973=DIRECTION('',(1.,3.33066907387547E-16,4.46815747097839E-32));
#4974=DIRECTION('',(-3.62622316052615E-33,8.43537861307541E-33,1.));
#4975=DIRECTION('',(0.707106781186548,-0.707106781186548,8.52884040608535E-33));
#4976=DIRECTION('',(8.45177375953977E-32,-1.22464679914735E-16,-1.));
#4977=DIRECTION('',(1.,4.71844785465692E-16,2.67334169739049E-32));
#4978=DIRECTION('',(-4.62223186652937E-32,2.00296714216273E-32,1.));
#4979=DIRECTION('',(-1.,2.73691106313441E-48,-4.62223186652937E-32));
#4980=DIRECTION('',(-3.62622316052615E-33,8.43537861307541E-33,1.));
#4981=DIRECTION('',(0.707106781186548,-0.707106781186548,8.52884040608535E-33));
#4982=DIRECTION('',(-3.62622316052615E-33,8.43537861307541E-33,1.));
#4983=DIRECTION('',(0.707106781186548,-0.707106781186548,8.52884040608535E-33));
#4984=DIRECTION('',(-3.62622316052615E-33,8.43537861307541E-33,1.));
#4985=DIRECTION('',(0.707106781186548,-0.707106781186548,8.52884040608535E-33));
#4986=DIRECTION('',(-3.62622316052615E-33,8.43537861307541E-33,1.));
#4987=DIRECTION('',(0.707106781186548,-0.707106781186548,8.52884040608535E-33));
#4988=DIRECTION('',(-3.62622316052615E-33,8.43537861307541E-33,1.));
#4989=DIRECTION('',(0.707106781186548,-0.707106781186548,8.52884040608535E-33));
#4990=DIRECTION('',(-3.62622316052615E-33,8.43537861307541E-33,1.));
#4991=DIRECTION('',(0.707106781186548,-0.707106781186548,8.52884040608535E-33));
#4992=DIRECTION('',(-3.62622316052615E-33,8.43537861307541E-33,1.));
#4993=DIRECTION('',(0.707106781186548,-0.707106781186548,8.52884040608535E-33));
#4994=DIRECTION('',(-3.62622316052615E-33,8.43537861307541E-33,1.));
#4995=DIRECTION('',(0.707106781186548,-0.707106781186548,8.52884040608535E-33));
#4996=DIRECTION('',(-3.62622316052615E-33,8.43537861307541E-33,1.));
#4997=DIRECTION('',(0.707106781186548,-0.707106781186548,8.52884040608535E-33));
#4998=DIRECTION('',(-3.62622316052615E-33,8.43537861307541E-33,1.));
#4999=DIRECTION('',(0.707106781186548,-0.707106781186548,8.52884040608535E-33));
#5000=DIRECTION('',(-3.62622316052615E-33,8.43537861307541E-33,1.));
#5001=DIRECTION('',(0.707106781186548,-0.707106781186548,8.52884040608535E-33));
#5002=CARTESIAN_POINT('',(0.,0.,0.));
#5003=CARTESIAN_POINT('',(0.,0.,0.));
#5004=CARTESIAN_POINT('Origin',(0.,0.,0.));
#5005=CARTESIAN_POINT('',(1.34441069388203E-14,-5.6,0.));
#5006=CARTESIAN_POINT('',(3.48591810719703,-5.74351652201908,0.));
#5007=CARTESIAN_POINT('',(6.09658234505444,-5.85099852247208,0.));
#5008=CARTESIAN_POINT('',(3.68354437671817,-5.80528810435384,1.13386400363484E-16));
#5009=CARTESIAN_POINT('Origin',(3.46946390008898,-6.14317795256804,0.));
#5010=CARTESIAN_POINT('',(4.86151923687139,-6.55163020623001,3.50729269278481E-17));
#5011=CARTESIAN_POINT('',(4.87021313805094,-6.5571384939697,3.44949437958584E-17));
#5012=CARTESIAN_POINT('',(5.03898571574688,-6.97131847518093,-2.24247429504203E-17));
#5013=CARTESIAN_POINT('Origin',(4.6474387602422,-6.88952005444422,0.));
#5014=CARTESIAN_POINT('',(4.4264186090855,-9.90351182922587,0.));
#5015=CARTESIAN_POINT('',(4.51691436544298,-9.47033307627767,-2.14550365152955E-16));
#5016=CARTESIAN_POINT('',(3.86464170252141,-10.6811013731122,0.));
#5017=CARTESIAN_POINT('Origin',(3.2741901003455,-9.66279875249853,0.));
#5018=CARTESIAN_POINT('',(2.96943247363503,-11.7820493902434,0.));
#5019=CARTESIAN_POINT('Origin',(4.86786947136758,-12.4112846130657,0.));
#5020=CARTESIAN_POINT('',(0.675000000000018,-11.4117118088901,0.));
#5021=CARTESIAN_POINT('Origin',(1.85210378542455,-11.4117118088901,0.));
#5022=CARTESIAN_POINT('',(0.675000000000015,-6.88374999999999,0.));
#5023=CARTESIAN_POINT('',(0.675000000000013,-5.68374999999999,0.));
#5024=CARTESIAN_POINT('',(-0.675000000000048,-6.88374999999998,0.));
#5025=CARTESIAN_POINT('Origin',(1.51788304147971E-14,-6.88374999999999,
0.));
#5026=CARTESIAN_POINT('',(-0.675000000000068,-11.41171180889,0.));
#5027=CARTESIAN_POINT('',(-0.675000000000067,-11.3151227125471,0.));
#5028=CARTESIAN_POINT('',(-2.96943247363506,-11.7820493902433,0.));
#5029=CARTESIAN_POINT('Origin',(-1.8521037854246,-11.41171180889,0.));
#5030=CARTESIAN_POINT('',(-3.86464170252141,-10.6811013731122,0.));
#5031=CARTESIAN_POINT('Origin',(-4.86786947136759,-12.4112846130657,0.));
#5032=CARTESIAN_POINT('',(-4.42641860908549,-9.90351182922587,0.));
#5033=CARTESIAN_POINT('Origin',(-3.27419010034549,-9.66279875249853,0.));
#5034=CARTESIAN_POINT('',(-5.03898571574687,-6.97131847518093,-5.42520981958887E-18));
#5035=CARTESIAN_POINT('',(-5.31836186166397,-5.63402029278007,-6.98285827901803E-18));
#5036=CARTESIAN_POINT('',(-4.86151923687139,-6.55163020623001,6.90269466379747E-17));
#5037=CARTESIAN_POINT('Origin',(-4.6474387602422,-6.88952005444422,0.));
#5038=CARTESIAN_POINT('',(-3.68354437671817,-5.80528810435384,8.02228597238568E-17));
#5039=CARTESIAN_POINT('',(-5.04832786803872,-6.66998854404369,6.72514476277751E-17));
#5040=CARTESIAN_POINT('',(-3.48591810719704,-5.74351652201908,0.));
#5041=CARTESIAN_POINT('Origin',(-3.46946390008898,-6.14317795256805,0.));
#5042=CARTESIAN_POINT('',(-0.706639321733663,-5.62909259903948,0.));
#5043=CARTESIAN_POINT('Origin',(5.31836186166398,5.63402029278004,-5.99352748235935E-16));
#5044=CARTESIAN_POINT('',(5.08557933498276,6.74828739959972,0.9));
#5045=CARTESIAN_POINT('',(5.02011703326405,7.06163776391528,0.9));
#5046=CARTESIAN_POINT('',(5.31836186166398,5.63402029278004,0.9));
#5047=CARTESIAN_POINT('',(5.02011703326405,7.06163776391528,-5.55111512312578E-16));
#5048=CARTESIAN_POINT('',(5.02011703326405,7.06163776391528,-6.05389400254012E-16));
#5049=CARTESIAN_POINT('',(4.4264186090855,9.90351182922587,0.));
#5050=CARTESIAN_POINT('',(5.31836186166398,5.63402029278004,-5.99352748235935E-16));
#5051=CARTESIAN_POINT('',(4.4264186090855,9.90351182922587,1.87));
#5052=CARTESIAN_POINT('',(4.4264186090855,9.90351182922587,2.93393260864808E-17));
#5053=CARTESIAN_POINT('',(5.08557933498276,6.74828739959972,1.87));
#5054=CARTESIAN_POINT('',(5.31836186166398,5.63402029278004,1.87));
#5055=CARTESIAN_POINT('',(5.08557933498276,6.74828739959972,1.87));
#5056=CARTESIAN_POINT('Origin',(-5.31836186166397,-5.63402029278007,-6.98285827901803E-18));
#5057=CARTESIAN_POINT('',(-4.4264186090855,-9.90351182922587,1.87));
#5058=CARTESIAN_POINT('',(-5.03898571574687,-6.97131847518093,1.87));
#5059=CARTESIAN_POINT('',(-5.31836186166397,-5.63402029278007,1.87));
#5060=CARTESIAN_POINT('',(-5.03898571574687,-6.97131847518093,8.42651225800644E-18));
#5061=CARTESIAN_POINT('',(-4.4264186090855,-9.90351182922587,-2.93393260864808E-17));
#5062=CARTESIAN_POINT('Origin',(6.09658234505444,-5.85099852247208,0.9));
#5063=CARTESIAN_POINT('',(1.30104260698261E-14,-5.6,0.9));
#5064=CARTESIAN_POINT('',(3.48591810719703,-5.74351652201908,0.9));
#5065=CARTESIAN_POINT('',(6.09658234505444,-5.85099852247208,0.9));
#5066=CARTESIAN_POINT('',(3.48591810719704,-5.74351652201908,0.));
#5067=CARTESIAN_POINT('',(1.34441069388203E-14,-5.6,0.9));
#5068=CARTESIAN_POINT('Origin',(-0.706639321733661,5.62909259903948,0.9));
#5069=CARTESIAN_POINT('',(1.0842021724855E-16,5.6,0.9));
#5070=CARTESIAN_POINT('',(-3.47386281766404,5.74302020134473,0.9));
#5071=CARTESIAN_POINT('',(-0.706639321733661,5.62909259903948,0.9));
#5072=CARTESIAN_POINT('',(-3.47386281766404,5.74302020134473,-1.0842021724855E-16));
#5073=CARTESIAN_POINT('',(-3.47386281766404,5.74302020134473,0.9));
#5074=CARTESIAN_POINT('',(-8.67361737988404E-16,5.6,0.));
#5075=CARTESIAN_POINT('',(-0.706639321733661,5.62909259903948,0.));
#5076=CARTESIAN_POINT('',(8.67361737988404E-16,5.6,0.9));
#5077=CARTESIAN_POINT('Origin',(0.,0.,0.));
#5078=CARTESIAN_POINT('',(-3.69001680508731,5.81726892802846,0.));
#5079=CARTESIAN_POINT('Origin',(-3.45740861055598,6.14268163189369,-1.0842021724855E-16));
#5080=CARTESIAN_POINT('',(-4.8611782722907,6.65442663931334,-2.43313722926349E-17));
#5081=CARTESIAN_POINT('',(-4.99677653571067,6.75135360885404,-2.32766728714484E-17));
#5082=CARTESIAN_POINT('',(-5.02011703326405,7.06163776391528,-5.55111512312578E-16));
#5083=CARTESIAN_POINT('Origin',(-4.62857007775938,6.97983934317857,-7.17023007893601E-16));
#5084=CARTESIAN_POINT('',(-4.4264186090855,9.90351182922586,0.));
#5085=CARTESIAN_POINT('',(-4.48140973328105,9.64028416462521,-6.55628845171518E-16));
#5086=CARTESIAN_POINT('',(-3.86464170252141,10.6811013731122,0.));
#5087=CARTESIAN_POINT('Origin',(-3.27419010034549,9.66279875249853,0.));
#5088=CARTESIAN_POINT('',(-2.96943247363506,11.7820493902433,0.));
#5089=CARTESIAN_POINT('Origin',(-4.86786947136758,12.4112846130657,0.));
#5090=CARTESIAN_POINT('',(-0.675000000000059,11.41171180889,0.));
#5091=CARTESIAN_POINT('Origin',(-1.85210378542459,11.41171180889,0.));
#5092=CARTESIAN_POINT('',(-0.675000000000048,6.88374999999999,0.));
#5093=CARTESIAN_POINT('',(-0.675000000000048,5.68374999999999,0.));
#5094=CARTESIAN_POINT('',(0.675000000000029,6.88374999999998,0.));
#5095=CARTESIAN_POINT('Origin',(1.51788304147971E-14,6.88374999999999,0.));
#5096=CARTESIAN_POINT('',(0.675000000000023,11.4117118088901,0.));
#5097=CARTESIAN_POINT('',(0.675000000000024,11.3151227125471,0.));
#5098=CARTESIAN_POINT('',(2.96943247363503,11.7820493902434,0.));
#5099=CARTESIAN_POINT('Origin',(1.85210378542455,11.4117118088901,0.));
#5100=CARTESIAN_POINT('',(3.86464170252141,10.6811013731122,0.));
#5101=CARTESIAN_POINT('Origin',(4.86786947136759,12.4112846130657,0.));
#5102=CARTESIAN_POINT('Origin',(3.27419010034549,9.66279875249853,0.));
#5103=CARTESIAN_POINT('',(4.8611782722907,6.65442663931334,0.));
#5104=CARTESIAN_POINT('Origin',(4.62857007775938,6.97983934317857,2.36397933539595E-18));
#5105=CARTESIAN_POINT('',(3.69001680508731,5.81726892802846,0.));
#5106=CARTESIAN_POINT('',(4.99677653571067,6.75135360885404,-2.32766728714487E-17));
#5107=CARTESIAN_POINT('',(3.47386281766404,5.74302020134473,-1.0842021724855E-16));
#5108=CARTESIAN_POINT('Origin',(3.45740861055598,6.14268163189369,-1.0842021724855E-16));
#5109=CARTESIAN_POINT('',(6.09658234505444,5.85099852247208,0.));
#5110=CARTESIAN_POINT('Origin',(0.,0.,0.));
#5111=CARTESIAN_POINT('',(5.03403180563737,-6.78682722484014,1.87));
#5112=CARTESIAN_POINT('Origin',(0.,0.,1.87));
#5113=CARTESIAN_POINT('',(5.03403180563737,-6.78682722484014,0.9));
#5114=CARTESIAN_POINT('',(5.03403180563737,-6.78682722484014,1.87));
#5115=CARTESIAN_POINT('Origin',(0.,0.,0.9));
#5116=CARTESIAN_POINT('Origin',(0.,0.,0.));
#5117=CARTESIAN_POINT('',(-5.08557933498276,6.74828739959972,1.87));
#5118=CARTESIAN_POINT('',(-5.08557933498276,6.74828739959972,0.9));
#5119=CARTESIAN_POINT('',(-5.08557933498276,6.74828739959972,1.87));
#5120=CARTESIAN_POINT('',(-5.03403180563737,-6.78682722484014,0.9));
#5121=CARTESIAN_POINT('Origin',(0.,0.,0.9));
#5122=CARTESIAN_POINT('',(-5.03403180563737,-6.78682722484014,1.87));
#5123=CARTESIAN_POINT('',(-5.03403180563737,-6.78682722484014,0.9));
#5124=CARTESIAN_POINT('Origin',(0.,0.,1.87));
#5125=CARTESIAN_POINT('Origin',(0.,0.,0.));
#5126=CARTESIAN_POINT('',(-3.07591449816148,3.07591449816148,0.9));
#5127=CARTESIAN_POINT('Origin',(0.,0.,0.9));
#5128=CARTESIAN_POINT('',(-3.07591449816148,3.07591449816148,11.55));
#5129=CARTESIAN_POINT('',(-3.07591449816148,3.07591449816148,0.));
#5130=CARTESIAN_POINT('Origin',(0.,0.,11.55));
#5131=CARTESIAN_POINT('Origin',(0.,0.,11.));
#5132=CARTESIAN_POINT('',(-2.24147002369135,-7.98871625424301,11.));
#5133=CARTESIAN_POINT('',(-0.613146666149316,-5.16837746782907,11.));
#5134=CARTESIAN_POINT('',(-0.487667316586418,-4.95104085908543,11.));
#5135=CARTESIAN_POINT('',(-2.47321268273789,-8.07995786040648,11.));
#5136=CARTESIAN_POINT('Origin',(-2.41467510444824,-7.88871625424301,11.));
#5137=CARTESIAN_POINT('',(2.47321268273789,-8.07995786040648,11.));
#5138=CARTESIAN_POINT('Origin',(0.,0.,11.));
#5139=CARTESIAN_POINT('',(2.24147002369135,-7.98871625424301,11.));
#5140=CARTESIAN_POINT('Origin',(2.41467510444824,-7.88871625424301,11.));
#5141=CARTESIAN_POINT('',(0.613146666149315,-5.16837746782907,11.));
#5142=CARTESIAN_POINT('',(0.487667316586417,-4.95104085908543,11.));
#5143=CARTESIAN_POINT('',(0.246886346151034,-4.96887030743248,11.));
#5144=CARTESIAN_POINT('Origin',(0.26673650463554,-5.36837746782907,11.));
#5145=CARTESIAN_POINT('',(-3.51785623640307,3.51785623640308,11.));
#5146=CARTESIAN_POINT('Origin',(0.,0.,11.));
#5147=CARTESIAN_POINT('',(-0.246886346151036,-4.96887030743248,11.));
#5148=CARTESIAN_POINT('Origin',(0.,0.,11.));
#5149=CARTESIAN_POINT('Origin',(-0.266736504635541,-5.36837746782907,11.));
#5150=CARTESIAN_POINT('Origin',(0.,0.,11.));
#5151=CARTESIAN_POINT('',(-2.47321268273789,-8.07995786040648,11.55));
#5152=CARTESIAN_POINT('',(-2.47321268273789,-8.07995786040648,11.));
#5153=CARTESIAN_POINT('',(2.47321268273789,-8.07995786040648,11.55));
#5154=CARTESIAN_POINT('Origin',(0.,0.,11.55));
#5155=CARTESIAN_POINT('',(2.47321268273789,-8.07995786040648,11.55));
#5156=CARTESIAN_POINT('Origin',(0.,0.,11.55));
#5157=CARTESIAN_POINT('',(-2.24147002369135,-7.98871625424301,11.55));
#5158=CARTESIAN_POINT('Origin',(-2.41467510444824,-7.88871625424301,11.55));
#5159=CARTESIAN_POINT('',(-0.613146666149316,-5.16837746782907,11.55));
#5160=CARTESIAN_POINT('',(-0.487667316586418,-4.95104085908543,11.55));
#5161=CARTESIAN_POINT('',(-0.246886346151036,-4.96887030743248,11.55));
#5162=CARTESIAN_POINT('Origin',(-0.266736504635541,-5.36837746782907,11.55));
#5163=CARTESIAN_POINT('',(0.246886346151034,-4.96887030743248,11.55));
#5164=CARTESIAN_POINT('Origin',(0.,0.,11.55));
#5165=CARTESIAN_POINT('',(0.613146666149315,-5.16837746782907,11.55));
#5166=CARTESIAN_POINT('Origin',(0.26673650463554,-5.36837746782907,11.55));
#5167=CARTESIAN_POINT('',(2.24147002369135,-7.98871625424301,11.55));
#5168=CARTESIAN_POINT('',(0.487667316586417,-4.95104085908543,11.55));
#5169=CARTESIAN_POINT('Origin',(2.41467510444824,-7.88871625424301,11.55));
#5170=CARTESIAN_POINT('Origin',(0.675000000000013,-5.68374999999999,0.));
#5171=CARTESIAN_POINT('',(0.675000000000019,-11.4117118088901,1.87));
#5172=CARTESIAN_POINT('',(0.675000000000014,-6.88374999999999,1.87));
#5173=CARTESIAN_POINT('',(0.675000000000013,-5.68374999999999,1.87));
#5174=CARTESIAN_POINT('',(0.675000000000015,-6.88374999999999,0.));
#5175=CARTESIAN_POINT('',(0.675000000000019,-11.4117118088901,0.));
#5176=CARTESIAN_POINT('Origin',(1.51788304147971E-14,-6.88374999999999,
0.));
#5177=CARTESIAN_POINT('',(-0.675000000000048,-6.88374999999998,1.87));
#5178=CARTESIAN_POINT('Origin',(1.51788304147971E-14,-6.88374999999999,
1.87));
#5179=CARTESIAN_POINT('',(-0.675000000000044,-6.88374999999998,0.));
#5180=CARTESIAN_POINT('Origin',(-0.675000000000067,-11.3151227125471,0.));
#5181=CARTESIAN_POINT('',(-0.675000000000068,-11.41171180889,1.87));
#5182=CARTESIAN_POINT('',(-0.675000000000067,-11.3151227125471,1.87));
#5183=CARTESIAN_POINT('',(-0.675000000000067,-11.41171180889,0.));
#5184=CARTESIAN_POINT('Origin',(-1.8521037854246,-11.41171180889,0.));
#5185=CARTESIAN_POINT('',(-2.96943247363506,-11.7820493902433,1.87));
#5186=CARTESIAN_POINT('Origin',(-1.8521037854246,-11.41171180889,1.87));
#5187=CARTESIAN_POINT('',(-2.96943247363506,-11.7820493902433,1.87));
#5188=CARTESIAN_POINT('Origin',(-4.48140973328105,9.64028416462521,-6.55628845171518E-16));
#5189=CARTESIAN_POINT('',(-5.02011703326405,7.06163776391528,0.899999999999999));
#5190=CARTESIAN_POINT('',(-5.02011703326405,7.06163776391528,-6.66532600073296E-16));
#5191=CARTESIAN_POINT('',(-7.21141388754291,-3.4275086544672,0.899999999999999));
#5192=CARTESIAN_POINT('',(-4.4264186090855,9.90351182922586,1.87));
#5193=CARTESIAN_POINT('',(-4.48140973328105,9.64028416462521,1.87));
#5194=CARTESIAN_POINT('',(-4.4264186090855,9.90351182922586,-2.93393260864806E-17));
#5195=CARTESIAN_POINT('Origin',(-1.85210378542459,11.41171180889,0.));
#5196=CARTESIAN_POINT('',(-2.96943247363506,11.7820493902433,1.87));
#5197=CARTESIAN_POINT('',(-0.675000000000059,11.41171180889,1.87));
#5198=CARTESIAN_POINT('Origin',(-1.85210378542459,11.41171180889,1.87));
#5199=CARTESIAN_POINT('',(-0.675000000000058,11.41171180889,0.));
#5200=CARTESIAN_POINT('',(-2.96943247363506,11.7820493902433,0.));
#5201=CARTESIAN_POINT('Origin',(-0.675000000000048,5.68374999999999,0.));
#5202=CARTESIAN_POINT('',(-0.67500000000005,6.88374999999998,1.87));
#5203=CARTESIAN_POINT('',(-0.675000000000048,5.68374999999999,1.87));
#5204=CARTESIAN_POINT('',(-0.675000000000048,6.88374999999999,0.));
#5205=CARTESIAN_POINT('Origin',(1.51788304147971E-14,6.88374999999999,0.));
#5206=CARTESIAN_POINT('',(0.675000000000019,6.88374999999998,1.87));
#5207=CARTESIAN_POINT('Origin',(1.51788304147971E-14,6.88374999999999,1.87));
#5208=CARTESIAN_POINT('',(0.675000000000029,6.88374999999998,0.));
#5209=CARTESIAN_POINT('Origin',(0.675000000000024,11.3151227125471,0.));
#5210=CARTESIAN_POINT('',(0.675000000000023,11.4117118088901,1.87));
#5211=CARTESIAN_POINT('',(0.675000000000024,11.3151227125471,1.87));
#5212=CARTESIAN_POINT('',(0.675000000000024,11.4117118088901,0.));
#5213=CARTESIAN_POINT('Origin',(1.85210378542455,11.4117118088901,0.));
#5214=CARTESIAN_POINT('',(2.96943247363503,11.7820493902434,1.87));
#5215=CARTESIAN_POINT('Origin',(1.85210378542455,11.4117118088901,1.87));
#5216=CARTESIAN_POINT('',(2.96943247363503,11.7820493902434,1.87));
#5217=CARTESIAN_POINT('Origin',(4.51691436544298,-9.47033307627767,-2.14550365152955E-16));
#5218=CARTESIAN_POINT('',(5.03898571574688,-6.97131847518093,1.87));
#5219=CARTESIAN_POINT('',(5.03898571574688,-6.97131847518093,0.9));
#5220=CARTESIAN_POINT('',(4.4264186090855,-9.90351182922587,1.87));
#5221=CARTESIAN_POINT('',(4.51691436544298,-9.47033307627767,1.87));
#5222=CARTESIAN_POINT('',(4.4264186090855,-9.90351182922587,2.93393260864806E-17));
#5223=CARTESIAN_POINT('Origin',(1.85210378542455,-11.4117118088901,0.));
#5224=CARTESIAN_POINT('',(2.96943247363503,-11.7820493902434,1.87));
#5225=CARTESIAN_POINT('Origin',(1.85210378542455,-11.4117118088901,1.87));
#5226=CARTESIAN_POINT('',(2.96943247363503,-11.7820493902434,0.));
#5227=CARTESIAN_POINT('Origin',(0.,0.,1.87));
#5228=CARTESIAN_POINT('Origin',(-4.6474387602422,-6.88952005444422,1.87));
#5229=CARTESIAN_POINT('',(-3.86464170252141,-10.6811013731122,1.87));
#5230=CARTESIAN_POINT('Origin',(-3.27419010034549,-9.66279875249853,1.87));
#5231=CARTESIAN_POINT('Origin',(-4.86786947136759,-12.4112846130657,1.87));
#5232=CARTESIAN_POINT('',(3.86464170252141,-10.6811013731122,1.87));
#5233=CARTESIAN_POINT('Origin',(4.86786947136758,-12.4112846130657,1.87));
#5234=CARTESIAN_POINT('Origin',(3.2741901003455,-9.66279875249853,1.87));
#5235=CARTESIAN_POINT('Origin',(4.6474387602422,-6.88952005444422,1.87));
#5236=CARTESIAN_POINT('',(3.86464170252141,10.6811013731122,1.87));
#5237=CARTESIAN_POINT('Origin',(3.27419010034549,9.66279875249853,1.87));
#5238=CARTESIAN_POINT('Origin',(4.86786947136759,12.4112846130657,1.87));
#5239=CARTESIAN_POINT('',(-3.86464170252141,10.6811013731122,1.87));
#5240=CARTESIAN_POINT('Origin',(-4.86786947136758,12.4112846130657,1.87));
#5241=CARTESIAN_POINT('Origin',(-3.27419010034549,9.66279875249853,1.87));
#5242=CARTESIAN_POINT('',(-3.51785623640307,3.51785623640308,1.87));
#5243=CARTESIAN_POINT('Origin',(0.,0.,1.87));
#5244=CARTESIAN_POINT('Origin',(-4.86786947136759,-12.4112846130657,0.));
#5245=CARTESIAN_POINT('',(-3.86464170252141,-10.6811013731122,0.));
#5246=CARTESIAN_POINT('Origin',(-3.27419010034549,-9.66279875249853,-6.58866328089897E-17));
#5247=CARTESIAN_POINT('Origin',(-3.27419010034549,9.66279875249853,-6.58866328089894E-17));
#5248=CARTESIAN_POINT('',(-3.86464170252141,10.6811013731122,1.87));
#5249=CARTESIAN_POINT('Origin',(-4.86786947136758,12.4112846130657,0.));
#5250=CARTESIAN_POINT('Origin',(4.86786947136759,12.4112846130657,0.));
#5251=CARTESIAN_POINT('',(3.86464170252141,10.6811013731122,0.));
#5252=CARTESIAN_POINT('Origin',(3.27419010034549,9.66279875249853,6.58866328089896E-17));
#5253=CARTESIAN_POINT('Origin',(3.2741901003455,-9.66279875249853,6.58866328089895E-17));
#5254=CARTESIAN_POINT('',(3.86464170252141,-10.6811013731122,1.87));
#5255=CARTESIAN_POINT('Origin',(4.86786947136758,-12.4112846130657,0.));
#5256=CARTESIAN_POINT('Origin',(0.,0.,1.87));
#5257=CARTESIAN_POINT('',(-3.51785623640307,3.51785623640308,1.87));
#5258=CARTESIAN_POINT('',(0.246886346151034,-4.96887030743248,1.87));
#5259=CARTESIAN_POINT('',(-0.246886346151036,-4.96887030743248,1.87));
#5260=CARTESIAN_POINT('Origin',(0.487667316586417,-4.95104085908543,11.));
#5261=CARTESIAN_POINT('',(2.24147002369135,-7.98871625424301,11.));
#5262=CARTESIAN_POINT('',(0.613146666149315,-5.16837746782907,11.));
#5263=CARTESIAN_POINT('Origin',(-0.487667316586418,-4.95104085908543,11.));
#5264=CARTESIAN_POINT('',(-2.24147002369135,-7.98871625424301,11.));
#5265=CARTESIAN_POINT('',(-0.613146666149316,-5.16837746782907,11.55));
#5266=CARTESIAN_POINT('Origin',(-0.266736504635541,-5.36837746782907,1.87));
#5267=CARTESIAN_POINT('Origin',(0.26673650463554,-5.36837746782907,1.87));
#5268=CARTESIAN_POINT('Origin',(-0.706639321733663,-5.62909259903948,0.9));
#5269=CARTESIAN_POINT('',(-3.48591810719704,-5.74351652201908,0.9));
#5270=CARTESIAN_POINT('',(-3.48591810719704,-5.74351652201908,0.9));
#5271=CARTESIAN_POINT('',(-0.706639321733663,-5.62909259903948,0.9));
#5272=CARTESIAN_POINT('Origin',(6.09658234505444,5.85099852247208,0.9));
#5273=CARTESIAN_POINT('',(3.47386281766404,5.74302020134473,0.9));
#5274=CARTESIAN_POINT('',(3.47386281766404,5.74302020134473,0.9));
#5275=CARTESIAN_POINT('',(6.09658234505444,5.85099852247208,0.9));
#5276=CARTESIAN_POINT('Origin',(1.25767452008319E-14,-5.68374999999999,
0.9));
#5277=CARTESIAN_POINT('',(4.86151923687139,-6.55163020623001,0.9));
#5278=CARTESIAN_POINT('Origin',(4.6474387602422,-6.88952005444422,0.9));
#5279=CARTESIAN_POINT('',(3.68354437671817,-5.80528810435384,0.9));
#5280=CARTESIAN_POINT('',(4.87021313805094,-6.5571384939697,0.9));
#5281=CARTESIAN_POINT('Origin',(3.46946390008898,-6.14317795256804,0.9));
#5282=CARTESIAN_POINT('',(-3.68354437671817,-5.80528810435384,0.9));
#5283=CARTESIAN_POINT('Origin',(-3.46946390008898,-6.14317795256805,0.9));
#5284=CARTESIAN_POINT('',(-4.86151923687139,-6.55163020623001,0.9));
#5285=CARTESIAN_POINT('',(-5.04832786803872,-6.66998854404369,0.9));
#5286=CARTESIAN_POINT('Origin',(-4.6474387602422,-6.88952005444422,0.9));
#5287=CARTESIAN_POINT('',(-4.8611782722907,6.65442663931334,0.9));
#5288=CARTESIAN_POINT('Origin',(-4.62857007775938,6.97983934317857,0.899999999999999));
#5289=CARTESIAN_POINT('',(-3.69001680508731,5.81726892802847,0.9));
#5290=CARTESIAN_POINT('',(-4.99677653571067,6.75135360885404,0.9));
#5291=CARTESIAN_POINT('Origin',(-3.45740861055598,6.14268163189369,0.9));
#5292=CARTESIAN_POINT('',(3.69001680508731,5.81726892802846,0.9));
#5293=CARTESIAN_POINT('Origin',(3.45740861055598,6.14268163189369,0.9));
#5294=CARTESIAN_POINT('',(4.8611782722907,6.65442663931334,0.9));
#5295=CARTESIAN_POINT('',(4.99677653571067,6.75135360885404,0.9));
#5296=CARTESIAN_POINT('Origin',(4.62857007775938,6.97983934317857,0.9));
#5297=CARTESIAN_POINT('Origin',(2.41467510444824,-7.88871625424301,11.));
#5298=CARTESIAN_POINT('Origin',(-2.41467510444824,-7.88871625424301,11.));
#5299=CARTESIAN_POINT('Origin',(-4.99677653571067,6.75135360885404,0.9));
#5300=CARTESIAN_POINT('',(-3.69001680508731,5.81726892802846,0.9));
#5301=CARTESIAN_POINT('',(-4.8611782722907,6.65442663931334,0.899999999999999));
#5302=CARTESIAN_POINT('Origin',(4.99677653571067,6.75135360885404,0.9));
#5303=CARTESIAN_POINT('',(3.69001680508731,5.81726892802846,0.9));
#5304=CARTESIAN_POINT('',(4.8611782722907,6.65442663931334,0.9));
#5305=CARTESIAN_POINT('Origin',(4.87021313805094,-6.5571384939697,0.9));
#5306=CARTESIAN_POINT('',(3.68354437671817,-5.80528810435384,0.9));
#5307=CARTESIAN_POINT('',(4.86151923687139,-6.55163020623001,1.36651934373335E-19));
#5308=CARTESIAN_POINT('Origin',(-5.04832786803872,-6.66998854404369,0.9));
#5309=CARTESIAN_POINT('',(-3.68354437671817,-5.80528810435384,0.9));
#5310=CARTESIAN_POINT('',(-4.86151923687139,-6.55163020623001,0.9));
#5311=CARTESIAN_POINT('Origin',(4.62857007775938,6.97983934317857,0.9));
#5312=CARTESIAN_POINT('Origin',(3.45740861055598,6.14268163189369,0.9));
#5313=CARTESIAN_POINT('Origin',(-4.62857007775938,6.97983934317857,-7.28236329789389E-16));
#5314=CARTESIAN_POINT('Origin',(-3.45740861055598,6.14268163189369,0.9));
#5315=CARTESIAN_POINT('Origin',(4.6474387602422,-6.88952005444422,0.9));
#5316=CARTESIAN_POINT('Origin',(-4.6474387602422,-6.88952005444422,-3.9928876878795E-18));
#5317=CARTESIAN_POINT('Origin',(-3.46946390008898,-6.14317795256805,0.9));
#5318=CARTESIAN_POINT('Origin',(3.46946390008898,-6.14317795256804,0.9));
#5319=CARTESIAN_POINT('',(0.,0.,0.));
#5320=CARTESIAN_POINT('Origin',(-0.0158924571365794,3.87754020002301,6.2));
#5321=CARTESIAN_POINT('',(0.184107542863419,5.50592467179251,6.2));
#5322=CARTESIAN_POINT('',(3.6433921289146E-15,5.50644526016033,6.2));
#5323=CARTESIAN_POINT('',(-1.78478140708103,5.51149196506546,6.2));
#5324=CARTESIAN_POINT('',(0.184107542863421,4.27032523694132,6.2));
#5325=CARTESIAN_POINT('',(0.18410754286342,3.88491766650181,6.2));
#5326=CARTESIAN_POINT('',(0.00847657098477321,4.27498368313304,6.2));
#5327=CARTESIAN_POINT('Origin',(-0.0162511375396927,2.29760718241196E-5,
6.2));
#5328=CARTESIAN_POINT('',(0.00423824863591517,4.27497387462658,6.2));
#5329=CARTESIAN_POINT('Origin',(0.0162511511508237,-9.24699777773131E-6,
6.2));
#5330=CARTESIAN_POINT('',(-4.59324409458196E-8,4.27495986421554,6.2));
#5331=CARTESIAN_POINT('Origin',(-0.0162511375396927,2.29760718241196E-5,
6.2));
#5332=CARTESIAN_POINT('',(-0.175639909403286,4.27068189389258,6.2));
#5333=CARTESIAN_POINT('Origin',(0.0162511511508237,-9.24699777773131E-6,
6.2));
#5334=CARTESIAN_POINT('',(-0.173202392328235,5.5,6.2));
#5335=CARTESIAN_POINT('',(-0.176404101911639,3.88527508108059,6.2));
#5336=CARTESIAN_POINT('',(5.06130770696399E-7,5.5,6.2));
#5337=CARTESIAN_POINT('',(-2.8379626697582,5.5,6.2));
#5338=CARTESIAN_POINT('',(3.54398585131199E-15,3.87754020002301,6.2));
#5339=CARTESIAN_POINT('Origin',(3.49479802231551,5.48861191126679,8.55));
#5340=CARTESIAN_POINT('',(5.87381108499578,6.85318106448019,5.4));
#5341=CARTESIAN_POINT('',(3.50859253144962,5.49652425186862,5.4));
#5342=CARTESIAN_POINT('',(3.49479802231551,5.48861191126679,5.4));
#5343=CARTESIAN_POINT('',(3.50859253144963,5.49652425186862,8.55));
#5344=CARTESIAN_POINT('',(3.50859253144962,5.49652425186862,8.55));
#5345=CARTESIAN_POINT('',(6.39090132430708,7.14977690964843,8.55));
#5346=CARTESIAN_POINT('',(3.49479802231551,5.48861191126679,8.55));
#5347=CARTESIAN_POINT('',(6.39090132430708,7.14977690964843,-7.83440189611081E-18));
#5348=CARTESIAN_POINT('',(6.39090132430708,7.14977690964843,8.55));
#5349=CARTESIAN_POINT('',(5.87381108499578,6.85318106448019,-1.26633041942996E-17));
#5350=CARTESIAN_POINT('',(3.49479802231551,5.48861191126679,-3.48799711750928E-17));
#5351=CARTESIAN_POINT('',(5.87381108499578,6.85318106448019,8.55));
#5352=CARTESIAN_POINT('Origin',(9.64960588110791,1.99043427437814,7.43872765540249));
#5353=CARTESIAN_POINT('',(9.81861611323606,-2.50973549543619,7.0783007081785));
#5354=CARTESIAN_POINT('',(9.82358281133826,2.5,7.0783007081785));
#5355=CARTESIAN_POINT('',(9.82357315704193,2.49026204733487,7.0783007081785));
#5356=CARTESIAN_POINT('',(9.65011106928096,2.5,7.03872765540249));
#5357=CARTESIAN_POINT('Origin',(9.65011106928095,2.5,7.43872765540249));
#5358=CARTESIAN_POINT('',(9.64514454168263,-2.50956351411582,7.03872765540249));
#5359=CARTESIAN_POINT('',(9.64514454168263,-2.50956351411582,7.03872765540249));
#5360=CARTESIAN_POINT('Origin',(9.64514454168263,-2.50956351411582,7.43872765540249));
#5361=CARTESIAN_POINT('Origin',(3.56770277383511E-15,4.27499208713316,-8.575));
#5362=CARTESIAN_POINT('',(5.06131475414622E-7,5.5,8.55));
#5363=CARTESIAN_POINT('',(1.0127246035157E-6,5.5,-8.575));
#5364=CARTESIAN_POINT('',(3.37837147491374E-15,5.50644526016033,8.55));
#5365=CARTESIAN_POINT('',(3.46944695195361E-15,6.99883899003855,8.55));
#5366=CARTESIAN_POINT('',(3.46944695195361E-15,5.50644526016033,8.55));
#5367=CARTESIAN_POINT('Origin',(-0.0162511375396927,2.29760718241196E-5,
1.11));
#5368=CARTESIAN_POINT('',(0.00847652505227104,4.27498368331142,3.58653708921146E-15));
#5369=CARTESIAN_POINT('',(-0.00423823502482987,-4.27496014555254,2.81892564846231E-15));
#5370=CARTESIAN_POINT('Origin',(-0.0162511375396927,2.29760718241196E-5,
2.81892564846231E-15));
#5371=CARTESIAN_POINT('',(0.00847652505250186,4.27498368342783,-8.575));
#5372=CARTESIAN_POINT('',(1.78410754286342,3.87743624033669,5.4));
#5373=CARTESIAN_POINT('Ctrl Pts',(0.18410754286342,4.27032523694132,6.2));
#5374=CARTESIAN_POINT('Ctrl Pts',(0.441818058714225,4.25823369500177,6.2));
#5375=CARTESIAN_POINT('Ctrl Pts',(0.712692870197418,4.22000134736154,6.14728708031385));
#5376=CARTESIAN_POINT('Ctrl Pts',(1.2051323600808,4.1046300372133,5.94035558132022));
#5377=CARTESIAN_POINT('Ctrl Pts',(1.42702485299132,4.02845463418871,5.78638121605419));
#5378=CARTESIAN_POINT('Ctrl Pts',(1.66592415220144,3.93076090398526,5.54627908030246));
#5379=CARTESIAN_POINT('Ctrl Pts',(1.72727382876448,3.90382524340237,5.47577828546525));
#5380=CARTESIAN_POINT('Ctrl Pts',(1.78410754286342,3.8774362403367,5.4));
#5381=CARTESIAN_POINT('',(1.78026257140278,-3.87917326717004,5.4));
#5382=CARTESIAN_POINT('Origin',(-0.0162511375396927,2.29760718241196E-5,
5.4));
#5383=CARTESIAN_POINT('',(0.179873844116514,-4.27047582284738,6.2));
#5384=CARTESIAN_POINT('Ctrl Pts',(0.179873844116514,-4.27047582284738,6.2));
#5385=CARTESIAN_POINT('Ctrl Pts',(0.437596221164339,-4.25863978241021,6.2));
#5386=CARTESIAN_POINT('Ctrl Pts',(0.708508803505485,-4.22067600022935,6.14728708024526));
#5387=CARTESIAN_POINT('Ctrl Pts',(1.20106243157284,-4.10579295370528,5.94035558112829));
#5388=CARTESIAN_POINT('Ctrl Pts',(1.42303033637123,-4.02983757336654,5.78638121581073));
#5389=CARTESIAN_POINT('Ctrl Pts',(1.66202637246105,-3.93238073702491,5.54627908009644));
#5390=CARTESIAN_POINT('Ctrl Pts',(1.72340272302614,-3.90550591205104,5.47577828535769));
#5391=CARTESIAN_POINT('Ctrl Pts',(1.78026257140278,-3.87917326717004,5.4));
#5392=CARTESIAN_POINT('',(-0.188342449673013,-4.27151182775317,6.2));
#5393=CARTESIAN_POINT('Origin',(-0.0162511375396927,2.29760718241196E-5,
6.2));
#5394=CARTESIAN_POINT('',(-0.00423823502482987,-4.27496014555254,6.19150807496753));
#5395=CARTESIAN_POINT('Origin',(-0.157506880007411,-3.50646953885982,4.55722367767286));
#5396=CARTESIAN_POINT('',(-0.00423823502482987,-4.27496014555254,1.11));
#5397=CARTESIAN_POINT('Origin',(2.84887850453695,5.49838968031963,8.55));
#5398=CARTESIAN_POINT('',(1.78410754286342,5.50140046069519,5.4));
#5399=CARTESIAN_POINT('Origin',(0.184107542863421,5.50592467179251,4.2));
#5400=CARTESIAN_POINT('',(2.84887850453695,5.49838968031963,8.55));
#5401=CARTESIAN_POINT('',(0.0155700759799065,5.50640123371625,5.4));
#5402=CARTESIAN_POINT('Origin',(0.,0.,2.81892564846231E-15));
#5403=CARTESIAN_POINT('',(3.56770283601384E-15,4.27495986412825,2.9143350949478E-15));
#5404=CARTESIAN_POINT('Origin',(0.0162511511508237,-9.24699777773131E-6,
2.81892564846231E-15));
#5405=CARTESIAN_POINT('',(0.00423824863596031,4.27497387462658,2.81892564846231E-15));
#5406=CARTESIAN_POINT('Origin',(-0.0162511375396927,2.29760718241196E-5,
2.81892564846231E-15));
#5407=CARTESIAN_POINT('Origin',(0.0162511511508237,-9.24699777773131E-6,
2.81892564846231E-15));
#5408=CARTESIAN_POINT('Origin',(-0.0162511375396927,2.29760718241196E-5,
1.11));
#5409=CARTESIAN_POINT('',(0.00423824863596085,4.27497387462658,3.1));
#5410=CARTESIAN_POINT('',(3.56770277383196E-15,4.27495986401183,1.11));
#5411=CARTESIAN_POINT('Origin',(10.1533806286873,2.,8.55));
#5412=CARTESIAN_POINT('',(10.6541877454356,2.5,7.30384566339278));
#5413=CARTESIAN_POINT('',(10.6541877454356,2.5,8.55));
#5414=CARTESIAN_POINT('',(10.6541877454356,2.5,8.1863133559884));
#5415=CARTESIAN_POINT('',(11.0545472282265,2.89971397111426,7.20958995796985));
#5416=CARTESIAN_POINT('',(8.85879289475948,0.70749866502172,7.72653138903771));
#5417=CARTESIAN_POINT('',(11.0545472283953,2.8997139692708,8.55));
#5418=CARTESIAN_POINT('',(11.0545473695822,2.89971382790071,8.55));
#5419=CARTESIAN_POINT('',(10.1533806286873,2.,8.55));
#5420=CARTESIAN_POINT('Origin',(9.73887741533773,-2.,7.03872765540249));
#5421=CARTESIAN_POINT('',(8.33498216415712,2.5,7.03872765540249));
#5422=CARTESIAN_POINT('',(9.73887741533773,2.5,7.03872765540249));
#5423=CARTESIAN_POINT('',(8.33001692918759,-2.50825968443797,7.03872765540249));
#5424=CARTESIAN_POINT('',(8.33447826861287,1.99173810405599,7.03872765540249));
#5425=CARTESIAN_POINT('',(9.73639410730452,-2.50965397977909,7.03872765540249));
#5426=CARTESIAN_POINT('Origin',(8.33249954606232,2.5,8.1863133559884));
#5427=CARTESIAN_POINT('',(10.2844700975015,2.5,7.3001233062265));
#5428=CARTESIAN_POINT('',(10.3347954119085,2.5,7.32434461222581));
#5429=CARTESIAN_POINT('',(10.5287131091377,2.5,7.3333858715947));
#5430=CARTESIAN_POINT('Origin',(10.4579418395588,2.5,6.93969635900251));
#5431=CARTESIAN_POINT('',(8.25757723137806,2.5,7.86807422506053));
#5432=CARTESIAN_POINT('',(7.24654928631184,2.5,8.55));
#5433=CARTESIAN_POINT('',(-5.62356800824662,2.5,8.55));
#5434=CARTESIAN_POINT('Origin',(8.33498216415712,2.5,8.1863133559884));
#5435=CARTESIAN_POINT('Origin',(11.4199716283131,-2.,7.12355890580329));
#5436=CARTESIAN_POINT('',(11.6,-0.00575017222775232,7.08117523577412));
#5437=CARTESIAN_POINT('',(10.5471232027681,-0.00522825645890313,7.32905162512939));
#5438=CARTESIAN_POINT('',(11.4209083139976,-0.00566139567266316,7.12333838402332));
#5439=CARTESIAN_POINT('',(11.6023368816072,2.35138096307834,7.08062506905312));
#5440=CARTESIAN_POINT('',(11.598126973639,-1.89500666647497,7.08161619810965));
#5441=CARTESIAN_POINT('',(13.6258625815887,0.325848126549872,6.60423101649375));
#5442=CARTESIAN_POINT('Origin',(12.2009439908282,1760.60559976856,6.93969635900251));
#5443=CARTESIAN_POINT('Origin',(0.,0.,5.91));
#5444=CARTESIAN_POINT('',(5.79373129546582,-6.21953998909404,0.));
#5445=CARTESIAN_POINT('',(5.79989455459664,6.21379297656111,0.));
#5446=CARTESIAN_POINT('Origin',(0.,0.,0.));
#5447=CARTESIAN_POINT('',(5.79373129546582,-6.21953998909404,5.4));
#5448=CARTESIAN_POINT('',(5.79373129546582,-6.21953998909404,5.91));
#5449=CARTESIAN_POINT('',(5.79989455459664,6.21379297656111,5.4));
#5450=CARTESIAN_POINT('Origin',(0.,0.,5.4));
#5451=CARTESIAN_POINT('',(5.79989455459664,6.21379297656111,5.91));
#5452=CARTESIAN_POINT('Origin',(0.,0.,5.4));
#5453=CARTESIAN_POINT('',(5.86701389458684,-6.85900104428437,5.4));
#5454=CARTESIAN_POINT('Origin',(6.06637747407598,-6.51222422387494,5.4));
#5455=CARTESIAN_POINT('',(3.5031415048673,-5.5,5.4));
#5456=CARTESIAN_POINT('',(3.48935484687624,-5.49207398728945,5.4));
#5457=CARTESIAN_POINT('',(1.77865252945583,-5.50316653690398,5.4));
#5458=CARTESIAN_POINT('',(2.8434259527662,-5.5012113812681,5.4));
#5459=CARTESIAN_POINT('',(1.77864573784572,-5.5100169976239,5.4));
#5460=CARTESIAN_POINT('',(1.78410754286342,5.50825092478174,5.4));
#5461=CARTESIAN_POINT('Origin',(6.0728307689306,6.5062067636934,5.4));
#5462=CARTESIAN_POINT('Origin',(-5.62356800824662,6.99883899003855,0.));
#5463=CARTESIAN_POINT('',(6.3838098320569,-7.15610939148541,-7.83440189611081E-18));
#5464=CARTESIAN_POINT('',(5.86701389458684,-6.85900104428437,-1.26633041942996E-17));
#5465=CARTESIAN_POINT('',(3.48935484687624,-5.49207398728945,-3.48799711750928E-17));
#5466=CARTESIAN_POINT('Origin',(6.06637747407598,-6.51222422387494,0.));
#5467=CARTESIAN_POINT('Origin',(6.0728307689306,6.5062067636934,0.));
#5468=CARTESIAN_POINT('',(6.87290389235488,7.08550508019698,0.));
#5469=CARTESIAN_POINT('Origin',(6.58992100824191,6.80280260886164,0.));
#5470=CARTESIAN_POINT('',(11.6023368816072,2.35138096307834,0.));
#5471=CARTESIAN_POINT('',(6.30465782507484,7.65431479114575,0.));
#5472=CARTESIAN_POINT('',(11.5976609381058,-2.36521914917615,3.70074341541719E-16));
#5473=CARTESIAN_POINT('',(11.5981273134228,-1.89466393836141,0.));
#5474=CARTESIAN_POINT('',(6.86587588288137,-7.09231545518894,0.));
#5475=CARTESIAN_POINT('',(6.2970661719326,-7.66056152246898,0.));
#5476=CARTESIAN_POINT('Origin',(6.58317341154604,-6.80933257107597,0.));
#5477=CARTESIAN_POINT('Origin',(-5.62356800824662,6.99883899003855,8.55));
#5478=CARTESIAN_POINT('',(-3.49166448175967,5.5,8.55));
#5479=CARTESIAN_POINT('',(-5.62229625150683,5.5,8.55));
#5480=CARTESIAN_POINT('',(-6.37671206521382,7.16243483964276,8.55));
#5481=CARTESIAN_POINT('',(-3.48390824177949,5.49553066519886,8.55));
#5482=CARTESIAN_POINT('',(-6.85884112499632,7.09911885920381,8.55));
#5483=CARTESIAN_POINT('Origin',(-6.57641934430449,6.8158558404547,8.55));
#5484=CARTESIAN_POINT('',(-11.0487758967155,2.92162740823736,8.55));
#5485=CARTESIAN_POINT('',(-6.28946832945708,7.66680072429084,8.55));
#5486=CARTESIAN_POINT('',(-10.6492097602483,2.52112038530942,8.55));
#5487=CARTESIAN_POINT('',(-10.1493950362518,2.02012835956235,8.55));
#5488=CARTESIAN_POINT('',(-7.23909592149133,2.51435874186779,8.55));
#5489=CARTESIAN_POINT('',(5.62851399490387,2.48884458183835,8.55));
#5490=CARTESIAN_POINT('',(-7.24902424692866,-2.49281447893481,8.55));
#5491=CARTESIAN_POINT('',(-7.24801859595687,-1.98563241211023,8.55));
#5492=CARTESIAN_POINT('',(-10.6566610313829,-2.48943611631152,8.55));
#5493=CARTESIAN_POINT('',(5.62108672266488,-2.50557402597796,8.55));
#5494=CARTESIAN_POINT('',(-11.0574165975187,-2.88875296924555,8.55));
#5495=CARTESIAN_POINT('',(-10.1553584563735,-1.98993286659762,8.55));
#5496=CARTESIAN_POINT('',(-6.87992514650906,-7.07868774092178,8.55));
#5497=CARTESIAN_POINT('',(-6.31224328142204,-7.64806053646102,8.55));
#5498=CARTESIAN_POINT('',(-6.39798653499421,-7.14343740035599,8.55));
#5499=CARTESIAN_POINT('Origin',(-6.59666212775995,-6.79626596022995,8.55));
#5500=CARTESIAN_POINT('',(-3.54882414941669,-5.51294894302504,8.55));
#5501=CARTESIAN_POINT('',(-3.50023776274726,-5.48514444053374,8.55));
#5502=CARTESIAN_POINT('',(3.5031415048673,-5.5,8.55));
#5503=CARTESIAN_POINT('',(2.8434259527662,-5.5012113812681,8.55));
#5504=CARTESIAN_POINT('',(6.3838098320569,-7.15610939148541,8.55));
#5505=CARTESIAN_POINT('',(3.48935484687624,-5.49207398728945,8.55));
#5506=CARTESIAN_POINT('',(6.86587588288137,-7.09231545518894,8.55));
#5507=CARTESIAN_POINT('Origin',(6.58317341154604,-6.80933257107597,8.55));
#5508=CARTESIAN_POINT('',(11.0516669938506,-2.91067211919162,8.55));
#5509=CARTESIAN_POINT('',(6.2970661719326,-7.66056152246898,8.55));
#5510=CARTESIAN_POINT('',(10.651703987577,-2.51056142645954,8.55));
#5511=CARTESIAN_POINT('',(10.1513928213288,-2.01006516761923,8.55));
#5512=CARTESIAN_POINT('',(7.24158512115356,-2.50718060307724,8.55));
#5513=CARTESIAN_POINT('',(-5.62604376647075,-2.4944235167931,8.55));
#5514=CARTESIAN_POINT('',(7.24604646057884,1.99281718541672,8.55));
#5515=CARTESIAN_POINT('',(6.87290389235488,7.08550508019698,8.55));
#5516=CARTESIAN_POINT('',(6.30465782507484,7.65431479114575,8.55));
#5517=CARTESIAN_POINT('Origin',(6.58992100824191,6.80280260886164,8.55));
#5518=CARTESIAN_POINT('Origin',(6.30465782507484,7.65431479114575,8.55));
#5519=CARTESIAN_POINT('',(6.87290389235488,7.08550508019698,8.55));
#5520=CARTESIAN_POINT('',(11.6023368816072,2.35138096307834,8.55));
#5521=CARTESIAN_POINT('Origin',(0.184107542863421,5.50825092478174,4.2));
#5522=CARTESIAN_POINT('Origin',(8.33447826861287,1.99173810405599,8.1863133559884));
#5523=CARTESIAN_POINT('Origin',(8.33001692918759,-2.50825968443797,8.1863133559884));
#5524=CARTESIAN_POINT('Origin',(11.5981273134228,-1.89466393836141,8.55));
#5525=CARTESIAN_POINT('',(11.5976609350568,-2.36521915512604,7.0811752202141));
#5526=CARTESIAN_POINT('',(11.5981273134228,-1.89466393836141,7.08117523577412));
#5527=CARTESIAN_POINT('',(11.5976610563842,-2.36521909185153,8.55));
#5528=CARTESIAN_POINT('Origin',(6.2970661719326,-7.66056152246898,8.55));
#5529=CARTESIAN_POINT('',(6.86587588288137,-7.09231545518894,8.55));
#5530=CARTESIAN_POINT('',(11.05166699368,-2.91067212103492,7.20958995796985));
#5531=CARTESIAN_POINT('',(13.6255328365285,-0.339356765955113,6.60423101649375));
#5532=CARTESIAN_POINT('',(11.0516671351776,-2.91067197796157,8.55));
#5533=CARTESIAN_POINT('Origin',(11.4219488335385,1.98867715718377,7.12355890580329));
#5534=CARTESIAN_POINT('',(10.544639497526,-2.51045528173393,7.32905162512939));
#5535=CARTESIAN_POINT('',(10.5491008369512,1.98954250676003,7.32905162512939));
#5536=CARTESIAN_POINT('',(10.651703987577,-2.51056142645954,7.30384566339278));
#5537=CARTESIAN_POINT('',(8.25509465132359,-2.50818540579879,7.86807422506053));
#5538=CARTESIAN_POINT('',(8.85808712076802,-0.716281002213766,7.72653138903771));
#5539=CARTESIAN_POINT('Origin',(8.33001692918759,-2.50825968443797,8.1863133559884));
#5540=CARTESIAN_POINT('',(10.651703987577,-2.51056142645954,8.1863133559884));
#5541=CARTESIAN_POINT('',(10.2795029463972,-2.51019242290505,7.3001233062265));
#5542=CARTESIAN_POINT('Origin',(10.4529745179506,-2.51036440422543,6.93969635900251));
#5543=CARTESIAN_POINT('',(10.3302389313344,-2.51024272302975,7.32454228976765));
#5544=CARTESIAN_POINT('Origin',(10.3347002707597,1.98975506546421,7.32454228976765));
#5545=CARTESIAN_POINT('',(10.2839642858225,1.98980536558891,7.3001233062265));
#5546=CARTESIAN_POINT('Origin',(10.1513928213288,-2.01006516761923,8.55));
#5547=CARTESIAN_POINT('Origin',(3.48935484687624,-5.49207398728945,8.55));
#5548=CARTESIAN_POINT('',(5.86701389458684,-6.85900104428437,8.55));
#5549=CARTESIAN_POINT('',(6.3838098320569,-7.15610939148541,8.55));
#5550=CARTESIAN_POINT('',(3.5031415048673,-5.5,8.55));
#5551=CARTESIAN_POINT('Origin',(-0.0197366766524028,-3.87752253850098,6.2));
#5552=CARTESIAN_POINT('',(0.178648830426569,-5.50610449176002,6.2));
#5553=CARTESIAN_POINT('',(-0.189567106574257,-5.506780616322,6.2));
#5554=CARTESIAN_POINT('',(-1.79024467137903,-5.50971980854219,6.2));
#5555=CARTESIAN_POINT('',(-0.18795899379555,-3.8847332314444,6.2));
#5556=CARTESIAN_POINT('',(0.180255910973537,-3.88509828310638,6.2));
#5557=CARTESIAN_POINT('Origin',(0.178646524158975,-5.50843074360602,4.2));
#5558=CARTESIAN_POINT('Origin',(0.178648830426569,-5.50610449176002,4.2));
#5559=CARTESIAN_POINT('Origin',(10.4574358573759,1.98963338426853,6.93969635900251));
#5560=CARTESIAN_POINT('Origin',(2.8434259527662,-5.5012113812681,8.55));
#5561=CARTESIAN_POINT('',(-3.54882414941669,-5.51294894302504,5.4));
#5562=CARTESIAN_POINT('',(-3.54882414941669,-5.51294894302504,8.55));
#5563=CARTESIAN_POINT('',(-1.78957080560352,-5.50971857117804,5.4));
#5564=CARTESIAN_POINT('',(0.0101109739017104,-5.5064139639283,5.4));
#5565=CARTESIAN_POINT('Origin',(-0.189567106574257,-5.506780616322,4.2));
#5566=CARTESIAN_POINT('Origin',(-10.1553584563735,-1.98993286659762,8.55));
#5567=CARTESIAN_POINT('',(-10.6566610313829,-2.48943611631152,7.30384566339278));
#5568=CARTESIAN_POINT('',(-10.6566610313829,-2.48943611631152,8.1863133559884));
#5569=CARTESIAN_POINT('',(-11.0574165973517,-2.88875297108917,7.20958995796985));
#5570=CARTESIAN_POINT('',(-8.85948996151806,-0.698715632435198,7.72653138903771));
#5571=CARTESIAN_POINT('',(-11.0574167385654,-2.88875282773556,8.55));
#5572=CARTESIAN_POINT('Origin',(-11.6018612850349,-1.87166325510219,8.55));
#5573=CARTESIAN_POINT('',(-11.5999885984578,0.0172505110314664,7.08117523577412));
#5574=CARTESIAN_POINT('',(-11.6023279322562,-2.34221847160026,7.0811752202141));
#5575=CARTESIAN_POINT('',(-11.6018612850349,-1.87166325510219,7.08117523577412));
#5576=CARTESIAN_POINT('',(-11.5976517168505,2.37438164633756,7.08062506905312));
#5577=CARTESIAN_POINT('',(-11.6019659008855,-1.97718562213465,7.08164074758685));
#5578=CARTESIAN_POINT('',(-11.5976517168505,2.37438164633756,0.));
#5579=CARTESIAN_POINT('',(-11.5976517168505,2.37438164633756,8.55));
#5580=CARTESIAN_POINT('',(-11.6023279352934,-2.34221846564435,3.70074341541719E-16));
#5581=CARTESIAN_POINT('',(-11.6018612850349,-1.87166325510219,0.));
#5582=CARTESIAN_POINT('',(-11.6023280534579,-2.34221840808532,8.55));
#5583=CARTESIAN_POINT('Origin',(-6.31224328142204,-7.64806053646102,8.55));
#5584=CARTESIAN_POINT('',(-6.87992514650906,-7.07868774092178,0.));
#5585=CARTESIAN_POINT('',(-6.31224328142204,-7.64806053646102,0.));
#5586=CARTESIAN_POINT('',(-6.87992514650906,-7.07868774092178,8.55));
#5587=CARTESIAN_POINT('',(-13.6261789339034,-0.312339166871254,6.60423101649375));
#5588=CARTESIAN_POINT('Origin',(-0.189568380610113,-5.50806569194404,4.2));
#5589=CARTESIAN_POINT('',(-1.78795076073979,-3.8756357074723,5.4));
#5590=CARTESIAN_POINT('Ctrl Pts',(-0.0042382350248318,-4.27496014555254,
6.19150807496751));
#5591=CARTESIAN_POINT('Ctrl Pts',(-0.0661545269940388,-4.27466338733313,
6.19723203114166));
#5592=CARTESIAN_POINT('Ctrl Pts',(-0.127705627908852,-4.27301598016659,
6.2));
#5593=CARTESIAN_POINT('Ctrl Pts',(-0.446039462377378,-4.25776373782133,
6.2));
#5594=CARTESIAN_POINT('Ctrl Pts',(-0.716876236947738,-4.21926286031772,
6.14728708024526));
#5595=CARTESIAN_POINT('Ctrl Pts',(-1.20920110475599,-4.10340339614429,5.94035558112829));
#5596=CARTESIAN_POINT('Ctrl Pts',(-1.43101796762868,-4.02700804348258,5.78638121581073));
#5597=CARTESIAN_POINT('Ctrl Pts',(-1.66982029487643,-3.92907751342467,5.54627908009644));
#5598=CARTESIAN_POINT('Ctrl Pts',(-1.73114323694128,-3.90208104323732,5.47577828535769));
#5599=CARTESIAN_POINT('Ctrl Pts',(-1.78795076073979,-3.8756357074723,5.4));
#5600=CARTESIAN_POINT('',(-1.78956759429686,-5.50647943792616,5.4));
#5601=CARTESIAN_POINT('Origin',(-11.4179831984939,2.01132087703309,7.12355890580329));
#5602=CARTESIAN_POINT('',(-10.5471128360896,0.0156847642378922,7.32905162512939));
#5603=CARTESIAN_POINT('',(-11.420897088483,0.0169841814534433,7.12333838402332));
#5604=CARTESIAN_POINT('',(-10.5311864567489,-2.48956051296526,7.33338587159471));
#5605=CARTESIAN_POINT('',(-8.26005169512946,-2.49181213697228,7.86807422506053));
#5606=CARTESIAN_POINT('Origin',(-13.9464178113068,-1760.59263840359,6.93969635900251));
#5607=CARTESIAN_POINT('Origin',(-8.33497397299346,-2.4917378583331,8.1863133559884));
#5608=CARTESIAN_POINT('',(-10.286943565145,-2.48980265762685,7.3001233062265));
#5609=CARTESIAN_POINT('Origin',(-10.4604152219503,-2.48963067622196,6.93969635900251));
#5610=CARTESIAN_POINT('',(-8.33745658986818,-2.49173539704377,7.03872765540249));
#5611=CARTESIAN_POINT('Origin',(-8.33745658986818,-2.49173539704377,8.1863133559884));
#5612=CARTESIAN_POINT('',(-9.74383445914359,-2.49034110101743,7.03872765540249));
#5613=CARTESIAN_POINT('',(-9.74135115111039,-2.49034356299198,7.03872765540249));
#5614=CARTESIAN_POINT('',(-10.3372688548198,-2.48975276466924,7.32434461222581));
#5615=CARTESIAN_POINT('Origin',(-3.50023776274726,-5.48514444053374,8.55));
#5616=CARTESIAN_POINT('',(-6.39798653499421,-7.14343740035599,-7.83440189611081E-18));
#5617=CARTESIAN_POINT('',(-6.39798653499421,-7.14343740035598,8.55));
#5618=CARTESIAN_POINT('',(-5.8806025020853,-6.84735434874209,-1.26633041942996E-17));
#5619=CARTESIAN_POINT('',(-3.50023776274726,-5.48514444053374,-3.48799711750928E-17));
#5620=CARTESIAN_POINT('',(-5.8806025020853,-6.84735434874209,5.4));
#5621=CARTESIAN_POINT('',(-5.8806025020853,-6.84735434874209,8.55));
#5622=CARTESIAN_POINT('',(-3.50023776274726,-5.48514444053374,5.4));
#5623=CARTESIAN_POINT('Origin',(-10.4594032580818,-1.97926481294318,6.93969635900251));
#5624=CARTESIAN_POINT('',(-10.2770092678185,2.52038237856313,7.3001233062265));
#5625=CARTESIAN_POINT('',(-10.5421454280465,2.52090809596252,7.32905162512939));
#5626=CARTESIAN_POINT('Origin',(-10.4504805836163,2.52072634103483,6.93969635900251));
#5627=CARTESIAN_POINT('',(-10.551068102512,-1.97908305801549,7.32905162512939));
#5628=CARTESIAN_POINT('',(-10.285931942284,-1.97960877541489,7.3001233062265));
#5629=CARTESIAN_POINT('Origin',(-0.173185329864367,5.50860514824015,4.2));
#5630=CARTESIAN_POINT('',(-1.77641579095498,3.88096617609898,5.4));
#5631=CARTESIAN_POINT('Ctrl Pts',(-0.175639909403286,4.27068189389258,6.2));
#5632=CARTESIAN_POINT('Ctrl Pts',(-0.433373893960674,4.25910136839777,6.2));
#5633=CARTESIAN_POINT('Ctrl Pts',(-0.704323980694424,4.22140619097265,6.14728708031385));
#5634=CARTESIAN_POINT('Ctrl Pts',(-1.19699126269171,4.10701152478871,5.94035558132022));
#5635=CARTESIAN_POINT('Ctrl Pts',(-1.41903436125948,4.0312762436152,5.78638121605419));
#5636=CARTESIAN_POINT('Ctrl Pts',(-1.65812689959037,3.93405639894015,5.54627908030246));
#5637=CARTESIAN_POINT('Ctrl Pts',(-1.71952986402681,3.90724243646081,5.47577828546525));
#5638=CARTESIAN_POINT('Ctrl Pts',(-1.77641579095498,3.88096617609898,5.4));
#5639=CARTESIAN_POINT('',(-1.7732055383085,5.49999999999763,5.39999999963909));
#5640=CARTESIAN_POINT('',(-1.77318218461211,5.51177765471679,5.4));
#5641=CARTESIAN_POINT('Origin',(-0.173202392328236,5.5,4.2));
#5642=CARTESIAN_POINT('Origin',(-3.48390824177949,5.49553066519886,8.55));
#5643=CARTESIAN_POINT('',(-6.37671206521382,7.16243483964276,-7.83440189611081E-18));
#5644=CARTESIAN_POINT('',(-5.86021093753938,6.86481428243423,-1.26633041942996E-17));
#5645=CARTESIAN_POINT('',(-3.48390824177949,5.49553066519886,-3.48799711750928E-17));
#5646=CARTESIAN_POINT('',(-6.37671206521382,7.16243483964276,8.55));
#5647=CARTESIAN_POINT('',(-3.49166448175967,5.5,5.4));
#5648=CARTESIAN_POINT('',(-3.49166448175967,5.5,8.55));
#5649=CARTESIAN_POINT('',(-5.86021093753938,6.86481428243423,5.4));
#5650=CARTESIAN_POINT('',(-3.48390824177949,5.49553066519886,5.4));
#5651=CARTESIAN_POINT('',(-5.86021093753938,6.86481428243423,8.55));
#5652=CARTESIAN_POINT('Origin',(-10.1493950362518,2.02012835956235,8.55));
#5653=CARTESIAN_POINT('',(-10.6492097602483,2.52112038530942,7.30384566339278));
#5654=CARTESIAN_POINT('',(-10.6492097602483,2.52112038530942,8.1863133559884));
#5655=CARTESIAN_POINT('',(-11.0487758965431,2.92162741008046,7.20958995796985));
#5656=CARTESIAN_POINT('',(-11.0487760381825,2.92162726714748,8.55));
#5657=CARTESIAN_POINT('',(-8.85737264023737,0.72506263537925,7.72653138903771));
#5658=CARTESIAN_POINT('Origin',(-10.3366678524193,-1.97950817521494,7.32454228976765));
#5659=CARTESIAN_POINT('',(-9.7339012294516,2.51930549284043,7.03872765540249));
#5660=CARTESIAN_POINT('',(-9.74282390391714,-1.98068566113758,7.03872765540249));
#5661=CARTESIAN_POINT('',(-10.3277451779537,2.52048297876308,7.32454228976765));
#5662=CARTESIAN_POINT('Origin',(-9.74282390391714,-1.98068566113758,7.03872765540249));
#5663=CARTESIAN_POINT('',(-8.32752612480942,2.51651690352864,7.03872765540249));
#5664=CARTESIAN_POINT('',(-8.33644879927497,-1.98347425044938,7.03872765540249));
#5665=CARTESIAN_POINT('',(-9.73390122945159,2.51930549284043,7.03872765540249));
#5666=CARTESIAN_POINT('Origin',(-8.32752612480942,2.51651690352864,8.1863133559884));
#5667=CARTESIAN_POINT('Origin',(-8.32752612480942,2.51651690352864,8.1863133559884));
#5668=CARTESIAN_POINT('',(-8.25260395740615,2.51636834632327,7.86807422506053));
#5669=CARTESIAN_POINT('Origin',(-11.4239148122267,-1.97735235971352,7.12355890580329));
#5670=CARTESIAN_POINT('',(-13.6251896990468,0.352865071809447,6.60423101649375));
#5671=CARTESIAN_POINT('Origin',(-6.28946832945708,7.66680072429084,8.55));
#5672=CARTESIAN_POINT('',(-6.85884112499632,7.09911885920381,0.));
#5673=CARTESIAN_POINT('',(-6.85884112499632,7.09911885920381,8.55));
#5674=CARTESIAN_POINT('',(-6.28946832945708,7.66680072429084,0.));
#5675=CARTESIAN_POINT('Origin',(5.63743436729965,6.98767472813721,0.));
#5676=CARTESIAN_POINT('Origin',(-6.57641934430449,6.8158558404547,0.));
#5677=CARTESIAN_POINT('',(-5.78756234172533,6.22528088849353,0.));
#5678=CARTESIAN_POINT('Origin',(-6.05991821663005,6.51823528324617,0.));
#5679=CARTESIAN_POINT('',(-5.80605211305998,-6.20803985654343,0.));
#5680=CARTESIAN_POINT('Origin',(0.,0.,0.));
#5681=CARTESIAN_POINT('Origin',(-6.07927809485104,-6.50018290861606,0.));
#5682=CARTESIAN_POINT('Origin',(-6.59666212775995,-6.79626596022995,0.));
#5683=CARTESIAN_POINT('Origin',(-8.33644879927497,-1.98347425044938,8.1863133559884));
#5684=CARTESIAN_POINT('Origin',(0.,0.,5.4));
#5685=CARTESIAN_POINT('',(-5.80605211305998,-6.20803985654343,5.4));
#5686=CARTESIAN_POINT('Origin',(-6.07927809485104,-6.50018290861606,5.4));
#5687=CARTESIAN_POINT('',(-5.78756234172533,6.22528088849353,5.4));
#5688=CARTESIAN_POINT('Origin',(0.,0.,5.4));
#5689=CARTESIAN_POINT('Origin',(-6.05991821663005,6.51823528324617,5.4));
#5690=CARTESIAN_POINT('',(-2.8379626697582,5.5,5.4));
#5691=CARTESIAN_POINT('Origin',(0.0162511511508237,-9.24699777773131E-6,
5.4));
#5692=CARTESIAN_POINT('Origin',(0.,0.,5.91));
#5693=CARTESIAN_POINT('',(-5.80605211305998,-6.20803985654343,5.91));
#5694=CARTESIAN_POINT('',(-5.78756234172533,6.22528088849353,5.91));
#5695=CARTESIAN_POINT('Origin',(-2.8379626697582,5.5,8.55));
#5696=CARTESIAN_POINT('Origin',(0.0162511511508237,-9.24699777773131E-6,
1.11));
#5697=CARTESIAN_POINT('Origin',(0.0162511511508237,-9.24699777773131E-6,
1.11));
#5698=CARTESIAN_POINT('Origin',(-6.05991821663005,6.51823528324617,5.91));
#5699=CARTESIAN_POINT('Origin',(6.0728307689306,6.5062067636934,5.91));
#5700=CARTESIAN_POINT('Origin',(6.58992100824191,6.80280260886164,8.55));
#5701=CARTESIAN_POINT('Origin',(6.58317341154604,-6.80933257107597,8.55));
#5702=CARTESIAN_POINT('Origin',(6.06637747407598,-6.51222422387494,5.91));
#5703=CARTESIAN_POINT('Origin',(-6.07927809485104,-6.50018290861606,5.91));
#5704=CARTESIAN_POINT('Origin',(-6.59666212775995,-6.79626596022995,8.55));
#5705=CARTESIAN_POINT('Origin',(-6.57641934430449,6.8158558404547,8.55));
#5706=CARTESIAN_POINT('',(0.,0.,0.));
#5707=CARTESIAN_POINT('Origin',(-0.447946149335429,-2.25,7.2763256723036));
#5708=CARTESIAN_POINT('',(-0.44794614933543,-2.25,7.27632567230361));
#5709=CARTESIAN_POINT('',(-0.44794614933543,2.25,7.27632567230361));
#5710=CARTESIAN_POINT('',(-0.447946149335429,-2.25,7.2763256723036));
#5711=CARTESIAN_POINT('',(-0.0297131452265953,-2.25,1.72875211023633));
#5712=CARTESIAN_POINT('',(-0.447946149335429,-2.25,7.2763256723036));
#5713=CARTESIAN_POINT('',(-0.0297131452265953,2.25,1.72875211023633));
#5714=CARTESIAN_POINT('',(-0.0297131452265962,-2.25,1.72875211023635));
#5715=CARTESIAN_POINT('',(-0.447946149335429,2.25,7.2763256723036));
#5716=CARTESIAN_POINT('Origin',(-2.75983448128986,2.25,-7.78308767855908));
#5717=CARTESIAN_POINT('',(-0.500000366057724,2.25,0.00250123607425197));
#5718=CARTESIAN_POINT('',(-0.500000366057724,2.25,0.93939445156676));
#5719=CARTESIAN_POINT('',(-0.500000366057724,2.25,0.939394451566759));
#5720=CARTESIAN_POINT('',(-0.528298250980459,2.25,1.69116365029968));
#5721=CARTESIAN_POINT('Origin',(-10.5000003660577,2.25,0.939394451566759));
#5722=CARTESIAN_POINT('',(-0.94326620316148,2.25,7.19542854094325));
#5723=CARTESIAN_POINT('',(-0.94326620316148,2.25,7.19542854094325));
#5724=CARTESIAN_POINT('',(-0.946391771627875,2.25,7.21379697010842));
#5725=CARTESIAN_POINT('Origin',(-1.04298322431225,2.25,7.18791084895592));
#5726=CARTESIAN_POINT('',(-1.11250526818447,2.25,7.47116091885594));
#5727=CARTESIAN_POINT('Origin',(-1.42934903504975,2.25,7.0843663643459));
#5728=CARTESIAN_POINT('',(-2.32189962943296,2.25,7.37270502202495));
#5729=CARTESIAN_POINT('Origin',(-1.66618418390107,2.25,6.79524423075122));
#5730=CARTESIAN_POINT('',(-2.44905611690983,2.25,7.26904123951363));
#5731=CARTESIAN_POINT('Origin',(-2.69713398612718,2.25,7.70315801044581));
#5732=CARTESIAN_POINT('',(-3.21424347853572,2.25,7.24619981575564));
#5733=CARTESIAN_POINT('Origin',(-2.85309635543968,2.25,7.97607989729722));
#5734=CARTESIAN_POINT('',(-2.99250168099191,2.25,7.69434106047882));
#5735=CARTESIAN_POINT('',(-2.99250168099191,2.25,7.69434106047882));
#5736=CARTESIAN_POINT('',(-2.71632361306621,2.25,7.6930536901931));
#5737=CARTESIAN_POINT('Origin',(-2.85309635543968,2.25,7.97607989729722));
#5738=CARTESIAN_POINT('',(-2.68562536735711,2.25,7.71606158481397));
#5739=CARTESIAN_POINT('Origin',(-2.75983448128986,2.25,7.78309148418221));
#5740=CARTESIAN_POINT('',(-0.795661501319194,2.25,7.85795547336599));
#5741=CARTESIAN_POINT('Origin',(-1.66618418390107,2.25,6.79524423075122));
#5742=CARTESIAN_POINT('Origin',(-1.42934903504975,2.25,7.0843663643459));
#5743=CARTESIAN_POINT('',(-3.6605771192022E-7,2.25,0.93939445156676));
#5744=CARTESIAN_POINT('Origin',(-10.5000003660577,2.25,0.939394451566759));
#5745=CARTESIAN_POINT('',(-3.66057724063285E-7,2.25,0.00250123607425137));
#5746=CARTESIAN_POINT('',(-3.66057724063285E-7,2.25,0.939394451566759));
#5747=CARTESIAN_POINT('',(-2.75983448128986,2.25,0.00250123607425154));
#5748=CARTESIAN_POINT('Origin',(-1.42934903504975,-2.25,7.0843663643459));
#5749=CARTESIAN_POINT('',(-0.795661501319194,-2.25,7.85795547336599));
#5750=CARTESIAN_POINT('Origin',(-1.42934903504975,-2.25,7.0843663643459));
#5751=CARTESIAN_POINT('',(-0.7956615013192,-2.25,7.85795547336599));
#5752=CARTESIAN_POINT('Origin',(-2.75983448128986,-2.25,-7.78308767855908));
#5753=CARTESIAN_POINT('',(-3.21424347853572,-2.25,-7.24619601013252));
#5754=CARTESIAN_POINT('',(-2.99250168099191,-2.25,-7.6943372548557));
#5755=CARTESIAN_POINT('',(-2.99250168099191,-2.25,-7.6943372548557));
#5756=CARTESIAN_POINT('',(-2.71632361306621,-2.25,-7.69304988456998));
#5757=CARTESIAN_POINT('Origin',(-2.85309635543968,-2.25,-7.9760760916741));
#5758=CARTESIAN_POINT('',(-2.68562536735711,-2.25,-7.71605777919084));
#5759=CARTESIAN_POINT('Origin',(-2.75983448128986,-2.25,-7.78308767855908));
#5760=CARTESIAN_POINT('',(-0.795661501319191,-2.25,-7.85795166774286));
#5761=CARTESIAN_POINT('Origin',(-1.66618418390107,-2.25,-6.7952404251281));
#5762=CARTESIAN_POINT('',(-0.447946149335429,-2.25,-7.27632186668049));
#5763=CARTESIAN_POINT('Origin',(-1.42934903504975,-2.25,-7.08436255872278));
#5764=CARTESIAN_POINT('',(-0.0297131452265953,-2.25,-1.72874830461321));
#5765=CARTESIAN_POINT('',(-0.447946149335429,-2.25,-7.27632186668048));
#5766=CARTESIAN_POINT('',(-3.66057724063284E-7,-2.25,-0.939390645943633));
#5767=CARTESIAN_POINT('Origin',(-10.5000003660577,-2.25,-0.939390645943633));
#5768=CARTESIAN_POINT('',(-3.6605771192022E-7,-2.25,0.93939445156676));
#5769=CARTESIAN_POINT('',(-3.66057724063284E-7,-2.25,-7.78308767855908));
#5770=CARTESIAN_POINT('Origin',(-10.5000003660577,-2.25,0.939394451566759));
#5771=CARTESIAN_POINT('',(-2.68562536735711,-2.25,7.71606158481397));
#5772=CARTESIAN_POINT('Origin',(-1.66618418390107,-2.25,6.79524423075122));
#5773=CARTESIAN_POINT('',(-2.71632361306621,-2.25,7.6930536901931));
#5774=CARTESIAN_POINT('Origin',(-2.75983448128986,-2.25,7.78309148418221));
#5775=CARTESIAN_POINT('',(-2.99250168099191,-2.25,7.69434106047882));
#5776=CARTESIAN_POINT('Origin',(-2.85309635543968,-2.25,7.97607989729722));
#5777=CARTESIAN_POINT('',(-3.21424347853572,-2.25,7.24619981575564));
#5778=CARTESIAN_POINT('',(-2.99250168099191,-2.25,7.69434106047882));
#5779=CARTESIAN_POINT('',(-2.44905611690983,-2.25,7.26904123951363));
#5780=CARTESIAN_POINT('Origin',(-2.85309635543968,-2.25,7.97607989729722));
#5781=CARTESIAN_POINT('',(-2.32189962943296,-2.25,7.37270502202495));
#5782=CARTESIAN_POINT('Origin',(-2.69713398612718,-2.25,7.70315801044581));
#5783=CARTESIAN_POINT('',(-1.11250526818447,-2.25,7.47116091885594));
#5784=CARTESIAN_POINT('Origin',(-1.66618418390107,-2.25,6.79524423075122));
#5785=CARTESIAN_POINT('',(-0.946391771627875,-2.25,7.21379697010842));
#5786=CARTESIAN_POINT('Origin',(-1.42934903504975,-2.25,7.0843663643459));
#5787=CARTESIAN_POINT('',(-0.94326620316148,-2.25,7.19542854094325));
#5788=CARTESIAN_POINT('Origin',(-1.04298322431225,-2.25,7.18791084895592));
#5789=CARTESIAN_POINT('',(-0.528298250980459,-2.25,1.69116365029968));
#5790=CARTESIAN_POINT('',(-0.94326620316148,-2.25,7.19542854094325));
#5791=CARTESIAN_POINT('',(-0.500000366057724,-2.25,0.93939445156676));
#5792=CARTESIAN_POINT('Origin',(-10.5000003660577,-2.25,0.939394451566759));
#5793=CARTESIAN_POINT('',(-0.500000366057724,-2.25,-0.939390645943633));
#5794=CARTESIAN_POINT('',(-0.500000366057724,-2.25,-7.78308767855908));
#5795=CARTESIAN_POINT('',(-0.528298250980459,-2.25,-1.69115984467656));
#5796=CARTESIAN_POINT('Origin',(-10.5000003660577,-2.25,-0.939390645943633));
#5797=CARTESIAN_POINT('',(-0.94326620316148,-2.25,-7.19542473532012));
#5798=CARTESIAN_POINT('',(-0.528298250980459,-2.25,-1.69115984467658));
#5799=CARTESIAN_POINT('',(-0.946391771627874,-2.25,-7.21379316448529));
#5800=CARTESIAN_POINT('Origin',(-1.04298322431225,-2.25,-7.18790704333279));
#5801=CARTESIAN_POINT('',(-1.11250526818447,-2.25,-7.47115711323282));
#5802=CARTESIAN_POINT('Origin',(-1.42934903504975,-2.25,-7.08436255872278));
#5803=CARTESIAN_POINT('',(-2.32189962943296,-2.25,-7.37270121640182));
#5804=CARTESIAN_POINT('Origin',(-1.66618418390107,-2.25,-6.7952404251281));
#5805=CARTESIAN_POINT('',(-2.44905611690983,-2.25,-7.2690374338905));
#5806=CARTESIAN_POINT('Origin',(-2.69713398612718,-2.25,-7.70315420482268));
#5807=CARTESIAN_POINT('Origin',(-2.85309635543968,-2.25,-7.9760760916741));
#5808=CARTESIAN_POINT('Origin',(-10.5000003660577,-2.25,0.939394451566759));
#5809=CARTESIAN_POINT('',(-3.66057699777156E-7,-2.25,0.93939445156676));
#5810=CARTESIAN_POINT('Origin',(-3.21424347853571,2.25025201061553,0.00275324668978278));
#5811=CARTESIAN_POINT('',(-3.66057724063285E-7,2.24750000008888,1.2361631351209E-6));
#5812=CARTESIAN_POINT('',(-3.66057724063284E-7,2.25025201061553,0.00275324668978278));
#5813=CARTESIAN_POINT('',(-0.500000366057725,2.24750009280004,1.52082397286169E-6));
#5814=CARTESIAN_POINT('',(-3.21424347853571,2.24750000008888,1.23616313442083E-6));
#5815=CARTESIAN_POINT('',(-0.500000366057725,2.25025201061553,0.00275324668978278));
#5816=CARTESIAN_POINT('Origin',(-0.94326620316148,-2.25,7.19542854094325));
#5817=CARTESIAN_POINT('',(-0.528298250980459,-2.25,1.6911636502997));
#5818=CARTESIAN_POINT('',(-0.94326620316148,-2.25,7.19542854094325));
#5819=CARTESIAN_POINT('Origin',(-1.66618418390107,-2.25,6.79524423075122));
#5820=CARTESIAN_POINT('',(-2.68562536735711,-2.25,7.71606158481397));
#5821=CARTESIAN_POINT('Origin',(-0.94326620316148,-2.25,-7.19542473532012));
#5822=CARTESIAN_POINT('',(-0.94326620316148,-0.35,-7.19542473532012));
#5823=CARTESIAN_POINT('',(-0.715022064565568,-0.35,-4.16792299219608));
#5824=CARTESIAN_POINT('',(-0.94326620316148,-0.35,-7.19542473532012));
#5825=CARTESIAN_POINT('',(-0.94326620316148,-2.25,-7.19542473532012));
#5826=CARTESIAN_POINT('',(-0.528298250980457,2.25,-1.69115984467656));
#5827=CARTESIAN_POINT('',(-0.52829825098046,-2.25,-1.69115984467658));
#5828=CARTESIAN_POINT('',(-0.94326620316148,2.25,-7.19542473532012));
#5829=CARTESIAN_POINT('',(-0.94326620316148,2.25,-7.19542473532012));
#5830=CARTESIAN_POINT('',(-0.94326620316148,0.35,-7.19542473532012));
#5831=CARTESIAN_POINT('',(-0.94326620316148,-2.25,-7.19542473532012));
#5832=CARTESIAN_POINT('',(-0.715022064565568,0.35,-4.16792299219608));
#5833=CARTESIAN_POINT('',(-0.94326620316148,0.35,-7.19542473532012));
#5834=CARTESIAN_POINT('',(-0.715022064565569,-2.25,-4.16792299219608));
#5835=CARTESIAN_POINT('Origin',(-0.500000366057724,-2.25,0.939394451566759));
#5836=CARTESIAN_POINT('',(-0.500000366057724,2.25,1.90281156349626E-6));
#5837=CARTESIAN_POINT('',(-0.500000366057724,-2.25,1.90281156380468E-6));
#5838=CARTESIAN_POINT('',(-0.500000366057724,2.25,-0.939390645943633));
#5839=CARTESIAN_POINT('',(-0.500000366057724,2.25,0.939394451566759));
#5840=CARTESIAN_POINT('',(-0.500000366057724,-2.25,-0.939390645943633));
#5841=CARTESIAN_POINT('',(-0.500000366057724,-2.25,0.93939445156676));
#5842=CARTESIAN_POINT('Origin',(-3.66057724063285E-7,-2.25,0.939394451566759));
#5843=CARTESIAN_POINT('',(-3.66057724063285E-7,2.25,-0.939390645943633));
#5844=CARTESIAN_POINT('',(-3.66057724063285E-7,-2.25,-0.939390645943633));
#5845=CARTESIAN_POINT('',(-3.66057724086415E-7,2.25,1.56994249604325E-6));
#5846=CARTESIAN_POINT('',(-3.66057724063285E-7,2.25,0.939394451566759));
#5847=CARTESIAN_POINT('',(-3.66057724063285E-7,-2.25,1.23616313582944E-6));
#5848=CARTESIAN_POINT('Origin',(-0.447946149335429,-2.25,-7.27632186668048));
#5849=CARTESIAN_POINT('',(-0.27026031599251,-0.35,-4.91944131989666));
#5850=CARTESIAN_POINT('',(-0.44794614933543,-0.35,-7.27632186668049));
#5851=CARTESIAN_POINT('',(-0.447946149335429,-0.35,-7.27632186668048));
#5852=CARTESIAN_POINT('',(-0.213603155105771,-0.35,-4.16792299219608));
#5853=CARTESIAN_POINT('',(-0.213603155105771,-0.35,-4.16792299219608));
#5854=CARTESIAN_POINT('',(-0.213603155105772,0.35,-4.16792299219608));
#5855=CARTESIAN_POINT('',(-0.213603155105772,-2.25,-4.16792299219608));
#5856=CARTESIAN_POINT('',(-0.27026031599251,0.35,-4.91944131989666));
#5857=CARTESIAN_POINT('',(-0.27026031599251,0.35,-4.91944131989666));
#5858=CARTESIAN_POINT('',(-0.44794614933543,0.35,-7.27632186668049));
#5859=CARTESIAN_POINT('',(-0.447946149335429,0.35,-7.27632186668048));
#5860=CARTESIAN_POINT('',(-0.44794614933543,2.25,-7.27632186668049));
#5861=CARTESIAN_POINT('',(-0.447946149335429,-2.25,-7.27632186668048));
#5862=CARTESIAN_POINT('',(-0.0297131452265953,2.25,-1.72874830461321));
#5863=CARTESIAN_POINT('',(-0.447946149335429,2.25,-7.27632186668048));
#5864=CARTESIAN_POINT('',(-0.0297131452265962,-2.25,-1.72874830461322));
#5865=CARTESIAN_POINT('',(-0.447946149335429,-2.25,-7.27632186668048));
#5866=CARTESIAN_POINT('Origin',(-1.66618418390107,-2.25,-6.7952404251281));
#5867=CARTESIAN_POINT('',(-2.68562536735711,-0.35,-7.71605777919084));
#5868=CARTESIAN_POINT('',(-2.68562536735711,-2.25,-7.71605777919084));
#5869=CARTESIAN_POINT('',(-0.795661501319191,-0.35,-7.85795166774286));
#5870=CARTESIAN_POINT('Origin',(-1.66618418390107,-0.35,-6.7952404251281));
#5871=CARTESIAN_POINT('',(-0.795661501319192,-2.25,-7.85795166774287));
#5872=CARTESIAN_POINT('Origin',(-3.21424347853571,2.24750000008888,1.23616313585711E-6));
#5873=CARTESIAN_POINT('',(-3.21424347853571,2.25,1.90281156320469E-6));
#5874=CARTESIAN_POINT('Origin',(-10.5000003660577,-2.25,0.939394451566759));
#5875=CARTESIAN_POINT('Origin',(-1.04298322431225,-2.25,7.18791084895592));
#5876=CARTESIAN_POINT('',(-0.946391771627874,-2.25,7.21379697010842));
#5877=CARTESIAN_POINT('Origin',(-2.75983448128986,-2.25,7.78309148418221));
#5878=CARTESIAN_POINT('',(-2.71632361306621,-2.25,7.69305369019311));
#5879=CARTESIAN_POINT('Origin',(0.0627962391330729,-7.91705461995897,-5.48221027685111));
#5880=CARTESIAN_POINT('',(0.0627962391330729,0.350000000000005,-5.48221027685111));
#5881=CARTESIAN_POINT('',(-0.197109196155947,0.35,-5.04304549095088));
#5882=CARTESIAN_POINT('',(0.0627962391330727,0.35,-5.48221027685111));
#5883=CARTESIAN_POINT('',(-0.197109196155948,-0.35,-5.04304549095088));
#5884=CARTESIAN_POINT('',(-0.197109196155952,-7.91705461995897,-5.04304549095088));
#5885=CARTESIAN_POINT('',(-0.27026031599251,-0.35,-4.91944131989666));
#5886=CARTESIAN_POINT('',(0.0627962391330729,-0.349999999999995,-5.48221027685111));
#5887=CARTESIAN_POINT('Origin',(-3.21424347853571,-0.35,-4.16792299219608));
#5888=CARTESIAN_POINT('Origin',(-1.42934903504975,-0.35,-7.08436255872278));
#5889=CARTESIAN_POINT('',(-2.71632361306621,-0.35,-7.69304988456998));
#5890=CARTESIAN_POINT('Origin',(-2.75983448128986,-0.35,-7.78308767855908));
#5891=CARTESIAN_POINT('',(-2.99250168099191,-0.35,-7.6943372548557));
#5892=CARTESIAN_POINT('Origin',(-2.85309635543968,-0.35,-7.9760760916741));
#5893=CARTESIAN_POINT('',(-3.21424347853572,-0.35,-7.24619601013252));
#5894=CARTESIAN_POINT('',(-2.99250168099191,-0.35,-7.6943372548557));
#5895=CARTESIAN_POINT('',(-2.44905611690983,-0.35,-7.2690374338905));
#5896=CARTESIAN_POINT('Origin',(-2.85309635543968,-0.35,-7.9760760916741));
#5897=CARTESIAN_POINT('',(-2.32189962943296,-0.35,-7.37270121640182));
#5898=CARTESIAN_POINT('Origin',(-2.69713398612718,-0.35,-7.70315420482268));
#5899=CARTESIAN_POINT('',(-1.11250526818447,-0.35,-7.47115711323282));
#5900=CARTESIAN_POINT('Origin',(-1.66618418390107,-0.35,-6.7952404251281));
#5901=CARTESIAN_POINT('',(-0.946391771627874,-0.35,-7.21379316448529));
#5902=CARTESIAN_POINT('Origin',(-1.42934903504975,-0.35,-7.08436255872278));
#5903=CARTESIAN_POINT('Origin',(-1.04298322431225,-0.35,-7.18790704333279));
#5904=CARTESIAN_POINT('Origin',(-1.04298322431225,-2.25,-7.18790704333279));
#5905=CARTESIAN_POINT('',(-0.946391771627874,-2.25,-7.21379316448529));
#5906=CARTESIAN_POINT('Origin',(-10.5000003660577,-2.25,-0.939390645943633));
#5907=CARTESIAN_POINT('Origin',(-10.5000003660577,2.25,-0.939390645943633));
#5908=CARTESIAN_POINT('Origin',(-2.75983448128986,2.25,-7.78308767855908));
#5909=CARTESIAN_POINT('Origin',(-10.5000003660577,2.25,-0.939390645943633));
#5910=CARTESIAN_POINT('',(-0.795661501319193,2.25,-7.85795166774286));
#5911=CARTESIAN_POINT('Origin',(-1.42934903504975,2.25,-7.08436255872278));
#5912=CARTESIAN_POINT('',(-2.68562536735711,2.25,-7.71605777919084));
#5913=CARTESIAN_POINT('Origin',(-1.66618418390107,2.25,-6.7952404251281));
#5914=CARTESIAN_POINT('',(-2.71632361306621,2.25,-7.69304988456998));
#5915=CARTESIAN_POINT('Origin',(-2.75983448128986,2.25,-7.78308767855908));
#5916=CARTESIAN_POINT('',(-2.99250168099191,2.25,-7.6943372548557));
#5917=CARTESIAN_POINT('Origin',(-2.85309635543968,2.25,-7.9760760916741));
#5918=CARTESIAN_POINT('',(-3.21424347853572,2.25,-7.24619601013252));
#5919=CARTESIAN_POINT('',(-2.99250168099191,2.25,-7.6943372548557));
#5920=CARTESIAN_POINT('',(-2.44905611690983,2.25,-7.2690374338905));
#5921=CARTESIAN_POINT('Origin',(-2.85309635543968,2.25,-7.9760760916741));
#5922=CARTESIAN_POINT('',(-2.32189962943296,2.25,-7.37270121640182));
#5923=CARTESIAN_POINT('Origin',(-2.69713398612718,2.25,-7.70315420482268));
#5924=CARTESIAN_POINT('',(-1.11250526818447,2.25,-7.47115711323282));
#5925=CARTESIAN_POINT('Origin',(-1.66618418390107,2.25,-6.7952404251281));
#5926=CARTESIAN_POINT('',(-0.946391771627874,2.25,-7.21379316448529));
#5927=CARTESIAN_POINT('Origin',(-1.42934903504975,2.25,-7.08436255872278));
#5928=CARTESIAN_POINT('Origin',(-1.04298322431225,2.25,-7.18790704333279));
#5929=CARTESIAN_POINT('Origin',(-1.04298322431225,-2.25,-7.18790704333279));
#5930=CARTESIAN_POINT('',(-0.946391771627874,0.35,-7.21379316448529));
#5931=CARTESIAN_POINT('Origin',(-1.04298322431225,0.35,-7.18790704333279));
#5932=CARTESIAN_POINT('',(-0.946391771627874,-2.25,-7.21379316448529));
#5933=CARTESIAN_POINT('Origin',(-3.21424347853571,0.35,-8.16898164022989));
#5934=CARTESIAN_POINT('',(-1.11250526818447,0.35,-7.47115711323282));
#5935=CARTESIAN_POINT('Origin',(-1.42934903504975,0.35,-7.08436255872278));
#5936=CARTESIAN_POINT('',(-2.32189962943296,0.35,-7.37270121640182));
#5937=CARTESIAN_POINT('Origin',(-1.66618418390107,0.35,-6.7952404251281));
#5938=CARTESIAN_POINT('',(-2.44905611690983,0.35,-7.2690374338905));
#5939=CARTESIAN_POINT('Origin',(-2.69713398612718,0.35,-7.70315420482268));
#5940=CARTESIAN_POINT('',(-3.21424347853572,0.35,-7.24619601013252));
#5941=CARTESIAN_POINT('Origin',(-2.85309635543968,0.35,-7.9760760916741));
#5942=CARTESIAN_POINT('',(-2.99250168099191,0.35,-7.6943372548557));
#5943=CARTESIAN_POINT('',(-2.99250168099191,0.35,-7.6943372548557));
#5944=CARTESIAN_POINT('',(-2.71632361306621,0.35,-7.69304988456998));
#5945=CARTESIAN_POINT('Origin',(-2.85309635543968,0.35,-7.9760760916741));
#5946=CARTESIAN_POINT('',(-2.68562536735711,0.35,-7.71605777919084));
#5947=CARTESIAN_POINT('Origin',(-2.75983448128986,0.35,-7.78308767855908));
#5948=CARTESIAN_POINT('',(-0.795661501319191,0.35,-7.85795166774286));
#5949=CARTESIAN_POINT('Origin',(-1.66618418390107,0.35,-6.7952404251281));
#5950=CARTESIAN_POINT('Origin',(-1.42934903504975,0.35,-7.08436255872278));
#5951=CARTESIAN_POINT('Origin',(-10.5000003660577,-2.25,-0.939390645943633));
#5952=CARTESIAN_POINT('Origin',(-1.42934903504975,-2.25,-7.08436255872278));
#5953=CARTESIAN_POINT('Origin',(0.534716085585087,-7.91705461995897,-5.34108155519723));
#5954=CARTESIAN_POINT('',(0.265128743528338,0.35,-4.91844281812746));
#5955=CARTESIAN_POINT('',(0.265128743528341,-0.349999999999996,-4.91844281812746));
#5956=CARTESIAN_POINT('',(0.265128743528341,-7.91705461995897,-4.91844281812746));
#5957=CARTESIAN_POINT('',(-0.213603155105772,0.35,-4.16792299219608));
#5958=CARTESIAN_POINT('',(0.534716085585087,-0.349999999999996,-5.34108155519723));
#5959=CARTESIAN_POINT('Origin',(-1.42934903504975,-2.25,-7.08436255872278));
#5960=CARTESIAN_POINT('',(-0.795661501319195,-2.25,-7.85795166774286));
#5961=CARTESIAN_POINT('Origin',(-2.75983448128986,-2.25,-7.78308767855908));
#5962=CARTESIAN_POINT('',(-2.71632361306621,-2.25,-7.69304988456998));
#5963=CARTESIAN_POINT('Origin',(-1.42934903504975,-2.25,7.0843663643459));
#5964=CARTESIAN_POINT('',(-1.11250526818448,-2.25,7.47116091885595));
#5965=CARTESIAN_POINT('Origin',(-2.85309635543968,-2.25,7.97607989729722));
#5966=CARTESIAN_POINT('',(-2.99250168099191,-2.25,7.69434106047882));
#5967=CARTESIAN_POINT('Origin',(-2.34856897784474,-7.91705461995897,-6.31631718535691));
#5968=CARTESIAN_POINT('',(0.145621990155623,0.35,-6.48664456173959));
#5969=CARTESIAN_POINT('Origin',(-2.34856897784474,0.35,-6.31631718535691));
#5970=CARTESIAN_POINT('',(0.145621990155621,-0.35,-6.48664456173959));
#5971=CARTESIAN_POINT('',(0.145621990155623,-7.91705461995897,-6.48664456173959));
#5972=CARTESIAN_POINT('Origin',(-2.34856897784474,-0.35,-6.31631718535691));
#5973=CARTESIAN_POINT('Origin',(-1.42934903504975,-2.25,-7.08436255872278));
#5974=CARTESIAN_POINT('',(-1.11250526818448,-2.25,-7.47115711323282));
#5975=CARTESIAN_POINT('Origin',(-1.66618418390107,-2.25,-6.7952404251281));
#5976=CARTESIAN_POINT('',(-2.68562536735711,-2.25,-7.71605777919084));
#5977=CARTESIAN_POINT('Origin',(-1.42934903504975,-2.25,-7.08436255872278));
#5978=CARTESIAN_POINT('',(-1.11250526818448,-2.25,-7.47115711323282));
#5979=CARTESIAN_POINT('Origin',(-3.21424347853571,-0.35,-4.16792299219608));
#5980=CARTESIAN_POINT('',(-0.176042895924099,-0.35,-11.1969481583874));
#5981=CARTESIAN_POINT('',(0.136284104342379,-0.35,-6.62338400404322));
#5982=CARTESIAN_POINT('',(0.323957104075903,-0.35,-11.2310929729922));
#5983=CARTESIAN_POINT('',(0.0246541879158563,-0.35,-11.2106536878263));
#5984=CARTESIAN_POINT('',(0.651602504764337,-0.35,-6.4332136393264));
#5985=CARTESIAN_POINT('',(0.3239571040759,-0.35,-11.2310929729922));
#5986=CARTESIAN_POINT('Origin',(-1.84258846323602,-0.35,-6.26288626294372));
#5987=CARTESIAN_POINT('Origin',(-1.84258846323602,-7.91705461995897,-6.26288626294372));
#5988=CARTESIAN_POINT('',(0.65160250476434,0.35,-6.4332136393264));
#5989=CARTESIAN_POINT('Origin',(-1.84258846323602,0.35,-6.26288626294372));
#5990=CARTESIAN_POINT('',(0.65160250476434,-7.91705461995897,-6.4332136393264));
#5991=CARTESIAN_POINT('Origin',(-2.85309635543968,-2.25,-7.9760760916741));
#5992=CARTESIAN_POINT('',(-2.99250168099191,-2.25,-7.6943372548557));
#5993=CARTESIAN_POINT('Origin',(-1.66618418390107,-2.25,6.79524423075122));
#5994=CARTESIAN_POINT('',(-2.32189962943296,-2.25,7.37270502202495));
#5995=CARTESIAN_POINT('Origin',(-2.99250168099191,-2.25,7.69434106047882));
#5996=CARTESIAN_POINT('',(-3.21424347853572,-2.25,7.24619981575564));
#5997=CARTESIAN_POINT('Origin',(-1.66618418390107,-2.25,-6.7952404251281));
#5998=CARTESIAN_POINT('',(-2.32189962943296,-2.25,-7.37270121640182));
#5999=CARTESIAN_POINT('Origin',(-2.75983448128986,-2.25,-7.78308767855908));
#6000=CARTESIAN_POINT('',(-2.71632361306621,-2.25,-7.69304988456998));
#6001=CARTESIAN_POINT('Origin',(-1.66618418390107,-2.25,-6.7952404251281));
#6002=CARTESIAN_POINT('',(-2.32189962943296,-2.25,-7.37270121640182));
#6003=CARTESIAN_POINT('Origin',(0.301629234835529,-7.91705461995897,-11.5580513925766));
#6004=CARTESIAN_POINT('',(0.3239571040759,0.35,-11.2310929729922));
#6005=CARTESIAN_POINT('Origin',(0.325526210015013,1.68051336735253E-15,
-11.208115751454));
#6006=CARTESIAN_POINT('',(0.301629234835529,0.35,-11.5580513925766));
#6007=CARTESIAN_POINT('Origin',(-2.96680586774547,1.68051336735253E-15,
-10.9832836146289));
#6008=CARTESIAN_POINT('',(-0.176042895924099,0.35,-11.1969481583874));
#6009=CARTESIAN_POINT('',(-2.96837497368458,0.35,-11.0062608361671));
#6010=CARTESIAN_POINT('Origin',(-0.17447378998499,1.68051336735253E-15,
-11.1739709368492));
#6011=CARTESIAN_POINT('Origin',(-0.200697083839955,-7.91705461995897,-11.5579720532483));
#6012=CARTESIAN_POINT('',(-0.200697083839955,0.35,-11.5579720532483));
#6013=CARTESIAN_POINT('Origin',(-2.99250168099191,-2.25,-7.6943372548557));
#6014=CARTESIAN_POINT('',(-3.21424347853572,-2.25,-7.24619601013252));
#6015=CARTESIAN_POINT('Origin',(-2.69713398612718,-2.25,7.70315801044581));
#6016=CARTESIAN_POINT('',(-2.44905611690983,-2.25,7.26904123951363));
#6017=CARTESIAN_POINT('Origin',(-2.85309635543968,-2.25,7.97607989729722));
#6018=CARTESIAN_POINT('Origin',(-2.69713398612718,-2.25,-7.70315420482268));
#6019=CARTESIAN_POINT('',(-2.44905611690983,-2.25,-7.26903743389051));
#6020=CARTESIAN_POINT('Origin',(-2.85309635543968,-2.25,-7.9760760916741));
#6021=CARTESIAN_POINT('',(-2.99250168099191,-2.25,-7.6943372548557));
#6022=CARTESIAN_POINT('Origin',(-2.69713398612718,-2.25,-7.70315420482268));
#6023=CARTESIAN_POINT('',(-2.44905611690983,-2.25,-7.26903743389051));
#6024=CARTESIAN_POINT('Origin',(-3.21424347853571,0.35,-8.16898164022989));
#6025=CARTESIAN_POINT('Origin',(-2.85309635543968,-2.25,-7.9760760916741));
#6026=CARTESIAN_POINT('Origin',(-2.99250168099191,-2.25,-7.6943372548557));
#6027=CARTESIAN_POINT('',(-3.21424347853572,-2.25,-7.24619601013252));
#6028=CARTESIAN_POINT('Origin',(-2.85309635543968,-2.25,-7.9760760916741));
#6029=CARTESIAN_POINT('',(0.,0.,0.));
#6030=CARTESIAN_POINT('Origin',(0.25,-0.25,1.5));
#6031=CARTESIAN_POINT('',(-0.249999999999998,-0.25,-5.5));
#6032=CARTESIAN_POINT('',(0.250000000000001,-0.25,-5.5));
#6033=CARTESIAN_POINT('',(5.55111512312578E-17,-0.25,-5.5));
#6034=CARTESIAN_POINT('',(0.25,-0.25,0.5));
#6035=CARTESIAN_POINT('',(0.250000000000001,-0.25,1.5));
#6036=CARTESIAN_POINT('',(-0.25,-0.25,0.5));
#6037=CARTESIAN_POINT('',(1.35317104743571E-15,-0.25,0.5));
#6038=CARTESIAN_POINT('',(-0.249999999999998,-0.25,1.5));
#6039=CARTESIAN_POINT('Origin',(0.,0.,0.5));
#6040=CARTESIAN_POINT('',(0.25,0.25,0.5));
#6041=CARTESIAN_POINT('',(0.25,4.16333634234435E-17,0.5));
#6042=CARTESIAN_POINT('',(-0.25,0.25,0.5));
#6043=CARTESIAN_POINT('',(-2.7755575615629E-17,0.25,0.5));
#6044=CARTESIAN_POINT('',(-0.25,-6.93889390390723E-17,0.5));
#6045=CARTESIAN_POINT('Origin',(0.25,0.25,1.5));
#6046=CARTESIAN_POINT('',(0.25,0.25,-5.5));
#6047=CARTESIAN_POINT('',(0.25,0.25,1.5));
#6048=CARTESIAN_POINT('',(0.25,4.16333634234435E-17,-5.5));
#6049=CARTESIAN_POINT('Origin',(-0.25,0.25,1.5));
#6050=CARTESIAN_POINT('',(-0.25,0.25,-5.5));
#6051=CARTESIAN_POINT('',(-0.25,0.25,1.5));
#6052=CARTESIAN_POINT('',(-2.7755575615629E-17,0.25,-5.5));
#6053=CARTESIAN_POINT('Origin',(-0.25,-0.25,1.5));
#6054=CARTESIAN_POINT('',(-0.25,-6.93889390390723E-17,-5.5));
#6055=CARTESIAN_POINT('Origin',(0.,0.,-5.5));
#6056=CARTESIAN_POINT('',(-2.54044371315053E-16,-6.1331736667335E-16,2.325));
#6057=CARTESIAN_POINT('',(-2.54044371315053E-16,-6.1331736667335E-16,8.55));
#6058=CARTESIAN_POINT('',(12.5,-4.58282898373667E-16,8.55));
#6059=CARTESIAN_POINT('',(1.79605122421383,-10.776307345283,2.5));
#6060=CARTESIAN_POINT('',(-2.54044371315053E-16,-6.1331736667335E-16,8.55));
#6061=CARTESIAN_POINT('',(-12.5,-4.58282898373667E-16,8.55));
#6062=CARTESIAN_POINT('',(3.59210244842767,-8.98025612106916,2.5));
#6063=CARTESIAN_POINT('',(1.79605122421383,-7.18420489685533,2.5));
#6064=CARTESIAN_POINT('',(1.79605122421383,7.18420489685533,2.5));
#6065=CARTESIAN_POINT('',(3.59210244842767,8.98025612106916,2.5));
#6066=CARTESIAN_POINT('',(1.79605122421383,10.776307345283,2.5));
#6067=CARTESIAN_POINT('',(-1.79605122421383,10.776307345283,2.5));
#6068=CARTESIAN_POINT('',(-3.59210244842767,8.98025612106916,2.5));
#6069=CARTESIAN_POINT('',(-1.79605122421383,7.18420489685533,2.5));
#6070=CARTESIAN_POINT('',(-1.79605122421383,-7.18420489685533,2.5));
#6071=CARTESIAN_POINT('',(-3.59210244842767,-8.98025612106916,2.5));
#6072=CARTESIAN_POINT('',(-1.79605122421383,-10.776307345283,2.5));
#6073=UNCERTAINTY_MEASURE_WITH_UNIT(LENGTH_MEASURE(0.01),#6085,
'DISTANCE_ACCURACY_VALUE',
'Maximum model space distance between geometric entities at asserted c
onnectivities');
#6074=UNCERTAINTY_MEASURE_WITH_UNIT(LENGTH_MEASURE(0.01),#6085,
'DISTANCE_ACCURACY_VALUE',
'Maximum model space distance between geometric entities at asserted c
onnectivities');
#6075=UNCERTAINTY_MEASURE_WITH_UNIT(LENGTH_MEASURE(0.01),#6085,
'DISTANCE_ACCURACY_VALUE',
'Maximum model space distance between geometric entities at asserted c
onnectivities');
#6076=UNCERTAINTY_MEASURE_WITH_UNIT(LENGTH_MEASURE(0.01),#6085,
'DISTANCE_ACCURACY_VALUE',
'Maximum model space distance between geometric entities at asserted c
onnectivities');
#6077=UNCERTAINTY_MEASURE_WITH_UNIT(LENGTH_MEASURE(0.01),#6085,
'DISTANCE_ACCURACY_VALUE',
'Maximum model space distance between geometric entities at asserted c
onnectivities');
#6078=UNCERTAINTY_MEASURE_WITH_UNIT(LENGTH_MEASURE(0.01),#6085,
'DISTANCE_ACCURACY_VALUE',
'Maximum model space distance between geometric entities at asserted c
onnectivities');
#6079=(
GEOMETRIC_REPRESENTATION_CONTEXT(3)
GLOBAL_UNCERTAINTY_ASSIGNED_CONTEXT((#6073))
GLOBAL_UNIT_ASSIGNED_CONTEXT((#6085,#6087,#6088))
REPRESENTATION_CONTEXT('','3D')
);
#6080=(
GEOMETRIC_REPRESENTATION_CONTEXT(3)
GLOBAL_UNCERTAINTY_ASSIGNED_CONTEXT((#6074))
GLOBAL_UNIT_ASSIGNED_CONTEXT((#6085,#6087,#6088))
REPRESENTATION_CONTEXT('','3D')
);
#6081=(
GEOMETRIC_REPRESENTATION_CONTEXT(3)
GLOBAL_UNCERTAINTY_ASSIGNED_CONTEXT((#6075))
GLOBAL_UNIT_ASSIGNED_CONTEXT((#6085,#6087,#6088))
REPRESENTATION_CONTEXT('','3D')
);
#6082=(
GEOMETRIC_REPRESENTATION_CONTEXT(3)
GLOBAL_UNCERTAINTY_ASSIGNED_CONTEXT((#6076))
GLOBAL_UNIT_ASSIGNED_CONTEXT((#6085,#6087,#6088))
REPRESENTATION_CONTEXT('','3D')
);
#6083=(
GEOMETRIC_REPRESENTATION_CONTEXT(3)
GLOBAL_UNCERTAINTY_ASSIGNED_CONTEXT((#6077))
GLOBAL_UNIT_ASSIGNED_CONTEXT((#6085,#6087,#6088))
REPRESENTATION_CONTEXT('','3D')
);
#6084=(
GEOMETRIC_REPRESENTATION_CONTEXT(3)
GLOBAL_UNCERTAINTY_ASSIGNED_CONTEXT((#6078))
GLOBAL_UNIT_ASSIGNED_CONTEXT((#6085,#6087,#6088))
REPRESENTATION_CONTEXT('','3D')
);
#6085=(
LENGTH_UNIT()
NAMED_UNIT(*)
SI_UNIT(.MILLI.,.METRE.)
);
#6086=(
LENGTH_UNIT()
NAMED_UNIT(*)
SI_UNIT($,.METRE.)
);
#6087=(
NAMED_UNIT(*)
PLANE_ANGLE_UNIT()
SI_UNIT($,.RADIAN.)
);
#6088=(
NAMED_UNIT(*)
SI_UNIT($,.STERADIAN.)
SOLID_ANGLE_UNIT()
);
#6089=SHAPE_DEFINITION_REPRESENTATION(#6094,#6116);
#6090=SHAPE_DEFINITION_REPRESENTATION(#6095,#6117);
#6091=SHAPE_DEFINITION_REPRESENTATION(#6096,#6118);
#6092=SHAPE_DEFINITION_REPRESENTATION(#6097,#6119);
#6093=SHAPE_DEFINITION_REPRESENTATION(#6098,#6120);
#6094=PRODUCT_DEFINITION_SHAPE('',$,#6122);
#6095=PRODUCT_DEFINITION_SHAPE('',$,#6123);
#6096=PRODUCT_DEFINITION_SHAPE('',$,#6124);
#6097=PRODUCT_DEFINITION_SHAPE('',$,#6125);
#6098=PRODUCT_DEFINITION_SHAPE('',$,#6126);
#6099=PRODUCT_DEFINITION_SHAPE($,$,#62);
#6100=PRODUCT_DEFINITION_SHAPE($,$,#63);
#6101=PRODUCT_DEFINITION_SHAPE($,$,#64);
#6102=PRODUCT_DEFINITION_SHAPE($,$,#65);
#6103=PRODUCT_DEFINITION_SHAPE($,$,#66);
#6104=PRODUCT_DEFINITION_SHAPE($,$,#67);
#6105=PRODUCT_DEFINITION_SHAPE($,$,#68);
#6106=PRODUCT_DEFINITION_SHAPE($,$,#69);
#6107=PRODUCT_DEFINITION_SHAPE($,$,#70);
#6108=PRODUCT_DEFINITION_SHAPE($,$,#71);
#6109=PRODUCT_DEFINITION_SHAPE($,$,#72);
#6110=PRODUCT_DEFINITION_SHAPE($,$,#73);
#6111=PRODUCT_DEFINITION_SHAPE($,$,#74);
#6112=PRODUCT_DEFINITION_SHAPE($,$,#75);
#6113=PRODUCT_DEFINITION_SHAPE($,$,#76);
#6114=PRODUCT_DEFINITION_SHAPE($,$,#77);
#6115=PRODUCT_DEFINITION_SHAPE($,$,#78);
#6116=SHAPE_REPRESENTATION('',(#3537,#3902,#3903,#3904,#3905,#3906,#3907,
#3908,#3909,#3910,#3911,#3912,#3913,#3914,#3915,#3916,#3917,#3918),#6079);
#6117=SHAPE_REPRESENTATION('',(#3538),#6080);
#6118=SHAPE_REPRESENTATION('',(#3660),#6081);
#6119=SHAPE_REPRESENTATION('',(#3770),#6082);
#6120=SHAPE_REPRESENTATION('',(#3895),#6083);
#6121=PRODUCT_DEFINITION_CONTEXT('part definition',#6138,'design');
#6122=PRODUCT_DEFINITION('RM8S','RM8S v1',#6127,#6121);
#6123=PRODUCT_DEFINITION('RM8_bobbin','RM8_bobbin',#6128,#6121);
#6124=PRODUCT_DEFINITION('RM8_ferrite_B','RM8_ferrite_B',#6129,#6121);
#6125=PRODUCT_DEFINITION('RM8_clip','RM8_clip',#6130,#6121);
#6126=PRODUCT_DEFINITION('RM8_pin','RM8_pin',#6131,#6121);
#6127=PRODUCT_DEFINITION_FORMATION('',$,#6140);
#6128=PRODUCT_DEFINITION_FORMATION('',$,#6141);
#6129=PRODUCT_DEFINITION_FORMATION('',$,#6142);
#6130=PRODUCT_DEFINITION_FORMATION('',$,#6143);
#6131=PRODUCT_DEFINITION_FORMATION('',$,#6144);
#6132=PRODUCT_RELATED_PRODUCT_CATEGORY('RM8S v1','RM8S v1',(#6140));
#6133=PRODUCT_RELATED_PRODUCT_CATEGORY('RM8_bobbin','RM8_bobbin',(#6141));
#6134=PRODUCT_RELATED_PRODUCT_CATEGORY('RM8_ferrite_B','RM8_ferrite_B',
(#6142));
#6135=PRODUCT_RELATED_PRODUCT_CATEGORY('RM8_clip','RM8_clip',(#6143));
#6136=PRODUCT_RELATED_PRODUCT_CATEGORY('RM8_pin','RM8_pin',(#6144));
#6137=APPLICATION_PROTOCOL_DEFINITION('international standard',
'automotive_design',2009,#6138);
#6138=APPLICATION_CONTEXT(
'Core Data for Automotive Mechanical Design Process');
#6139=PRODUCT_CONTEXT('part definition',#6138,'mechanical');
#6140=PRODUCT('RM8S','RM8S v1','Unknown',(#6139));
#6141=PRODUCT('RM8_bobbin','RM8_bobbin','RM8_bobbin',(#6139));
#6142=PRODUCT('RM8_ferrite_B','RM8_ferrite_B','RM8_ferrite_B',(#6139));
#6143=PRODUCT('RM8_clip','RM8_clip','RM8_clip',(#6139));
#6144=PRODUCT('RM8_pin','RM8_pin','RM8_pin',(#6139));
#6145=PRESENTATION_STYLE_ASSIGNMENT((#6149));
#6146=PRESENTATION_STYLE_ASSIGNMENT((#6150));
#6147=PRESENTATION_STYLE_ASSIGNMENT((#6151));
#6148=PRESENTATION_STYLE_ASSIGNMENT((#6152));
#6149=SURFACE_STYLE_USAGE(.BOTH.,#6153);
#6150=SURFACE_STYLE_USAGE(.BOTH.,#6154);
#6151=SURFACE_STYLE_USAGE(.BOTH.,#6155);
#6152=SURFACE_STYLE_USAGE(.BOTH.,#6156);
#6153=SURFACE_SIDE_STYLE('',(#6157));
#6154=SURFACE_SIDE_STYLE('',(#6158));
#6155=SURFACE_SIDE_STYLE('',(#6159));
#6156=SURFACE_SIDE_STYLE('',(#6160));
#6157=SURFACE_STYLE_FILL_AREA(#6161);
#6158=SURFACE_STYLE_FILL_AREA(#6162);
#6159=SURFACE_STYLE_FILL_AREA(#6163);
#6160=SURFACE_STYLE_FILL_AREA(#6164);
#6161=FILL_AREA_STYLE('Steel - Satin',(#6165));
#6162=FILL_AREA_STYLE('Nylon 12 (with Formlabs Fuse 1 3D Printer)',(#6166));
#6163=FILL_AREA_STYLE('Opaque(51,51,51)',(#6167));
#6164=FILL_AREA_STYLE('Opaque(178,178,178)',(#6168));
#6165=FILL_AREA_STYLE_COLOUR('Steel - Satin',#6169);
#6166=FILL_AREA_STYLE_COLOUR(
'Nylon 12 (with Formlabs Fuse 1 3D Printer)',#6170);
#6167=FILL_AREA_STYLE_COLOUR('Opaque(51,51,51)',#6171);
#6168=FILL_AREA_STYLE_COLOUR('Opaque(178,178,178)',#6172);
#6169=COLOUR_RGB('Steel - Satin',0.627450980392157,0.627450980392157,0.627450980392157);
#6170=COLOUR_RGB('Nylon 12 (with Formlabs Fuse 1 3D Printer)',0.247058823529412,
0.247058823529412,0.247058823529412);
#6171=COLOUR_RGB('Opaque(51,51,51)',0.2,0.2,0.2);
#6172=COLOUR_RGB('Opaque(178,178,178)',0.698039215686274,0.698039215686274,
0.698039215686274);
ENDSEC;
END-ISO-10303-21;
